#VRML V2.0 utf8
# 3D model generated by easyeda2kicad.py (https://github.com/uPesy/easyeda2kicad.py)

Shape{
    appearance Appearance {
        material  Material 	{
            diffuseColor 0.2196078431372549 0.2196078431372549 0.2196078431372549
            specularColor 0.7529411764705882 0.7529411764705882 0.7529411764705882
            ambientIntensity 1.0
            transparency 1.0
            shininess 0.5
        }
    }
    geometry IndexedFaceSet {
        ccw TRUE
        solid FALSE
        coord DEF co Coordinate {
            point [
                3.8681 0.1791 0.6654, 3.8681 0.1791 0.4095, 3.8681 -0.2026 0.4095, 3.8681 -0.2026 0.6654, 3.809 -0.2026 0.4095, 3.809 -0.2026 0.6654, 3.809 0.1791 0.4095, 3.809 0.1791 0.6654, 4.3307 -1.1422 0.9209, -4.3307 -1.1437 0.9055, 4.3307 -1.1437 0.9055, 4.3307 -1.1206 0.9612, -4.3307 -1.1304 0.9493, 4.3307 -1.1304 0.9493, 4.3307 -1.1377 0.9356, -4.3307 -1.1377 0.9356, -4.3307 -1.1422 0.9209, -4.3307 -1.0951 0.9783, 4.3307 -1.0951 0.9783, 4.3307 -1.0803 0.9827, -4.3307 -1.1206 0.9612, 4.3307 -1.1087 0.971, -4.3307 -1.1087 0.971, 4.3307 -1.065 0.9843, -4.3307 -1.0803 0.9827, -4.3307 -1.065 0.9843, -4.0355 -1.1437 0.4961, -4.1142 0.1095 0.4961, -4.0355 0.1791 0.4961, -4.4882 0.1095 0.4961, -4.3307 -0.6358 0.4961, -4.1142 0.1791 0.4961, -4.4882 -0.6358 0.4961, -4.3307 -1.1437 0.4961, -4.3307 -0.6358 0.6654, -4.4882 -0.6358 0.6654, -4.4882 0.1095 0.6654, -4.1142 0.1095 0.6654, -4.1142 0.1791 0.6654, 4.4882 0.1095 0.4961, 4.4882 -0.6358 0.4961, 4.3307 -0.6358 0.4961, 4.1142 0.1095 0.4961, 4.0354 -1.1437 0.4961, 4.0354 0.1791 0.4961, 4.1142 0.1791 0.4961, 4.3307 -1.1437 0.4961, 4.1142 0.1095 0.6654, 4.1142 0.1791 0.6654, 4.4882 0.1095 0.6654, 4.4882 -0.6358 0.6654, 4.3307 -0.6358 0.6654, -3.8091 0.1791 0.6654, -3.8091 0.1791 0.4095, -3.8091 -0.2026 0.4095, -3.8091 -0.2026 0.6654, -3.8681 0.1791 0.4095, -3.8681 -0.2026 0.6654, -3.8681 -0.2026 0.4095, -3.8681 0.1791 0.6654, -4.0355 0.1791 0.4095, -4.0355 -1.1437 0.4095, 4.0354 -1.1437 0.4095, 4.0354 0.1791 0.4095, 4.3307 -0.2026 0.6654, 4.3307 -0.3445 0.9843, -4.3307 -0.3445 0.9843, -4.3307 -0.2026 0.6654, -3.6122 0.1791 0.4095, -3.4744 0.1791 0.4095, -3.4744 -0.2026 0.4095, -3.6122 -0.2026 0.4095, -3.2776 -0.2026 0.4095, -3.4154 0.1791 0.4095, -3.2776 0.1791 0.4095, -3.6713 -0.2026 0.4095, -3.6713 0.1791 0.4095, -3.4154 -0.2026 0.4095, -3.0807 0.1791 0.4095, -3.0807 -0.2026 0.4095, -3.2185 0.1791 0.4095, -3.2185 -0.2026 0.4095, -2.8839 0.1791 0.4095, -2.8839 -0.2026 0.4095, -3.0217 0.1791 0.4095, -3.0217 -0.2026 0.4095, -2.8248 -0.2026 0.4095, -2.687 -0.2026 0.4095, -2.687 0.1791 0.4095, -2.8248 0.1791 0.4095, -2.628 -0.2026 0.4095, -2.4902 0.1791 0.4095, -2.4902 -0.2026 0.4095, -2.628 0.1791 0.4095, -1.7028 -0.2026 0.4095, -1.6437 -0.2026 0.4095, -2.4311 -0.2026 0.4095, -2.2933 0.1791 0.4095, -2.2933 -0.2026 0.4095, -2.4311 0.1791 0.4095, -2.2343 -0.2026 0.4095, -2.0965 0.1791 0.4095, -2.0965 -0.2026 0.4095, -2.2343 0.1791 0.4095, -2.0374 -0.2026 0.4095, -1.8996 0.1791 0.4095, -1.8996 -0.2026 0.4095, -2.0374 0.1791 0.4095, -1.8406 -0.2026 0.4095, -1.7028 0.1791 0.4095, -1.8406 0.1791 0.4095, -1.5059 0.1791 0.4095, -1.5059 -0.2026 0.4095, -1.6437 0.1791 0.4095, -1.4469 -0.2026 0.4095, -1.3091 0.1791 0.4095, -1.3091 -0.2026 0.4095, -1.4469 0.1791 0.4095, -1.25 -0.2026 0.4095, -1.1122 0.1791 0.4095, -1.1122 -0.2026 0.4095, -1.25 0.1791 0.4095, -1.0532 -0.2026 0.4095, -0.9154 0.1791 0.4095, -0.9154 -0.2026 0.4095, -1.0532 0.1791 0.4095, -0.8563 -0.2026 0.4095, -0.7185 -0.2026 0.4095, -0.7185 0.1791 0.4095, -0.8563 0.1791 0.4095, -0.6595 -0.2026 0.4095, -0.5217 0.1791 0.4095, -0.5217 -0.2026 0.4095, -0.6595 0.1791 0.4095, -0.4626 -0.2026 0.4095, -0.3248 -0.2026 0.4095, -0.3248 0.1791 0.4095, -0.4626 0.1791 0.4095, -0.2658 -0.2026 0.4095, -0.128 0.1791 0.4095, -0.128 -0.2026 0.4095, -0.2658 0.1791 0.4095, -0.0689 -0.2026 0.4095, 0.0689 0.1791 0.4095, 0.0689 -0.2026 0.4095, -0.0689 0.1791 0.4095, 0.1279 -0.2026 0.4095, 0.2657 0.1791 0.4095, 0.2657 -0.2026 0.4095, 0.1279 0.1791 0.4095, 0.4626 0.1791 0.4095, 0.4626 -0.2026 0.4095, 0.3248 0.1791 0.4095, 0.3248 -0.2026 0.4095, 0.5216 -0.2026 0.4095, 0.6594 0.1791 0.4095, 0.6594 -0.2026 0.4095, 0.5216 0.1791 0.4095, 0.8563 0.1791 0.4095, 0.8563 -0.2026 0.4095, 0.7185 0.1791 0.4095, 1.6437 -0.2026 0.4095, 1.5059 -0.2026 0.4095, 0.7185 -0.2026 0.4095, 1.0531 0.1791 0.4095, 1.0531 -0.2026 0.4095, 0.9153 0.1791 0.4095, 0.9153 -0.2026 0.4095, 1.25 0.1791 0.4095, 1.25 -0.2026 0.4095, 1.1122 0.1791 0.4095, 1.1122 -0.2026 0.4095, 1.4468 0.1791 0.4095, 1.4468 -0.2026 0.4095, 1.309 0.1791 0.4095, 1.309 -0.2026 0.4095, 1.6437 0.1791 0.4095, 1.5059 0.1791 0.4095, 1.8405 0.1791 0.4095, 1.8405 -0.2026 0.4095, 1.7027 0.1791 0.4095, 1.7027 -0.2026 0.4095, 2.0374 0.1791 0.4095, 2.0374 -0.2026 0.4095, 1.8996 0.1791 0.4095, 1.8996 -0.2026 0.4095, 2.2342 0.1791 0.4095, 2.2342 -0.2026 0.4095, 2.0964 0.1791 0.4095, 2.2933 -0.2026 0.4095, 2.4311 -0.2026 0.4095, 2.0964 -0.2026 0.4095, 2.4311 0.1791 0.4095, 2.2933 0.1791 0.4095, 2.4901 -0.2026 0.4095, 2.6279 0.1791 0.4095, 2.6279 -0.2026 0.4095, 2.4901 0.1791 0.4095, 2.8248 0.1791 0.4095, 2.8248 -0.2026 0.4095, 2.687 0.1791 0.4095, 2.687 -0.2026 0.4095, 2.8838 -0.2026 0.4095, 3.0216 0.1791 0.4095, 3.0216 -0.2026 0.4095, 2.8838 0.1791 0.4095, 3.2185 0.1791 0.4095, 3.2185 -0.2026 0.4095, 3.0807 0.1791 0.4095, 3.0807 -0.2026 0.4095, 3.4153 0.1791 0.4095, 3.4153 -0.2026 0.4095, 3.2775 0.1791 0.4095, 3.2775 -0.2026 0.4095, 3.6122 0.1791 0.4095, 3.6122 -0.2026 0.4095, 3.4744 0.1791 0.4095, 3.6712 -0.2026 0.4095, 3.4744 -0.2026 0.4095, 3.6712 0.1791 0.4095, 3.6712 -0.2026 0.6654, 3.6122 -0.2026 0.6654, 3.4744 -0.2026 0.6654, 3.4153 -0.2026 0.6654, 3.2775 -0.2026 0.6654, 3.2185 -0.2026 0.6654, 3.0807 -0.2026 0.6654, 3.0216 -0.2026 0.6654, 2.8838 -0.2026 0.6654, 2.8248 -0.2026 0.6654, 2.687 -0.2026 0.6654, 2.6279 -0.2026 0.6654, 2.4901 -0.2026 0.6654, 2.4311 -0.2026 0.6654, 2.2933 -0.2026 0.6654, 2.2342 -0.2026 0.6654, 2.0964 -0.2026 0.6654, 2.0374 -0.2026 0.6654, 1.8996 -0.2026 0.6654, 1.8405 -0.2026 0.6654, 1.7027 -0.2026 0.6654, 1.6437 -0.2026 0.6654, 1.5059 -0.2026 0.6654, 1.4468 -0.2026 0.6654, 1.309 -0.2026 0.6654, 1.25 -0.2026 0.6654, 1.1122 -0.2026 0.6654, 1.0531 -0.2026 0.6654, 0.9153 -0.2026 0.6654, 0.8563 -0.2026 0.6654, 0.7185 -0.2026 0.6654, 0.6594 -0.2026 0.6654, 0.5216 -0.2026 0.6654, 0.4626 -0.2026 0.6654, 0.3248 -0.2026 0.6654, 0.2657 -0.2026 0.6654, 0.1279 -0.2026 0.6654, 0.0689 -0.2026 0.6654, -0.0689 -0.2026 0.6654, -0.128 -0.2026 0.6654, -0.2658 -0.2026 0.6654, -0.3248 -0.2026 0.6654, -0.4626 -0.2026 0.6654, -0.5217 -0.2026 0.6654, -0.6595 -0.2026 0.6654, -0.7185 -0.2026 0.6654, -0.8563 -0.2026 0.6654, -0.9154 -0.2026 0.6654, -1.0532 -0.2026 0.6654, -1.1122 -0.2026 0.6654, -1.25 -0.2026 0.6654, -1.3091 -0.2026 0.6654, -1.4469 -0.2026 0.6654, -1.5059 -0.2026 0.6654, -1.6437 -0.2026 0.6654, -1.7028 -0.2026 0.6654, -1.8406 -0.2026 0.6654, -1.8996 -0.2026 0.6654, -2.0374 -0.2026 0.6654, -2.0965 -0.2026 0.6654, -2.2343 -0.2026 0.6654, -2.2933 -0.2026 0.6654, -2.4311 -0.2026 0.6654, -2.4902 -0.2026 0.6654, -2.628 -0.2026 0.6654, -2.687 -0.2026 0.6654, -2.8248 -0.2026 0.6654, -2.8839 -0.2026 0.6654, -3.0217 -0.2026 0.6654, -3.0807 -0.2026 0.6654, -3.2185 -0.2026 0.6654, -3.2776 -0.2026 0.6654, -3.4154 -0.2026 0.6654, -3.4744 -0.2026 0.6654, -3.6122 -0.2026 0.6654, -3.6713 -0.2026 0.6654, 3.6712 0.1791 0.6654, 3.4744 0.1791 0.6654, 3.6122 0.1791 0.6654, 3.2775 0.1791 0.6654, 3.4153 0.1791 0.6654, 3.0807 0.1791 0.6654, 3.2185 0.1791 0.6654, 2.8838 0.1791 0.6654, 3.0216 0.1791 0.6654, 2.687 0.1791 0.6654, 2.8248 0.1791 0.6654, 2.4901 0.1791 0.6654, 2.6279 0.1791 0.6654, 2.2933 0.1791 0.6654, 2.4311 0.1791 0.6654, 2.0964 0.1791 0.6654, 2.2342 0.1791 0.6654, 1.8996 0.1791 0.6654, 2.0374 0.1791 0.6654, 1.7027 0.1791 0.6654, 1.8405 0.1791 0.6654, 1.5059 0.1791 0.6654, 1.6437 0.1791 0.6654, 1.309 0.1791 0.6654, 1.4468 0.1791 0.6654, 1.1122 0.1791 0.6654, 1.25 0.1791 0.6654, 0.9153 0.1791 0.6654, 1.0531 0.1791 0.6654, 0.7185 0.1791 0.6654, 0.8563 0.1791 0.6654, 0.5216 0.1791 0.6654, 0.6594 0.1791 0.6654, 0.3248 0.1791 0.6654, 0.4626 0.1791 0.6654, 0.1279 0.1791 0.6654, 0.2657 0.1791 0.6654, -0.0689 0.1791 0.6654, 0.0689 0.1791 0.6654, -0.2658 0.1791 0.6654, -0.128 0.1791 0.6654, -0.4626 0.1791 0.6654, -0.3248 0.1791 0.6654, -0.6595 0.1791 0.6654, -0.5217 0.1791 0.6654, -0.8563 0.1791 0.6654, -0.7185 0.1791 0.6654, -1.0532 0.1791 0.6654, -0.9154 0.1791 0.6654, -1.25 0.1791 0.6654, -1.1122 0.1791 0.6654, -1.4469 0.1791 0.6654, -1.3091 0.1791 0.6654, -1.6437 0.1791 0.6654, -1.5059 0.1791 0.6654, -1.8406 0.1791 0.6654, -1.7028 0.1791 0.6654, -2.0374 0.1791 0.6654, -1.8996 0.1791 0.6654, -2.2343 0.1791 0.6654, -2.0965 0.1791 0.6654, -2.4311 0.1791 0.6654, -2.2933 0.1791 0.6654, -2.628 0.1791 0.6654, -2.4902 0.1791 0.6654, -2.8248 0.1791 0.6654, -2.687 0.1791 0.6654, -3.0217 0.1791 0.6654, -2.8839 0.1791 0.6654, -3.2185 0.1791 0.6654, -3.0807 0.1791 0.6654, -3.4154 0.1791 0.6654, -3.2776 0.1791 0.6654, -3.6122 0.1791 0.6654, -3.4744 0.1791 0.6654, -3.6713 0.1791 0.6654
            ]
        }
        coordIndex [
            0,1,2,-1,2,3,0,-1,3,2,4,-1,4,5,3,-1,6,5,4,-1,6,7,5,-1,8,9,10,-1,11,12,13,-1,14,15,16,-1,17,18,19,-1,20,21,22,-1,23,24,19,-1,17,19,24,-1,25,24,23,-1,21,18,22,-1,22,18,17,-1,20,12,11,-1,20,11,21,-1,13,15,14,-1,12,15,13,-1,8,16,9,-1,14,16,8,-1,26,27,28,-1,29,27,30,-1,27,31,28,-1,30,32,29,-1,33,30,26,-1,26,30,27,-1,32,34,35,-1,32,30,34,-1,35,29,32,-1,35,36,29,-1,37,29,36,-1,37,27,29,-1,37,38,31,-1,31,27,37,-1,39,40,41,-1,42,43,44,-1,45,42,44,-1,39,41,42,-1,41,46,43,-1,41,43,42,-1,47,45,48,-1,45,47,42,-1,42,49,39,-1,49,42,47,-1,50,40,39,-1,50,39,49,-1,41,40,50,-1,41,50,51,-1,52,53,54,-1,54,55,52,-1,56,57,58,-1,56,59,57,-1,28,38,59,-1,56,60,28,-1,28,31,38,-1,56,28,59,-1,61,28,60,-1,28,61,26,-1,9,26,10,-1,26,9,33,-1,62,43,61,-1,10,26,43,-1,61,43,26,-1,43,46,10,-1,62,63,44,-1,44,43,62,-1,55,54,58,-1,58,57,55,-1,64,65,51,-1,51,65,23,-1,51,46,41,-1,19,18,23,-1,21,23,18,-1,23,11,13,-1,21,11,23,-1,23,14,8,-1,13,14,23,-1,8,10,23,-1,23,10,51,-1,51,10,46,-1,25,23,65,-1,25,65,66,-1,34,66,67,-1,25,17,24,-1,30,33,34,-1,22,17,25,-1,34,25,66,-1,20,25,12,-1,20,22,25,-1,15,25,16,-1,15,12,25,-1,25,34,9,-1,9,16,25,-1,9,34,33,-1,59,37,57,-1,35,34,67,-1,36,35,67,-1,37,36,67,-1,38,37,59,-1,67,57,37,-1,68,69,70,-1,70,61,71,-1,72,73,74,-1,60,58,61,-1,68,70,71,-1,75,53,76,-1,72,61,77,-1,70,77,61,-1,78,79,80,-1,73,72,77,-1,79,61,81,-1,72,81,61,-1,82,83,84,-1,80,79,81,-1,83,61,85,-1,61,86,87,-1,88,87,89,-1,84,83,85,-1,86,61,83,-1,61,87,90,-1,91,92,93,-1,89,87,86,-1,61,94,95,-1,96,61,92,-1,97,98,99,-1,93,92,90,-1,61,96,98,-1,61,98,100,-1,101,102,103,-1,99,98,96,-1,61,100,102,-1,104,61,102,-1,105,106,107,-1,103,102,100,-1,61,104,106,-1,61,108,94,-1,109,94,110,-1,107,106,104,-1,108,61,106,-1,92,61,90,-1,111,112,113,-1,110,94,108,-1,112,61,95,-1,114,61,112,-1,115,116,117,-1,113,112,95,-1,61,114,116,-1,61,116,118,-1,119,120,121,-1,117,116,114,-1,61,118,120,-1,122,61,120,-1,123,124,125,-1,121,120,118,-1,61,122,124,-1,61,126,127,-1,128,127,129,-1,125,124,122,-1,126,61,124,-1,130,61,127,-1,131,132,133,-1,129,127,126,-1,132,61,130,-1,61,134,135,-1,136,135,137,-1,133,132,130,-1,134,61,132,-1,61,135,138,-1,139,140,141,-1,137,135,134,-1,61,138,140,-1,142,61,140,-1,143,144,145,-1,141,140,138,-1,62,61,142,-1,146,62,144,-1,147,148,149,-1,145,144,142,-1,142,144,62,-1,148,62,146,-1,150,151,152,-1,149,148,146,-1,148,153,62,-1,154,62,151,-1,155,156,157,-1,152,151,153,-1,153,151,62,-1,156,62,154,-1,158,159,160,-1,157,156,154,-1,161,62,162,-1,163,159,62,-1,164,165,166,-1,160,159,163,-1,167,62,159,-1,165,62,167,-1,168,169,170,-1,166,165,167,-1,171,62,165,-1,171,169,62,-1,172,173,174,-1,170,169,171,-1,175,62,169,-1,162,62,173,-1,176,161,177,-1,174,173,175,-1,175,173,62,-1,156,163,62,-1,178,179,180,-1,177,161,162,-1,62,161,181,-1,181,179,62,-1,182,183,184,-1,180,179,181,-1,185,62,179,-1,183,62,185,-1,186,187,188,-1,184,183,185,-1,189,190,62,-1,191,187,62,-1,192,190,193,-1,188,187,191,-1,189,62,187,-1,194,62,190,-1,195,196,197,-1,193,190,189,-1,183,191,62,-1,62,194,196,-1,198,199,200,-1,197,196,194,-1,196,201,62,-1,202,62,199,-1,203,204,205,-1,200,199,201,-1,201,199,62,-1,204,62,202,-1,206,207,208,-1,205,204,202,-1,62,204,209,-1,209,207,62,-1,210,211,212,-1,208,207,209,-1,213,62,207,-1,211,62,213,-1,214,215,216,-1,212,211,213,-1,217,4,62,-1,218,215,62,-1,6,4,219,-1,216,215,218,-1,217,62,215,-1,2,62,4,-1,1,63,2,-1,219,4,217,-1,211,218,62,-1,62,2,63,-1,79,85,61,-1,56,58,60,-1,54,61,58,-1,75,61,54,-1,75,54,53,-1,71,61,75,-1,57,67,66,-1,3,65,64,-1,65,220,221,-1,5,65,3,-1,220,65,5,-1,221,222,65,-1,65,222,223,-1,65,223,224,-1,65,224,225,-1,65,225,226,-1,65,226,227,-1,65,227,228,-1,65,228,229,-1,65,229,230,-1,65,230,231,-1,65,231,232,-1,65,232,233,-1,65,233,234,-1,65,234,235,-1,65,235,236,-1,65,236,237,-1,65,237,238,-1,65,238,239,-1,65,239,240,-1,65,240,241,-1,65,241,242,-1,65,242,243,-1,65,243,244,-1,65,244,245,-1,65,245,246,-1,65,246,247,-1,65,247,248,-1,65,248,249,-1,65,249,250,-1,65,250,251,-1,65,251,252,-1,65,252,253,-1,65,253,254,-1,65,254,255,-1,65,255,256,-1,65,256,257,-1,65,257,258,-1,66,65,258,-1,259,66,258,-1,260,66,259,-1,261,66,260,-1,262,66,261,-1,263,66,262,-1,264,66,263,-1,265,66,264,-1,266,66,265,-1,267,66,266,-1,268,66,267,-1,269,66,268,-1,270,66,269,-1,271,66,270,-1,272,66,271,-1,273,66,272,-1,274,66,273,-1,275,66,274,-1,276,66,275,-1,277,66,276,-1,278,66,277,-1,279,66,278,-1,280,66,279,-1,281,66,280,-1,282,66,281,-1,283,66,282,-1,284,66,283,-1,285,66,284,-1,286,66,285,-1,287,66,286,-1,288,66,287,-1,289,66,288,-1,290,66,289,-1,291,66,290,-1,292,66,291,-1,293,66,292,-1,294,66,293,-1,295,66,294,-1,55,66,295,-1,57,66,55,-1,296,220,5,-1,5,7,296,-1,0,3,47,-1,47,48,0,-1,64,51,50,-1,47,64,49,-1,50,49,64,-1,64,47,3,-1,297,222,221,-1,221,298,297,-1,299,224,223,-1,223,300,299,-1,301,226,225,-1,225,302,301,-1,303,228,227,-1,227,304,303,-1,305,230,229,-1,229,306,305,-1,307,232,231,-1,231,308,307,-1,309,234,233,-1,233,310,309,-1,311,236,235,-1,235,312,311,-1,313,238,237,-1,237,314,313,-1,315,240,239,-1,239,316,315,-1,317,242,241,-1,241,318,317,-1,319,244,243,-1,243,320,319,-1,321,246,245,-1,245,322,321,-1,323,248,247,-1,247,324,323,-1,325,250,249,-1,249,326,325,-1,327,252,251,-1,251,328,327,-1,329,254,253,-1,253,330,329,-1,331,256,255,-1,255,332,331,-1,333,258,257,-1,257,334,333,-1,335,260,259,-1,259,336,335,-1,337,262,261,-1,261,338,337,-1,339,264,263,-1,263,340,339,-1,341,266,265,-1,265,342,341,-1,343,268,267,-1,267,344,343,-1,345,270,269,-1,269,346,345,-1,347,272,271,-1,271,348,347,-1,349,274,273,-1,273,350,349,-1,351,276,275,-1,275,352,351,-1,353,278,277,-1,277,354,353,-1,355,280,279,-1,279,356,355,-1,357,282,281,-1,281,358,357,-1,359,284,283,-1,283,360,359,-1,361,286,285,-1,285,362,361,-1,363,288,287,-1,287,364,363,-1,365,290,289,-1,289,366,365,-1,367,292,291,-1,291,368,367,-1,369,294,293,-1,293,370,369,-1,52,295,371,-1,52,55,295,-1,219,7,6,-1,7,219,296,-1,44,48,45,-1,1,0,44,-1,48,44,0,-1,44,63,1,-1,216,298,214,-1,298,216,297,-1,212,300,210,-1,300,212,299,-1,208,302,206,-1,302,208,301,-1,205,304,203,-1,304,205,303,-1,200,306,198,-1,306,200,305,-1,197,308,195,-1,308,197,307,-1,193,310,192,-1,310,193,309,-1,188,312,186,-1,312,188,311,-1,184,314,182,-1,314,184,313,-1,180,316,178,-1,316,180,315,-1,177,318,176,-1,318,177,317,-1,174,320,172,-1,320,174,319,-1,170,322,168,-1,322,170,321,-1,166,324,164,-1,324,166,323,-1,160,326,158,-1,326,160,325,-1,157,328,155,-1,328,157,327,-1,152,330,150,-1,330,152,329,-1,149,332,147,-1,332,149,331,-1,145,334,143,-1,334,145,333,-1,141,336,139,-1,336,141,335,-1,137,338,136,-1,338,137,337,-1,133,340,131,-1,340,133,339,-1,129,342,128,-1,342,129,341,-1,125,344,123,-1,344,125,343,-1,121,346,119,-1,346,121,345,-1,117,348,115,-1,348,117,347,-1,113,350,111,-1,350,113,349,-1,110,352,109,-1,352,110,351,-1,107,354,105,-1,354,107,353,-1,103,356,101,-1,356,103,355,-1,99,358,97,-1,358,99,357,-1,93,360,91,-1,360,93,359,-1,89,362,88,-1,362,89,361,-1,84,364,82,-1,364,84,363,-1,80,366,78,-1,366,80,365,-1,73,368,74,-1,368,73,367,-1,68,370,69,-1,370,68,369,-1,371,76,53,-1,371,53,52,-1,214,221,215,-1,214,298,221,-1,220,217,215,-1,215,221,220,-1,296,219,217,-1,217,220,296,-1,210,223,211,-1,210,300,223,-1,222,218,211,-1,211,223,222,-1,297,216,218,-1,218,222,297,-1,206,225,207,-1,206,302,225,-1,224,213,207,-1,207,225,224,-1,299,212,213,-1,213,224,299,-1,203,227,204,-1,203,304,227,-1,226,209,204,-1,204,227,226,-1,301,208,209,-1,209,226,301,-1,198,229,199,-1,198,306,229,-1,228,202,199,-1,199,229,228,-1,303,205,202,-1,202,228,303,-1,195,231,196,-1,195,308,231,-1,230,201,196,-1,196,231,230,-1,305,200,201,-1,201,230,305,-1,307,197,194,-1,194,232,307,-1,232,194,190,-1,190,233,232,-1,192,233,190,-1,192,310,233,-1,309,193,189,-1,189,234,309,-1,234,189,187,-1,187,235,234,-1,186,235,187,-1,186,312,235,-1,311,188,191,-1,191,236,311,-1,236,191,183,-1,183,237,236,-1,182,237,183,-1,182,314,237,-1,313,184,185,-1,185,238,313,-1,238,185,179,-1,179,239,238,-1,178,239,179,-1,178,316,239,-1,315,180,181,-1,181,240,315,-1,240,181,161,-1,161,241,240,-1,176,241,161,-1,176,318,241,-1,317,177,162,-1,162,242,317,-1,242,162,173,-1,173,243,242,-1,172,243,173,-1,172,320,243,-1,319,174,175,-1,175,244,319,-1,244,175,169,-1,169,245,244,-1,168,245,169,-1,168,322,245,-1,321,170,171,-1,171,246,321,-1,246,171,165,-1,165,247,246,-1,164,247,165,-1,164,324,247,-1,323,166,167,-1,167,248,323,-1,248,167,159,-1,159,249,248,-1,158,249,159,-1,158,326,249,-1,325,160,163,-1,163,250,325,-1,250,163,156,-1,156,251,250,-1,155,251,156,-1,155,328,251,-1,327,157,154,-1,154,252,327,-1,252,154,151,-1,151,253,252,-1,150,253,151,-1,150,330,253,-1,329,152,153,-1,153,254,329,-1,254,153,148,-1,148,255,254,-1,147,255,148,-1,147,332,255,-1,331,149,146,-1,146,256,331,-1,256,146,144,-1,144,257,256,-1,143,257,144,-1,143,334,257,-1,333,145,142,-1,142,258,333,-1,258,142,140,-1,140,259,258,-1,139,259,140,-1,139,336,259,-1,335,141,138,-1,138,260,335,-1,260,138,135,-1,135,261,260,-1,136,261,135,-1,136,338,261,-1,337,137,134,-1,134,262,337,-1,262,134,132,-1,132,263,262,-1,131,263,132,-1,131,340,263,-1,339,133,130,-1,130,264,339,-1,264,130,127,-1,127,265,264,-1,128,265,127,-1,128,342,265,-1,341,129,126,-1,126,266,341,-1,266,126,124,-1,124,267,266,-1,123,267,124,-1,123,344,267,-1,343,125,122,-1,122,268,343,-1,268,122,120,-1,120,269,268,-1,119,269,120,-1,119,346,269,-1,345,121,118,-1,118,270,345,-1,270,118,116,-1,116,271,270,-1,115,271,116,-1,115,348,271,-1,347,117,114,-1,114,272,347,-1,272,114,112,-1,112,273,272,-1,111,273,112,-1,111,350,273,-1,349,113,95,-1,95,274,349,-1,274,95,94,-1,94,275,274,-1,109,275,94,-1,109,352,275,-1,351,110,108,-1,108,276,351,-1,276,108,106,-1,106,277,276,-1,105,277,106,-1,105,354,277,-1,353,107,104,-1,104,278,353,-1,278,104,102,-1,102,279,278,-1,101,279,102,-1,101,356,279,-1,355,103,100,-1,100,280,355,-1,280,100,98,-1,98,281,280,-1,97,281,98,-1,97,358,281,-1,357,99,96,-1,96,282,357,-1,282,96,92,-1,92,283,282,-1,91,283,92,-1,91,360,283,-1,359,93,90,-1,90,284,359,-1,284,90,87,-1,87,285,284,-1,88,285,87,-1,88,362,285,-1,361,89,86,-1,86,286,361,-1,286,86,83,-1,83,287,286,-1,82,287,83,-1,82,364,287,-1,363,84,85,-1,85,288,363,-1,288,85,79,-1,79,289,288,-1,78,289,79,-1,78,366,289,-1,365,80,81,-1,81,290,365,-1,290,81,72,-1,72,291,290,-1,74,291,72,-1,74,368,291,-1,367,73,77,-1,77,292,367,-1,292,77,70,-1,70,293,292,-1,69,293,70,-1,69,370,293,-1,369,68,71,-1,71,294,369,-1,294,71,75,-1,75,295,294,-1,76,295,75,-1,76,371,295,-1,
        ]
    }
}
Shape{
    appearance Appearance {
        material  Material 	{
            diffuseColor 0.4392156862745098 0.4392156862745098 0.4392156862745098
            specularColor 0.7529411764705882 0.7529411764705882 0.7529411764705882
            ambientIntensity 1.0
            transparency 1.0
            shininess 0.5
        }
    }
    geometry IndexedFaceSet {
        ccw TRUE
        solid FALSE
        coord DEF co Coordinate {
            point [
                4.7244 -0.2894 0.489, 4.7244 -0.3855 0.499, 4.7244 -0.3965 0.4891, 4.7244 -0.2879 0.3981, 4.7244 -0.3597 0.3601, 4.7244 -0.2962 0.3681, 4.7244 -0.0982 0.4604, 4.7244 -0.0791 0.4553, 4.7244 -0.086 0.4608, 4.7244 -0.1362 0.4099, 4.7244 -0.0991 0.4099, 4.7244 -0.1362 0.4522, 4.7244 -0.0503 0.452, 4.7244 -0.0612 0.451, 4.7244 -0.3274 0.5112, 4.7244 -0.3428 0.5128, 4.7244 -0.3584 0.5112, 4.7244 -0.1964 0.396, 4.7244 -0.2001 0.3833, 4.7244 -0.1971 0.4243, 4.7244 -0.1952 0.4093, 4.7244 -0.3997 0.4056, 4.7244 -0.4114 0.4636, 4.7244 -0.4109 0.4068, 4.7244 -0.271 0.4488, 4.7244 -0.3038 0.4252, 4.7244 -0.0991 0.4016, 4.7244 -0.0838 0.3857, 4.7244 -0.0755 0.3893, 4.7244 -0.1362 0.3379, 4.7244 -0.2375 0.3815, 4.7244 -0.2319 0.3895, 4.7244 -0.206 0.3714, 4.7244 -0.2142 0.3607, 4.7244 -0.2639 0.3689, 4.7244 -0.2538 0.3709, 4.7244 -0.245 0.3752, 4.7244 -0.1269 0.4016, 4.7244 -0.2241 0.3517, 4.7244 -0.29 0.3694, 4.7244 0.1021 0.3379, 4.7244 0.0275 0.3241, 4.7244 0.0236 0.3188, 4.7244 0.1158 0.3379, 4.7244 0.0183 0.315, 4.7244 -0.3789 0.3151, 4.7244 -0.2608 0.3376, 4.7244 -0.291 0.3376, 4.7244 -0.2968 0.3391, 4.7244 -0.371 0.323, 4.7244 -0.4454 0.3933, 4.7244 -0.4776 0.387, 4.7244 -0.4534 0.3839, 4.7244 -0.3015 0.3427, 4.7244 -0.3649 0.3325, 4.7244 -0.4353 0.4005, 4.7244 -0.4237 0.4051, 4.7244 -0.4883 0.4079, 4.7244 -0.4386 0.4713, 4.7244 -0.4503 0.47, 4.7244 -0.4289 0.4704, 4.7244 -0.3131 0.5064, 4.7244 -0.3727 0.5065, 4.7244 -0.2387 0.4371, 4.7244 -0.2468 0.4433, 4.7244 -0.2324 0.429, 4.7244 -0.2284 0.4194, 4.7244 -0.2869 0.3689, 4.7244 -0.2563 0.4474, 4.7244 -0.2669 0.4488, 4.7244 -0.3894 0.4021, 4.7244 -0.3802 0.3966, 4.7244 -0.3725 0.3893, 4.7244 -0.2806 0.4772, 4.7244 -0.4052 0.4772, 4.7244 -0.3003 0.4989, 4.7244 -0.3433 0.5436, 4.7244 -0.3243 0.5418, 4.7244 -0.9862 0.7874, 4.7244 -0.3908 0.5321, 4.7244 -0.4655 0.4977, 4.7244 -0.4048 0.5236, 4.7244 -0.2744 0.4636, 4.7244 -0.4907 0.484, 4.7244 -0.4829 0.4895, 4.7244 -0.4706 0.46, 4.7244 -0.4785 0.4521, 4.7244 -0.4197 0.4677, 4.7244 -0.4611 0.4661, 4.7244 -0.4846 0.4426, 4.7244 -0.4885 0.4318, 4.7244 -0.4842 0.3968, 4.7244 -0.4898 0.4201, 4.7244 -0.5205 0.4353, 4.7244 -0.5158 0.4508, 4.7244 -0.5098 0.3755, 4.7244 -0.5165 0.3892, 4.7244 -0.9862 0.1181, 4.7244 -0.5221 0.4191, 4.7244 -0.4692 0.379, 4.7244 -0.4591 0.373, 4.7244 -0.5207 0.4039, 4.7244 -0.3046 0.3596, 4.7244 -0.3012 0.3647, 4.7244 -0.4885 0.3523, 4.7244 -0.4461 0.3175, 4.7244 -0.3047 0.3476, 4.7244 -0.3059 0.3535, 4.7244 -0.3597 0.355, 4.7244 -0.361 0.3433, 4.7244 -0.227 0.4088, 4.7244 -0.2282 0.3987, 4.7244 -0.3884 0.309, 4.7244 -0.4109 0.3038, 4.7244 0.0088 0.3138, 4.7244 -0.3992 0.3051, 4.7244 0.0119 0.3136, 4.7244 0.7264 0.1181, 4.7244 -0.4359 0.3101, 4.7244 -0.424 0.3054, 4.7244 -0.4541 0.3271, 4.7244 -0.4748 0.3441, 4.7244 -0.4596 0.3386, 4.7244 -0.5006 0.3632, 4.7244 -0.498 0.4775, 4.7244 -0.5083 0.465, 4.7244 -0.4273 0.501, 4.7244 -0.4168 0.5133, 4.7244 -0.4369 0.502, 4.7244 -0.4744 0.4941, 4.7244 -0.4561 0.5003, 4.7244 -0.4466 0.5017, 4.7244 -0.3599 0.5422, 4.7244 -0.3758 0.5384, 4.7244 -0.2891 0.5282, 4.7244 -0.1362 0.5242, 4.7244 -0.3061 0.5366, 4.7244 0.7264 0.7874, 4.7244 -0.2736 0.5169, 4.7244 -0.2622 0.5048, 4.7244 0.1427 0.4522, 4.7244 0.1354 0.4719, 4.7244 0.1054 0.4719, 4.7244 0.122 0.4099, 4.7244 0.1283 0.4099, 4.7244 0.0103 0.5159, 4.7244 0.0082 0.4929, 4.7244 0.0255 0.5242, 4.7244 -0.2459 0.4764, 4.7244 -0.2321 0.4704, 4.7244 -0.2529 0.4913, 4.7244 -0.1269 0.4604, 4.7244 -0.0911 0.4681, 4.7244 -0.0942 0.4767, 4.7244 0.1784 0.3379, 4.7244 0.1531 0.3411, 4.7244 0.1471 0.3392, 4.7244 0.1586 0.3441, 4.7244 0.141 0.3381, 4.7244 0.1283 0.3379, 4.7244 0.122 0.3379, 4.7244 -0.0062 0.3407, 4.7244 -0.0129 0.3377, 4.7244 0.0205 0.3286, 4.7244 0.0061 0.3143, 4.7244 -0.1269 0.3786, 4.7244 -0.1011 0.3786, 4.7244 0.1345 0.4099, 4.7244 0.1409 0.4097, 4.7244 -0.2199 0.4618, 4.7244 -0.2098 0.451, 4.7244 0.153 0.4522, 4.7244 0.2059 0.4099, 4.7244 0.153 0.4069, 4.7244 0.1585 0.4041, 4.7244 -0.1269 0.5242, 4.7244 0.1636 0.4004, 4.7244 0.1696 0.3933, 4.7244 0.1256 0.5242, 4.7244 0.2158 0.4099, 4.7244 0.147 0.4088, 4.7244 0.1744 0.3748, 4.7244 0.1732 0.3644, 4.7244 0.1696 0.3554, 4.7244 0.1636 0.3479, 4.7244 0.2256 0.3576, 4.7244 0.1956 0.3576, 4.7244 0.233 0.3379, 4.7244 -0.2354 0.3447, 4.7244 -0.2477 0.34, 4.7244 -0.0565 0.3379, 4.7244 -0.0725 0.3366, 4.7244 -0.0474 0.371, 4.7244 -0.0474 0.3379, 4.7244 -0.0352 0.349, 4.7244 0.0985 0.4522, 4.7244 -0.066 0.3905, 4.7244 -0.0579 0.3893, 4.7244 -0.0521 0.3856, 4.7244 -0.0294 0.3864, 4.7244 -0.0888 0.3516, 4.7244 -0.0877 0.3581, 4.7244 -0.1269 0.3461, 4.7244 -0.0974 0.3461, 4.7244 -0.0877 0.3454, 4.7244 -0.0486 0.3795, 4.7244 -0.0352 0.3754, 4.7244 0.1156 0.5242, 4.7244 0.1732 0.3848, 4.7244 -0.0269 0.4522, 4.7244 -0.0413 0.4552, 4.7244 0.0882 0.4522, 4.7244 0.1005 0.4099, 4.7244 0.1158 0.4099, 4.7244 -0.0176 0.5159, 4.7244 -0.0176 0.4929, 4.7244 0.0318 0.5242, 4.7244 -0.0952 0.4868, 4.7244 -0.0941 0.4977, 4.7244 -0.0709 0.452, 4.7244 -0.0982 0.4522, 4.7244 0.0082 0.4846, 4.7244 0.0568 0.4535, 4.7244 0.0628 0.4555, 4.7244 -0.0413 0.5128, 4.7244 -0.0269 0.5242, 4.7244 -0.0413 0.5225, 4.7244 -0.0584 0.5254, 4.7244 0.0103 0.5242, 4.7244 -0.0176 0.4846, 4.7244 -0.0176 0.4604, 4.7244 0.0119 0.4604, 4.7244 0.0255 0.4522, 4.7244 -0.0413 0.4641, 4.7244 -0.0599 0.4592, 4.7244 -0.0499 0.4605, 4.7244 -0.067 0.4601, 4.7244 -0.0848 0.5148, 4.7244 -0.0906 0.507, 4.7244 -0.0489 0.5247, 4.7244 -0.0773 0.5207, 4.7244 -0.0723 0.5135, 4.7244 -0.0494 0.516, 4.7244 -0.0658 0.5162, 4.7244 -0.0583 0.5171, 4.7244 -0.0779 0.5091, 4.7244 -0.0813 0.5045, 4.7244 -0.0837 0.4993, 4.7244 -0.085 0.4938, 4.7244 -0.0855 0.4881, 4.7244 -0.0852 0.4822, 4.7244 -0.084 0.4766, 4.7244 -0.0732 0.4626, 4.7244 -0.0784 0.4668, 4.7244 -0.0818 0.4714, 4.7244 -0.2021 0.4383, 4.7244 -0.0684 0.5243, 4.7244 0.0683 0.4584, 4.7244 0.0733 0.4623, 4.7244 0.0508 0.4524, 4.7244 0.0634 0.4099, 4.7244 0.0443 0.4522, 4.7244 0.0318 0.4522, 4.7244 0.0381 0.4522, 4.7244 0.0043 0.3893, 4.7244 -0.0088 0.3899, 4.7244 -0.0151 0.3905, 4.7244 0.0119 0.4522, 4.7244 0.0443 0.5242, 4.7244 0.038 0.5242, 4.7244 0.0506 0.524, 4.7244 0.0627 0.5212, 4.7244 0.0567 0.5231, 4.7244 0.0683 0.5184, 4.7244 0.0793 0.5076, 4.7244 0.0733 0.5147, 4.7244 0.083 0.4787, 4.7244 0.083 0.4991, 4.7244 0.0842 0.4891, 4.7244 0.0793 0.4697, 4.7244 -0.0838 0.3769, 4.7244 -0.0792 0.3665, 4.7244 -0.0717 0.3684, 4.7244 -0.1011 0.3703, 4.7244 -0.0229 0.3895, 4.7244 -0.0337 0.3816, 4.7244 -0.0611 0.3818, 4.7244 -0.0757 0.3816, 4.7244 -0.0576 0.3776, 4.7244 -0.0103 0.3537, 4.7244 -0.0097 0.351, 4.7244 -0.028 0.3452, 4.7244 -0.0661 0.3377, 4.7244 -0.0608 0.3407, 4.7244 -0.0567 0.3458, 4.7244 -0.0844 0.3407, 4.7244 -0.0974 0.3379, 4.7244 0.1346 0.3379, 4.7244 -0.0792 0.3377, 4.7244 -0.1269 0.3703, 4.7244 -0.0845 0.363, 4.7244 -0.0565 0.3706, 4.7244 -0.0669 0.3832, 4.7244 -0.0204 0.344, 4.7244 -0.0114 0.3466, 4.7244 -0.0156 0.3445, 4.7244 -0.0352 0.3397, 4.7244 -0.012 0.3559, 4.7244 0.0244 0.338, 4.7244 -0.0019 0.3455, 4.7244 -0.0004 0.3519, 4.7244 0.0143 0.3893, 4.7244 -0.0172 0.3587, 4.7244 -0.0081 0.3639, 4.7244 -0.0029 0.3794, 4.7244 -0.0132 0.3663, 4.7244 -0.0326 0.3673, 4.7244 -0.0345 0.371, 4.7244 -0.0229 0.361, 4.7244 -0.0281 0.3636, 4.7244 -0.0239 0.3715, 4.7244 -0.0188 0.3686, 4.7244 -0.0258 0.3762, 4.7244 -0.0254 0.3735, 4.7244 -0.02 0.3827, 4.7244 -0.0231 0.3813, 4.7244 -0.016 0.3832, 4.7244 -0.0091 0.3822, 4.7244 0.0443 0.3893, 4.7244 -0.0035 0.3604, 4.7244 -0.0252 0.379, 4.7244 -0.0012 0.3565, 4.7244 0.0061 0.3224, 4.7244 -0.0212 0.3366, 4.7244 -0.0287 0.3374, 4.7244 0.0303 0.3301, 4.7244 0.0634 0.3379, 4.7244 0.0537 0.3893, 4.7244 0.0985 0.3786, 4.7244 0.0727 0.4016, 4.7244 0.0727 0.3786, 4.7244 0.0181 0.3246, 4.7244 0.2433 0.3379, 4.7244 0.0087 0.3216, 4.7244 0.0112 0.3213, 4.7244 0.015 0.3221, 4.7244 0.0391 0.375, 4.7244 -0.0029 0.3882, 4.7244 0.0193 0.375, 4.7244 0.0243 0.3608, 4.7244 0.0339 0.3608, 4.7244 0.0289 0.3464, 4.7244 0.0985 0.3703, 4.7244 0.1021 0.3461, 4.7244 0.1005 0.4016, 4.7244 0.0727 0.3703, 4.7244 0.0727 0.3461, 4.7244 0.1887 0.3379, 4.3504 -0.75 0.1181, 4.2067 0.7264 0.1181, 4.2067 -1.1437 0.1181, 4.2913 -0.75 0.1181, 4.3504 -0.9862 0.1181, 4.2864 -0.9862 0.1181, 4.2913 -0.9862 0.1181, 4.2864 -1.1437 0.1181, 4.2913 -0.9862 0.4882, 4.2864 -0.9862 0.4921, 4.3543 -0.9862 0.4921, 4.3504 -0.9862 0.4882, 4.3543 -0.9862 0.7874, -4.2914 -0.75 0.1181, -4.2067 0.7264 0.1181, -4.2067 -1.1437 0.1181, -4.3504 -0.75 0.1181, -4.7244 0.7264 0.1181, -4.2864 -0.9862 0.1181, -4.2914 -0.9862 0.1181, -4.2864 -1.1437 0.1181, -4.3504 -0.9862 0.1181, -4.7244 -0.9862 0.1181, -4.2914 -0.9862 0.4882, -4.2864 -0.9862 0.4921, -4.3544 -0.9862 0.4921, -4.7244 -0.9862 0.7874, -4.3504 -0.9862 0.4882, -4.3544 -0.9862 0.7874, 4.1279 -0.75 0.2835, 4.1279 0.1161 0.2835, 4.0492 0.1161 0.2835, -4.128 0.1161 0.2835, -4.2864 -0.75 0.2835, -4.128 -0.75 0.2835, -4.0492 0.1161 0.2835, 4.2864 -0.75 0.2835, 4.2864 0.1161 0.2835, 4.0492 -0.8287 0.2835, 3.8622 0.4535 0.2835, 3.8622 0.1575 0.2835, 4.0492 0.1949 0.2835, -4.0492 0.1949 0.2835, -3.8622 0.4535 0.2835, -4.0492 0.8248 0.2835, -0.0748 0.4535 0.2835, 4.0492 0.8248 0.2835, -3.8622 0.1575 0.2835, -4.2864 0.1161 0.2835, -4.0492 -0.8287 0.2835, 3.8149 0.1575 0.2835, 3.6653 0.1575 0.2835, 3.6653 0.4535 0.2835, 3.8149 0.4535 0.2835, 3.6181 0.1575 0.2835, 3.4685 0.1575 0.2835, 3.4685 0.4535 0.2835, 3.6181 0.4535 0.2835, 3.4212 0.1575 0.2835, 3.2716 0.1575 0.2835, 3.2716 0.4535 0.2835, 3.4212 0.4535 0.2835, 3.2244 0.1575 0.2835, 3.0748 0.1575 0.2835, 3.0748 0.4535 0.2835, 3.2244 0.4535 0.2835, 3.0275 0.1575 0.2835, 2.8779 0.1575 0.2835, 2.8779 0.4535 0.2835, 3.0275 0.4535 0.2835, 2.8307 0.1575 0.2835, 2.6811 0.1575 0.2835, 2.6811 0.4535 0.2835, 2.8307 0.4535 0.2835, 2.6338 0.1575 0.2835, 2.4842 0.1575 0.2835, 2.4842 0.4535 0.2835, 2.6338 0.4535 0.2835, 2.437 0.1575 0.2835, 2.2874 0.1575 0.2835, 2.2874 0.4535 0.2835, 2.437 0.4535 0.2835, 2.2401 0.1575 0.2835, 2.0905 0.1575 0.2835, 2.0905 0.4535 0.2835, 2.2401 0.4535 0.2835, 2.0433 0.1575 0.2835, 1.8937 0.1575 0.2835, 1.8937 0.4535 0.2835, 2.0433 0.4535 0.2835, 1.8464 0.1575 0.2835, 1.6968 0.1575 0.2835, 1.6968 0.4535 0.2835, 1.8464 0.4535 0.2835, 1.6496 0.1575 0.2835, 1.5 0.1575 0.2835, 1.5 0.4535 0.2835, 1.6496 0.4535 0.2835, 1.4527 0.1575 0.2835, 1.3031 0.1575 0.2835, 1.3031 0.4535 0.2835, 1.4527 0.4535 0.2835, 1.2559 0.1575 0.2835, 1.1063 0.1575 0.2835, 1.1063 0.4535 0.2835, 1.2559 0.4535 0.2835, 1.059 0.1575 0.2835, 0.9094 0.1575 0.2835, 0.9094 0.4535 0.2835, 1.059 0.4535 0.2835, 0.8622 0.1575 0.2835, 0.7126 0.1575 0.2835, 0.7126 0.4535 0.2835, 0.8622 0.4535 0.2835, 0.6653 0.1575 0.2835, 0.5157 0.1575 0.2835, 0.5157 0.4535 0.2835, 0.6653 0.4535 0.2835, 0.4685 0.1575 0.2835, 0.3189 0.1575 0.2835, 0.3189 0.4535 0.2835, 0.4685 0.4535 0.2835, 0.2716 0.1575 0.2835, 0.122 0.1575 0.2835, 0.122 0.4535 0.2835, 0.2716 0.4535 0.2835, 0.0748 0.1575 0.2835, -0.0748 0.1575 0.2835, 0.0748 0.4535 0.2835, -0.1221 0.1575 0.2835, -0.2717 0.4535 0.2835, -0.2717 0.1575 0.2835, -0.1221 0.4535 0.2835, -0.3189 0.1575 0.2835, -0.4685 0.4535 0.2835, -0.4685 0.1575 0.2835, -0.3189 0.4535 0.2835, -0.5158 0.1575 0.2835, -0.6654 0.4535 0.2835, -0.6654 0.1575 0.2835, -0.5158 0.4535 0.2835, -0.7126 0.1575 0.2835, -0.8622 0.4535 0.2835, -0.8622 0.1575 0.2835, -0.7126 0.4535 0.2835, -0.9095 0.1575 0.2835, -1.0591 0.4535 0.2835, -1.0591 0.1575 0.2835, -0.9095 0.4535 0.2835, -1.1063 0.1575 0.2835, -1.2559 0.4535 0.2835, -1.2559 0.1575 0.2835, -1.1063 0.4535 0.2835, -1.3032 0.1575 0.2835, -1.4528 0.4535 0.2835, -1.4528 0.1575 0.2835, -1.3032 0.4535 0.2835, -1.5 0.1575 0.2835, -1.6496 0.4535 0.2835, -1.6496 0.1575 0.2835, -1.5 0.4535 0.2835, -1.6969 0.1575 0.2835, -1.8465 0.4535 0.2835, -1.8465 0.1575 0.2835, -1.6969 0.4535 0.2835, -1.8937 0.1575 0.2835, -2.0433 0.4535 0.2835, -2.0433 0.1575 0.2835, -1.8937 0.4535 0.2835, -2.0906 0.1575 0.2835, -2.2402 0.4535 0.2835, -2.2402 0.1575 0.2835, -2.0906 0.4535 0.2835, -2.2874 0.1575 0.2835, -2.437 0.4535 0.2835, -2.437 0.1575 0.2835, -2.2874 0.4535 0.2835, -2.4843 0.1575 0.2835, -2.6339 0.4535 0.2835, -2.6339 0.1575 0.2835, -2.4843 0.4535 0.2835, -2.6811 0.1575 0.2835, -2.8307 0.4535 0.2835, -2.8307 0.1575 0.2835, -2.6811 0.4535 0.2835, -2.878 0.1575 0.2835, -3.0276 0.4535 0.2835, -3.0276 0.1575 0.2835, -2.878 0.4535 0.2835, -3.0748 0.1575 0.2835, -3.2244 0.4535 0.2835, -3.2244 0.1575 0.2835, -3.0748 0.4535 0.2835, -3.2717 0.1575 0.2835, -3.4213 0.4535 0.2835, -3.4213 0.1575 0.2835, -3.2717 0.4535 0.2835, -3.4685 0.1575 0.2835, -3.6181 0.4535 0.2835, -3.6181 0.1575 0.2835, -3.4685 0.4535 0.2835, -3.6654 0.1575 0.2835, -3.815 0.4535 0.2835, -3.815 0.1575 0.2835, -3.6654 0.4535 0.2835, -3.6654 1.002 0.2396, -3.815 1.002 0.2396, -4.2067 1.002 0.7874, -3.8622 1.002 0.2396, -4.2067 1.002 0.0512, 3.8622 1.002 0.2396, 4.2067 1.002 0.0512, 3.8622 1.002 0.1299, -3.6181 1.002 0.2396, 0.0748 1.002 0.1299, -3.8622 1.002 0.1299, -3.815 1.002 0.1299, -3.4685 1.002 0.2396, -3.4213 1.002 0.2396, -3.6181 1.002 0.1299, -3.6654 1.002 0.1299, -3.2717 1.002 0.2396, -3.2244 1.002 0.2396, -3.4213 1.002 0.1299, -3.4685 1.002 0.1299, -3.0748 1.002 0.2396, -3.2717 1.002 0.1299, -3.0276 1.002 0.2396, -3.2244 1.002 0.1299, -2.878 1.002 0.2396, -2.8307 1.002 0.2396, -3.0276 1.002 0.1299, -3.0748 1.002 0.1299, -2.6811 1.002 0.2396, -2.6339 1.002 0.2396, -2.8307 1.002 0.1299, -2.878 1.002 0.1299, -2.4843 1.002 0.2396, -2.6811 1.002 0.1299, -2.437 1.002 0.2396, -2.6339 1.002 0.1299, -2.2874 1.002 0.2396, -2.2402 1.002 0.2396, -2.437 1.002 0.1299, -2.4843 1.002 0.1299, -2.0906 1.002 0.2396, -2.0433 1.002 0.2396, -2.2402 1.002 0.1299, -2.2874 1.002 0.1299, -1.8937 1.002 0.2396, -2.0906 1.002 0.1299, -1.8465 1.002 0.2396, -2.0433 1.002 0.1299, -1.6969 1.002 0.2396, -1.6496 1.002 0.2396, -1.8465 1.002 0.1299, -1.8937 1.002 0.1299, -1.5 1.002 0.2396, -1.4528 1.002 0.2396, -1.6496 1.002 0.1299, -1.6969 1.002 0.1299, -1.3032 1.002 0.2396, -1.5 1.002 0.1299, -1.2559 1.002 0.2396, -1.4528 1.002 0.1299, -1.1063 1.002 0.2396, -1.0591 1.002 0.2396, -1.2559 1.002 0.1299, -1.3032 1.002 0.1299, -0.9095 1.002 0.2396, -0.8622 1.002 0.2396, -1.0591 1.002 0.1299, -1.1063 1.002 0.1299, -0.7126 1.002 0.2396, -0.9095 1.002 0.1299, -0.6654 1.002 0.2396, -0.8622 1.002 0.1299, -0.5158 1.002 0.2396, -0.4685 1.002 0.2396, -0.6654 1.002 0.1299, -0.7126 1.002 0.1299, -0.3189 1.002 0.2396, -0.2717 1.002 0.2396, -0.4685 1.002 0.1299, -0.5158 1.002 0.1299, -0.1221 1.002 0.2396, -0.3189 1.002 0.1299, -0.0748 1.002 0.2396, -0.2717 1.002 0.1299, 4.2067 1.002 0.7874, 0.0748 1.002 0.2396, -0.0748 1.002 0.1299, -0.1221 1.002 0.1299, 0.122 1.002 0.2396, 0.2716 1.002 0.2396, 0.122 1.002 0.1299, 0.3189 1.002 0.2396, 0.2716 1.002 0.1299, 0.4685 1.002 0.2396, 0.3189 1.002 0.1299, 0.5157 1.002 0.2396, 0.6653 1.002 0.2396, 0.4685 1.002 0.1299, 0.5157 1.002 0.1299, 0.7126 1.002 0.2396, 0.8622 1.002 0.2396, 0.6653 1.002 0.1299, 0.7126 1.002 0.1299, 0.9094 1.002 0.2396, 0.8622 1.002 0.1299, 1.059 1.002 0.2396, 0.9094 1.002 0.1299, 1.1063 1.002 0.2396, 1.2559 1.002 0.2396, 1.059 1.002 0.1299, 1.1063 1.002 0.1299, 1.3031 1.002 0.2396, 1.4527 1.002 0.2396, 1.2559 1.002 0.1299, 1.3031 1.002 0.1299, 1.5 1.002 0.2396, 1.4527 1.002 0.1299, 1.6496 1.002 0.2396, 1.5 1.002 0.1299, 1.6968 1.002 0.2396, 1.6496 1.002 0.1299, 1.6968 1.002 0.1299, 1.8464 1.002 0.2396, 1.8937 1.002 0.2396, 1.8464 1.002 0.1299, 1.8937 1.002 0.1299, 2.0433 1.002 0.2396, 2.0905 1.002 0.2396, 2.0433 1.002 0.1299, 2.0905 1.002 0.1299, 2.2401 1.002 0.2396, 2.2874 1.002 0.2396, 2.2401 1.002 0.1299, 2.2874 1.002 0.1299, 2.437 1.002 0.2396, 2.4842 1.002 0.2396, 2.437 1.002 0.1299, 2.4842 1.002 0.1299, 2.6338 1.002 0.2396, 2.6811 1.002 0.2396, 2.6338 1.002 0.1299, 2.6811 1.002 0.1299, 2.8307 1.002 0.2396, 2.8779 1.002 0.2396, 2.8307 1.002 0.1299, 2.8779 1.002 0.1299, 3.0275 1.002 0.2396, 3.0748 1.002 0.2396, 3.0275 1.002 0.1299, 3.0748 1.002 0.1299, 3.2244 1.002 0.2396, 3.2716 1.002 0.2396, 3.2244 1.002 0.1299, 3.2716 1.002 0.1299, 3.4212 1.002 0.2396, 3.4685 1.002 0.2396, 3.4212 1.002 0.1299, 3.4685 1.002 0.1299, 3.6181 1.002 0.2396, 3.6653 1.002 0.2396, 3.6181 1.002 0.1299, 3.6653 1.002 0.1299, 3.8149 1.002 0.2396, 3.8149 1.002 0.1299, 4.0492 0.8248 0.4882, -4.0492 0.8248 0.4882, 4.0492 -0.8287 0.4921, 4.1279 -0.75 0.4921, 4.0492 0.1949 0.4134, 4.1279 0.1161 0.4134, 4.2864 0.1161 0.4134, 4.0886 -1.1437 0.2087, 4.0492 -1.0256 0.4921, 4.0492 -1.0256 0.2087, 4.0886 -1.1437 0.4921, 4.2864 -1.1437 0.4921, 4.3543 -0.75 0.4921, 4.5118 -0.75 0.4921, 4.5118 0.3563 0.4921, 4.2864 0.3563 0.4921, 4.2864 -0.75 0.4921, 4.0492 -0.002 0.2087, -4.0492 -0.002 0.2087, 4.5118 -0.75 0.7874, 4.5118 0.3563 0.7874, 4.3543 -0.75 0.7874, -4.5118 0.3563 0.7874, -4.5118 -0.75 0.7874, -4.7244 0.7264 0.7874, -4.2067 0.7264 0.7874, -4.3544 -0.75 0.7874, 4.2067 0.7264 0.7874, 4.2067 -1.1437 0.0512, 0.4685 -0.6045 0.2087, 0.5157 -0.6045 0.2087, -4.0492 -1.0256 0.2087, -3.4685 -0.6045 0.2087, -3.4685 -0.4685 0.2087, -3.4213 -0.4685 0.2087, -2.4843 -0.4685 0.2087, -0.5158 -0.6045 0.2087, -4.0886 -1.1437 0.2087, -0.4685 -0.6045 0.2087, -3.4213 -0.6045 0.2087, -2.4843 -0.6045 0.2087, -2.437 -0.4685 0.2087, -2.437 -0.6045 0.2087, -1.5 -0.4685 0.2087, -1.5 -0.6045 0.2087, -1.4528 -0.6045 0.2087, -1.4528 -0.4685 0.2087, -0.5158 -0.4685 0.2087, -0.4685 -0.4685 0.2087, 0.4685 -0.4685 0.2087, 1.4527 -0.4685 0.2087, 1.4527 -0.6045 0.2087, 0.5157 -0.4685 0.2087, 1.5 -0.6045 0.2087, 2.437 -0.6045 0.2087, 2.4842 -0.6045 0.2087, 1.5 -0.4685 0.2087, 3.4212 -0.6045 0.2087, 2.437 -0.4685 0.2087, 3.4685 -0.6045 0.2087, 2.4842 -0.4685 0.2087, 3.4685 -0.4685 0.2087, 3.4212 -0.4685 0.2087, 4.0492 0.3563 0.4882, -4.0492 0.3563 0.4882, 4.2864 0.3563 0.4134, 4.0492 0.3563 0.4134, -4.0886 -1.1437 0.4921, -4.0492 -1.0256 0.4921, -4.2067 -1.1437 0.0512, -3.815 0.3563 0.6491, -3.8622 0.3563 0.6491, -4.2864 0.3563 0.4921, 1.059 0.3563 0.6491, 1.1063 0.3563 0.6491, -4.0492 0.3563 0.4134, -4.2864 0.3563 0.4134, -3.6654 0.3563 0.6491, -0.9095 0.3563 0.6491, -1.0591 0.3563 0.6491, -4.5118 0.3563 0.4921, -3.6181 0.3563 0.6491, -3.8622 0.3563 0.6968, -3.4685 0.3563 0.6491, -0.0748 0.3563 0.6968, -3.815 0.3563 0.6968, -3.6654 0.3563 0.6968, -3.4213 0.3563 0.6491, -3.6181 0.3563 0.6968, -3.4685 0.3563 0.6968, -3.2717 0.3563 0.6491, -3.2244 0.3563 0.6491, -3.4213 0.3563 0.6968, -3.2717 0.3563 0.6968, -3.0748 0.3563 0.6491, -3.0276 0.3563 0.6491, -3.2244 0.3563 0.6968, -3.0748 0.3563 0.6968, -2.878 0.3563 0.6491, -2.8307 0.3563 0.6491, -3.0276 0.3563 0.6968, -2.878 0.3563 0.6968, -2.6811 0.3563 0.6491, -2.6339 0.3563 0.6491, -2.8307 0.3563 0.6968, -2.6811 0.3563 0.6968, -2.4843 0.3563 0.6491, -2.437 0.3563 0.6491, -2.6339 0.3563 0.6968, -2.4843 0.3563 0.6968, -2.2874 0.3563 0.6491, -2.2402 0.3563 0.6491, -2.437 0.3563 0.6968, -2.2874 0.3563 0.6968, -2.0906 0.3563 0.6491, -2.0433 0.3563 0.6491, -2.2402 0.3563 0.6968, -2.0906 0.3563 0.6968, -1.8937 0.3563 0.6491, -1.8465 0.3563 0.6491, -2.0433 0.3563 0.6968, -1.8937 0.3563 0.6968, -1.6969 0.3563 0.6491, -1.6496 0.3563 0.6491, -1.8465 0.3563 0.6968, -1.6969 0.3563 0.6968, -1.5 0.3563 0.6491, -1.4528 0.3563 0.6491, -1.6496 0.3563 0.6968, -1.5 0.3563 0.6968, -1.3032 0.3563 0.6491, -1.2559 0.3563 0.6491, -1.4528 0.3563 0.6968, -1.3032 0.3563 0.6968, -1.1063 0.3563 0.6491, -1.2559 0.3563 0.6968, -1.1063 0.3563 0.6968, -0.8622 0.3563 0.6491, -0.7126 0.3563 0.6491, -1.0591 0.3563 0.6968, -0.9095 0.3563 0.6968, -0.6654 0.3563 0.6491, -0.5158 0.3563 0.6491, -0.8622 0.3563 0.6968, -0.7126 0.3563 0.6968, -0.4685 0.3563 0.6491, -0.3189 0.3563 0.6491, -0.6654 0.3563 0.6968, -0.5158 0.3563 0.6968, -0.2717 0.3563 0.6491, -0.1221 0.3563 0.6491, -0.4685 0.3563 0.6968, -0.3189 0.3563 0.6968, -0.0748 0.3563 0.6491, 0.0748 0.3563 0.6491, -0.2717 0.3563 0.6968, -0.1221 0.3563 0.6968, 0.122 0.3563 0.6491, 0.0748 0.3563 0.6968, 0.2716 0.3563 0.6491, 0.3189 0.3563 0.6491, 0.122 0.3563 0.6968, 0.2716 0.3563 0.6968, 0.4685 0.3563 0.6491, 0.5157 0.3563 0.6491, 0.3189 0.3563 0.6968, 0.4685 0.3563 0.6968, 0.6653 0.3563 0.6491, 0.7126 0.3563 0.6491, 0.5157 0.3563 0.6968, 0.6653 0.3563 0.6968, 0.8622 0.3563 0.6491, 0.9094 0.3563 0.6491, 0.7126 0.3563 0.6968, 0.8622 0.3563 0.6968, 1.2559 0.3563 0.6491, 0.9094 0.3563 0.6968, 1.059 0.3563 0.6968, 1.3031 0.3563 0.6491, 1.4527 0.3563 0.6491, 1.1063 0.3563 0.6968, 1.2559 0.3563 0.6968, 1.5 0.3563 0.6491, 1.6496 0.3563 0.6491, 1.3031 0.3563 0.6968, 1.4527 0.3563 0.6968, 1.6968 0.3563 0.6491, 1.8464 0.3563 0.6491, 1.5 0.3563 0.6968, 1.6496 0.3563 0.6968, 1.8937 0.3563 0.6491, 2.0433 0.3563 0.6491, 1.6968 0.3563 0.6968, 1.8464 0.3563 0.6968, 2.0905 0.3563 0.6491, 2.2401 0.3563 0.6491, 1.8937 0.3563 0.6968, 2.0433 0.3563 0.6968, 2.2874 0.3563 0.6491, 2.437 0.3563 0.6491, 2.0905 0.3563 0.6968, 2.2401 0.3563 0.6968, 2.4842 0.3563 0.6491, 2.6338 0.3563 0.6491, 2.2874 0.3563 0.6968, 2.437 0.3563 0.6968, 2.6811 0.3563 0.6491, 2.8307 0.3563 0.6491, 2.4842 0.3563 0.6968, 2.6338 0.3563 0.6968, 2.8779 0.3563 0.6491, 3.0275 0.3563 0.6491, 2.6811 0.3563 0.6968, 2.8307 0.3563 0.6968, 3.0748 0.3563 0.6491, 3.2244 0.3563 0.6491, 2.8779 0.3563 0.6968, 3.0275 0.3563 0.6968, 3.2716 0.3563 0.6491, 3.4212 0.3563 0.6491, 3.0748 0.3563 0.6968, 3.2244 0.3563 0.6968, 3.4685 0.3563 0.6491, 3.2716 0.3563 0.6968, 3.4212 0.3563 0.6968, 3.6181 0.3563 0.6491, 3.6653 0.3563 0.6491, 3.4685 0.3563 0.6968, 3.6181 0.3563 0.6968, 3.8149 0.3563 0.6491, 3.8622 0.3563 0.6491, 3.6653 0.3563 0.6968, 3.8149 0.3563 0.6968, 3.8622 0.3563 0.6968, -4.5118 -0.75 0.4921, -4.128 -0.75 0.4921, -4.0492 -0.8287 0.4921, -4.3544 -0.75 0.4921, -4.2864 -0.75 0.4921, -4.2864 -1.1437 0.4921, 3.4685 -1.1437 0.0646, 3.4685 -1.1437 0.0512, -3.4213 -1.1437 0.0646, -3.4213 -1.1437 0.0512, -2.4843 -1.1437 0.0646, 3.4685 -1.1437 0.148, -3.4685 -1.1437 0.0512, -3.4685 -1.1437 0.0646, -3.4213 -1.1437 0.148, -3.4685 -1.1437 0.148, -2.4843 -1.1437 0.0512, -2.4843 -1.1437 0.148, -1.5 -1.1437 0.0646, -2.437 -1.1437 0.0646, -2.437 -1.1437 0.0512, -1.5 -1.1437 0.0512, -1.5 -1.1437 0.148, -1.4528 -1.1437 0.0646, -1.4528 -1.1437 0.148, -0.5158 -1.1437 0.0512, -0.5158 -1.1437 0.0646, -1.4528 -1.1437 0.0512, -2.437 -1.1437 0.148, -3.4685 -1.1437 0.2047, 0.4685 -1.1437 0.0646, -0.4685 -1.1437 0.0512, 0.4685 -1.1437 0.0512, -0.5158 -1.1437 0.148, -0.5158 -1.1437 0.2047, -0.4685 -1.1437 0.0646, 1.4527 -1.1437 0.0646, 0.5157 -1.1437 0.0512, 1.4527 -1.1437 0.0512, 0.5157 -1.1437 0.0646, 2.437 -1.1437 0.0512, 2.437 -1.1437 0.0646, 1.5 -1.1437 0.0512, 1.4527 -1.1437 0.148, 0.5157 -1.1437 0.148, 1.5 -1.1437 0.0646, 2.4842 -1.1437 0.148, 2.437 -1.1437 0.148, 2.4842 -1.1437 0.0512, 3.4212 -1.1437 0.0512, 3.4212 -1.1437 0.0646, 3.4212 -1.1437 0.148, 2.4842 -1.1437 0.0646, -3.4213 -1.1437 0.2047, -2.4843 -1.1437 0.2047, -0.4685 -1.1437 0.148, -2.437 -1.1437 0.2047, -1.5 -1.1437 0.2047, 0.4685 -1.1437 0.148, -1.4528 -1.1437 0.2047, 1.5 -1.1437 0.148, -0.4685 -1.1437 0.2047, 0.4685 -1.1437 0.2047, 1.4527 -1.1437 0.2047, 0.5157 -1.1437 0.2047, 1.5 -1.1437 0.2047, 2.437 -1.1437 0.2047, 2.4842 -1.1437 0.2047, 3.4212 -1.1437 0.2047, 3.4685 -1.1437 0.2047, -4.128 0.1161 0.4134, -4.2864 0.1161 0.4134, 3.4685 -0.9413 0.0512, 2.4842 -0.9413 0.0512, 2.437 -0.9413 0.0512, 3.4212 -0.9413 0.0512, 1.5 -0.9413 0.0512, 1.4527 -0.9413 0.0512, 0.5157 -0.9413 0.0512, 0.4685 -0.9413 0.0512, -0.4685 -0.9413 0.0512, -1.4528 -0.9413 0.0512, -0.5158 -0.9413 0.0512, -2.437 -0.9413 0.0512, -2.4843 -0.9413 0.0512, -1.5 -0.9413 0.0512, -3.4213 -0.9413 0.0512, -3.4685 -0.9413 0.0512, -4.0492 0.1949 0.4134, 4.7244 0.0492 0.5158, 4.7244 0.0443 0.5159, 4.7244 0.0494 0.4606, 4.7244 0.0626 0.5119, 4.7244 0.0667 0.4679, 4.7244 0.0744 0.4889, 4.7244 0.0396 0.5159, 4.7244 0.0444 0.4604, 4.7244 0.0396 0.4604, 4.7244 0.0348 0.5159, 4.7244 0.054 0.4613, 4.7244 0.0348 0.4604, 4.7244 0.0537 0.5152, 4.7244 0.0587 0.4627, 4.7244 0.0584 0.5139, 4.7244 0.0629 0.4649, 4.7244 0.0735 0.4805, 4.7244 0.071 0.4736, 4.7244 0.0665 0.5092, 4.7244 0.0709 0.5039, 4.7244 0.0735 0.4971, 4.7244 0.1167 0.5032, 4.7244 0.1241 0.5032, 4.7244 0.1203 0.515, 4.7244 0.1283 0.4916, 4.7244 0.1325 0.48, 4.7244 0.1125 0.4916, 4.7244 0.1083 0.48, 4.7244 -0.0796 0.3524, 4.7244 -0.0726 0.3612, 4.7244 -0.079 0.3561, 4.7244 -0.074 0.3446, 4.7244 -0.079 0.349, 4.7244 -0.077 0.3464, 4.7244 -0.0772 0.3589, 4.7244 -0.0701 0.344, 4.7244 -0.0647 0.3451, 4.7244 -0.0603 0.3482, 4.7244 -0.058 0.3516, 4.7244 -0.0671 0.3622, 4.7244 -0.0568 0.3554, 4.7244 -0.0618 0.363, 4.7244 -0.0565 0.3637, 4.7244 -0.0565 0.3596, 4.7244 0.1394 0.4015, 4.7244 0.1345 0.4016, 4.7244 0.1396 0.3462, 4.7244 0.1529 0.3976, 4.7244 0.1569 0.3536, 4.7244 0.1646 0.3745, 4.7244 0.1298 0.4016, 4.7244 0.1347 0.3461, 4.7244 0.1299 0.3461, 4.7244 0.1251 0.4016, 4.7244 0.1443 0.347, 4.7244 0.1251 0.3461, 4.7244 0.144 0.4009, 4.7244 0.1489 0.3484, 4.7244 0.1486 0.3996, 4.7244 0.1532 0.3506, 4.7244 0.1638 0.3662, 4.7244 0.1612 0.3592, 4.7244 0.1567 0.3948, 4.7244 0.1611 0.3896, 4.7244 0.1638 0.3828, 4.7244 0.2069 0.3889, 4.7244 0.2143 0.3889, 4.7244 0.2105 0.4007, 4.7244 0.2185 0.3773, 4.7244 0.2228 0.3657, 4.7244 0.2028 0.3773, 4.7244 0.1986 0.3657, 4.7244 -0.393 0.3468, 4.7244 -0.4191 0.373, 4.7244 -0.4254 0.3687, 4.7244 -0.3914 0.3545, 4.7244 -0.4038 0.373, 4.7244 -0.4114 0.3745, 4.7244 -0.3974 0.3687, 4.7244 -0.3931 0.3624, 4.7244 -0.3972 0.3405, 4.7244 -0.4298 0.3624, 4.7244 -0.4035 0.3361, 4.7244 -0.4114 0.3345, 4.7244 -0.4314 0.3545, 4.7244 -0.4254 0.3403, 4.7244 -0.4191 0.3361, 4.7244 -0.4298 0.3466
            ]
        }
        coordIndex [
            0,1,2,-1,3,4,5,-1,6,7,8,-1,9,10,11,-1,10,12,13,-1,14,15,16,-1,17,18,9,-1,19,20,9,-1,21,22,23,-1,24,22,25,-1,26,27,28,-1,29,9,18,-1,30,31,3,-1,32,33,29,-1,32,29,18,-1,34,35,36,-1,37,27,26,-1,38,29,33,-1,39,34,36,-1,40,41,42,-1,43,42,44,-1,45,46,47,-1,48,49,47,-1,50,51,52,-1,53,54,48,-1,55,56,57,-1,58,59,60,-1,16,61,14,-1,16,62,61,-1,25,63,64,-1,65,25,66,-1,39,67,34,-1,36,30,3,-1,25,64,24,-1,64,68,24,-1,68,69,24,-1,21,70,25,-1,25,71,72,-1,73,2,74,-1,62,1,75,-1,62,75,61,-1,76,77,78,-1,1,0,75,-1,73,0,2,-1,79,80,81,-1,73,74,82,-1,82,22,24,-1,22,82,74,-1,78,83,84,-1,85,86,22,-1,22,87,88,-1,59,87,60,-1,88,87,59,-1,22,86,89,-1,88,85,22,-1,90,56,23,-1,91,50,55,-1,56,92,57,-1,93,94,78,-1,95,96,97,-1,91,55,57,-1,97,98,93,-1,52,99,100,-1,50,91,51,-1,97,96,101,-1,51,99,52,-1,102,103,4,-1,104,97,105,-1,106,107,108,-1,102,4,107,-1,106,108,109,-1,39,3,5,-1,110,66,3,-1,56,90,92,-1,89,23,22,-1,89,90,23,-1,21,25,22,-1,66,25,3,-1,3,111,110,-1,4,103,5,-1,25,70,71,-1,63,25,65,-1,3,39,36,-1,111,3,31,-1,107,4,108,-1,109,53,106,-1,54,49,48,-1,109,54,53,-1,49,45,47,-1,45,112,46,-1,113,114,115,-1,116,97,117,-1,118,97,119,-1,97,113,119,-1,104,120,121,-1,97,118,105,-1,120,122,121,-1,105,120,104,-1,97,104,123,-1,97,123,95,-1,101,98,97,-1,97,93,78,-1,124,78,125,-1,78,94,125,-1,126,127,128,-1,78,124,83,-1,80,78,129,-1,78,84,129,-1,127,130,131,-1,130,127,81,-1,127,131,128,-1,80,130,81,-1,80,79,78,-1,132,78,133,-1,78,79,133,-1,78,132,76,-1,134,135,136,-1,78,77,137,-1,138,139,135,-1,140,141,142,-1,140,143,144,-1,145,146,147,-1,148,149,150,-1,151,152,153,-1,154,155,156,-1,157,155,154,-1,156,158,154,-1,44,159,160,-1,43,40,42,-1,161,162,163,-1,164,115,114,-1,165,166,37,-1,167,168,140,-1,140,144,167,-1,169,170,11,-1,168,171,140,-1,172,173,174,-1,175,77,135,-1,176,177,172,-1,174,176,172,-1,178,179,137,-1,171,180,172,-1,181,182,172,-1,183,154,182,-1,154,184,157,-1,185,186,187,-1,29,38,188,-1,188,189,29,-1,164,190,191,-1,192,193,194,-1,189,46,29,-1,112,29,46,-1,9,20,17,-1,140,195,143,-1,196,197,10,-1,198,199,197,-1,200,201,202,-1,166,27,37,-1,203,204,200,-1,205,192,206,-1,202,203,200,-1,207,178,137,-1,171,168,180,-1,208,172,177,-1,178,171,179,-1,142,195,140,-1,209,210,12,-1,195,211,212,-1,195,213,143,-1,214,215,146,-1,137,147,216,-1,217,218,175,-1,219,7,220,-1,147,146,221,-1,10,26,196,-1,222,211,223,-1,224,225,226,-1,135,139,150,-1,135,150,149,-1,227,228,137,-1,146,145,214,-1,229,230,221,-1,231,232,221,-1,147,221,232,-1,221,230,231,-1,6,152,151,-1,224,233,225,-1,209,12,10,-1,219,220,10,-1,13,219,10,-1,9,11,19,-1,151,153,217,-1,234,235,236,-1,149,11,135,-1,149,169,11,-1,237,175,238,-1,175,218,238,-1,225,227,239,-1,175,237,240,-1,135,77,136,-1,227,77,175,-1,241,242,243,-1,77,227,137,-1,228,227,225,-1,242,244,243,-1,245,246,224,-1,225,239,226,-1,224,247,248,-1,249,233,224,-1,242,241,224,-1,224,241,245,-1,248,249,224,-1,224,246,247,-1,233,249,250,-1,233,250,251,-1,252,233,253,-1,253,233,254,-1,235,233,252,-1,235,252,236,-1,210,209,233,-1,254,233,251,-1,225,233,209,-1,255,19,11,-1,8,152,6,-1,11,10,220,-1,7,6,220,-1,255,11,170,-1,138,135,134,-1,256,227,175,-1,240,256,175,-1,175,151,217,-1,223,211,257,-1,211,258,257,-1,222,259,211,-1,260,259,261,-1,259,260,211,-1,262,232,260,-1,261,263,260,-1,264,260,265,-1,10,266,209,-1,231,267,232,-1,228,145,147,-1,137,228,147,-1,268,137,269,-1,137,216,269,-1,207,137,268,-1,270,207,268,-1,271,207,272,-1,207,270,272,-1,207,271,273,-1,274,207,275,-1,207,273,275,-1,211,207,276,-1,207,274,277,-1,207,278,276,-1,207,277,278,-1,258,211,279,-1,211,276,279,-1,280,281,282,-1,28,196,26,-1,280,283,281,-1,197,199,284,-1,10,197,284,-1,198,285,199,-1,286,287,288,-1,289,194,290,-1,194,291,290,-1,190,292,191,-1,292,190,293,-1,293,190,294,-1,295,203,296,-1,29,112,164,-1,159,44,297,-1,296,298,295,-1,296,191,298,-1,202,201,299,-1,203,295,204,-1,300,283,201,-1,299,201,283,-1,288,282,301,-1,283,300,281,-1,287,286,302,-1,27,166,280,-1,287,280,288,-1,283,280,166,-1,288,280,282,-1,291,303,304,-1,303,305,304,-1,193,306,194,-1,290,291,304,-1,194,289,307,-1,161,308,309,-1,308,310,309,-1,260,264,311,-1,312,194,307,-1,313,314,315,-1,192,316,317,-1,194,318,319,-1,312,318,194,-1,314,320,321,-1,192,319,316,-1,194,319,192,-1,322,323,314,-1,206,285,205,-1,317,206,192,-1,284,266,10,-1,205,285,198,-1,324,325,326,-1,260,209,266,-1,327,326,325,-1,265,260,266,-1,267,260,232,-1,308,264,314,-1,260,311,328,-1,329,314,313,-1,262,260,263,-1,330,327,325,-1,327,330,314,-1,314,330,322,-1,314,323,320,-1,314,321,315,-1,329,331,308,-1,308,331,310,-1,163,308,161,-1,193,190,164,-1,332,333,334,-1,296,164,191,-1,335,336,337,-1,193,164,332,-1,193,334,306,-1,308,314,329,-1,260,337,336,-1,338,339,340,-1,193,332,334,-1,160,43,44,-1,341,163,332,-1,332,162,333,-1,342,44,117,-1,154,297,44,-1,343,344,345,-1,113,97,114,-1,116,114,97,-1,117,44,116,-1,164,112,115,-1,296,29,164,-1,332,345,341,-1,343,345,332,-1,332,163,162,-1,311,346,328,-1,265,347,264,-1,314,264,347,-1,260,267,209,-1,348,349,350,-1,311,348,346,-1,348,350,346,-1,349,351,350,-1,352,213,338,-1,40,336,41,-1,43,353,40,-1,336,335,41,-1,354,213,212,-1,337,260,328,-1,195,212,213,-1,211,260,212,-1,354,338,213,-1,355,356,352,-1,339,338,354,-1,43,213,352,-1,43,352,353,-1,352,356,353,-1,208,181,172,-1,117,137,179,-1,117,179,342,-1,154,172,182,-1,187,186,357,-1,44,342,187,-1,154,183,184,-1,44,187,357,-1,297,154,158,-1,44,357,154,-1,173,172,180,-1,179,171,172,-1,358,117,97,-1,358,359,117,-1,360,359,361,-1,97,362,358,-1,363,361,364,-1,358,361,359,-1,361,363,360,-1,360,363,365,-1,363,366,367,-1,368,97,78,-1,369,362,368,-1,368,78,370,-1,97,368,362,-1,368,366,369,-1,363,364,366,-1,368,367,366,-1,371,372,373,-1,374,375,372,-1,376,377,371,-1,378,376,373,-1,374,379,380,-1,380,375,374,-1,374,372,371,-1,371,373,376,-1,381,382,383,-1,384,380,383,-1,381,377,376,-1,385,381,383,-1,381,376,382,-1,383,386,384,-1,385,383,379,-1,380,379,383,-1,387,388,389,-1,390,391,392,-1,393,390,392,-1,387,394,395,-1,389,396,387,-1,395,388,387,-1,397,398,399,-1,388,399,389,-1,400,401,402,-1,403,404,402,-1,405,400,393,-1,406,391,390,-1,393,400,390,-1,407,393,392,-1,399,404,397,-1,389,398,408,-1,389,399,398,-1,408,409,389,-1,410,409,411,-1,404,411,397,-1,404,410,411,-1,409,412,389,-1,409,408,411,-1,412,413,389,-1,414,413,415,-1,404,415,410,-1,404,414,415,-1,413,416,389,-1,413,412,415,-1,416,417,389,-1,418,417,419,-1,404,419,414,-1,404,418,419,-1,417,420,389,-1,417,416,419,-1,420,421,389,-1,422,421,423,-1,404,423,418,-1,404,422,423,-1,421,424,389,-1,421,420,423,-1,424,425,389,-1,426,425,427,-1,404,427,422,-1,404,426,427,-1,425,428,389,-1,425,424,427,-1,428,429,389,-1,430,429,431,-1,404,431,426,-1,404,430,431,-1,429,432,389,-1,429,428,431,-1,432,433,389,-1,434,433,435,-1,404,435,430,-1,404,434,435,-1,433,436,389,-1,433,432,435,-1,436,437,389,-1,438,437,439,-1,404,439,434,-1,404,438,439,-1,437,440,389,-1,437,436,439,-1,440,441,389,-1,442,441,443,-1,404,443,438,-1,404,442,443,-1,441,444,389,-1,441,440,443,-1,444,445,389,-1,446,445,447,-1,404,447,442,-1,404,446,447,-1,445,448,389,-1,445,444,447,-1,448,449,389,-1,450,449,451,-1,404,451,446,-1,404,450,451,-1,449,452,389,-1,449,448,451,-1,452,453,389,-1,454,453,455,-1,404,455,450,-1,404,454,455,-1,453,456,389,-1,453,452,455,-1,456,457,389,-1,458,457,459,-1,404,459,454,-1,404,458,459,-1,457,460,389,-1,457,456,459,-1,460,461,389,-1,462,461,463,-1,404,463,458,-1,404,462,463,-1,461,464,389,-1,461,460,463,-1,464,465,389,-1,466,465,467,-1,404,467,462,-1,404,466,467,-1,465,468,389,-1,465,464,467,-1,468,469,389,-1,470,469,471,-1,404,471,466,-1,404,470,471,-1,469,472,389,-1,469,468,471,-1,472,473,389,-1,474,473,475,-1,404,475,470,-1,404,474,475,-1,473,476,389,-1,473,472,475,-1,476,477,389,-1,478,477,479,-1,404,479,474,-1,404,478,479,-1,477,480,389,-1,477,476,479,-1,480,481,389,-1,482,481,483,-1,404,483,478,-1,404,482,483,-1,481,484,389,-1,481,480,483,-1,389,484,393,-1,403,485,486,-1,404,486,482,-1,404,403,486,-1,393,484,485,-1,485,484,486,-1,393,485,487,-1,488,489,490,-1,403,402,490,-1,490,402,488,-1,393,487,489,-1,489,487,490,-1,393,489,491,-1,492,493,494,-1,488,402,494,-1,494,402,492,-1,393,491,493,-1,493,491,494,-1,393,493,495,-1,496,497,498,-1,492,402,498,-1,498,402,496,-1,393,495,497,-1,497,495,498,-1,393,497,499,-1,500,501,502,-1,496,402,502,-1,502,402,500,-1,393,499,501,-1,501,499,502,-1,393,501,503,-1,504,505,506,-1,500,402,506,-1,506,402,504,-1,393,503,505,-1,505,503,506,-1,393,505,507,-1,508,509,510,-1,504,402,510,-1,510,402,508,-1,393,507,509,-1,509,507,510,-1,393,509,511,-1,512,513,514,-1,508,402,514,-1,514,402,512,-1,393,511,513,-1,513,511,514,-1,393,513,515,-1,516,517,518,-1,512,402,518,-1,518,402,516,-1,393,515,517,-1,517,515,518,-1,393,517,519,-1,520,521,522,-1,516,402,522,-1,522,402,520,-1,393,519,521,-1,521,519,522,-1,393,521,523,-1,524,525,526,-1,520,402,526,-1,526,402,524,-1,393,523,525,-1,525,523,526,-1,393,525,527,-1,528,529,530,-1,524,402,530,-1,530,402,528,-1,393,527,529,-1,529,527,530,-1,393,529,531,-1,532,533,534,-1,528,402,534,-1,534,402,532,-1,393,531,533,-1,533,531,534,-1,393,533,535,-1,536,537,538,-1,532,402,538,-1,538,402,536,-1,393,535,537,-1,537,535,538,-1,393,537,539,-1,540,541,542,-1,536,402,542,-1,542,402,540,-1,393,539,541,-1,541,539,542,-1,393,541,543,-1,544,545,546,-1,540,402,546,-1,546,402,544,-1,393,543,545,-1,545,543,546,-1,393,545,547,-1,548,549,550,-1,544,402,550,-1,550,402,548,-1,393,547,549,-1,549,547,550,-1,393,549,551,-1,552,553,554,-1,548,402,554,-1,554,402,552,-1,393,551,553,-1,553,551,554,-1,393,553,555,-1,556,557,558,-1,552,402,558,-1,558,402,556,-1,393,555,557,-1,557,555,558,-1,393,557,559,-1,560,561,562,-1,556,402,562,-1,562,402,560,-1,393,559,561,-1,561,559,562,-1,393,561,405,-1,405,401,400,-1,560,402,401,-1,563,564,565,-1,564,566,565,-1,565,566,567,-1,568,569,570,-1,565,571,563,-1,572,569,567,-1,566,573,567,-1,567,573,574,-1,574,564,563,-1,565,575,571,-1,565,576,575,-1,577,567,578,-1,563,578,574,-1,567,574,578,-1,577,571,575,-1,565,579,576,-1,565,580,579,-1,581,567,582,-1,575,582,577,-1,567,577,582,-1,581,576,579,-1,565,583,580,-1,579,584,581,-1,565,585,583,-1,581,584,567,-1,567,584,586,-1,586,580,583,-1,565,587,585,-1,565,588,587,-1,589,567,590,-1,583,590,586,-1,567,586,590,-1,589,585,587,-1,565,591,588,-1,565,592,591,-1,593,567,594,-1,587,594,589,-1,567,589,594,-1,593,588,591,-1,565,595,592,-1,591,596,593,-1,565,597,595,-1,593,596,567,-1,567,596,598,-1,598,592,595,-1,565,599,597,-1,565,600,599,-1,601,567,602,-1,595,602,598,-1,567,598,602,-1,601,597,599,-1,565,603,600,-1,565,604,603,-1,605,567,606,-1,599,606,601,-1,567,601,606,-1,605,600,603,-1,565,607,604,-1,603,608,605,-1,565,609,607,-1,605,608,567,-1,567,608,610,-1,610,604,607,-1,565,611,609,-1,565,612,611,-1,613,567,614,-1,607,614,610,-1,567,610,614,-1,613,609,611,-1,565,615,612,-1,565,616,615,-1,617,567,618,-1,611,618,613,-1,567,613,618,-1,617,612,615,-1,565,619,616,-1,615,620,617,-1,565,621,619,-1,617,620,567,-1,567,620,622,-1,622,616,619,-1,565,623,621,-1,565,624,623,-1,625,567,626,-1,619,626,622,-1,567,622,626,-1,625,621,623,-1,565,627,624,-1,565,628,627,-1,629,567,630,-1,623,630,625,-1,567,625,630,-1,629,624,627,-1,565,631,628,-1,627,632,629,-1,565,633,631,-1,629,632,567,-1,567,632,634,-1,634,628,631,-1,565,635,633,-1,565,636,635,-1,637,567,638,-1,631,638,634,-1,567,634,638,-1,637,633,635,-1,565,639,636,-1,565,640,639,-1,641,567,642,-1,635,642,637,-1,567,637,642,-1,641,636,639,-1,565,643,640,-1,639,644,641,-1,565,645,643,-1,641,644,567,-1,567,644,646,-1,646,640,643,-1,647,645,565,-1,648,645,647,-1,649,567,650,-1,643,650,646,-1,567,646,650,-1,649,645,648,-1,651,648,647,-1,652,651,647,-1,569,572,653,-1,648,572,649,-1,572,567,649,-1,653,651,652,-1,654,652,647,-1,652,655,653,-1,656,654,647,-1,653,655,569,-1,569,655,657,-1,657,654,656,-1,658,656,647,-1,659,658,647,-1,569,660,661,-1,656,660,657,-1,569,657,660,-1,661,658,659,-1,662,659,647,-1,663,662,647,-1,569,664,665,-1,659,664,661,-1,569,661,664,-1,665,662,663,-1,666,663,647,-1,663,667,665,-1,668,666,647,-1,665,667,569,-1,569,667,669,-1,669,666,668,-1,670,668,647,-1,671,670,647,-1,569,672,673,-1,668,672,669,-1,569,669,672,-1,673,670,671,-1,674,671,647,-1,675,674,647,-1,569,676,677,-1,671,676,673,-1,569,673,676,-1,677,674,675,-1,678,675,647,-1,675,679,677,-1,680,678,647,-1,677,679,569,-1,569,679,681,-1,681,678,680,-1,682,680,647,-1,569,568,647,-1,569,683,684,-1,680,683,681,-1,569,681,683,-1,647,685,682,-1,684,682,685,-1,647,686,685,-1,569,687,688,-1,685,687,684,-1,569,684,687,-1,647,689,686,-1,688,686,689,-1,647,690,689,-1,689,691,688,-1,688,691,569,-1,569,691,692,-1,647,693,690,-1,692,690,693,-1,647,694,693,-1,569,695,696,-1,693,695,692,-1,569,692,695,-1,647,697,694,-1,696,694,697,-1,647,698,697,-1,569,699,700,-1,697,699,696,-1,569,696,699,-1,647,701,698,-1,700,698,701,-1,647,702,701,-1,701,703,700,-1,700,703,569,-1,569,703,704,-1,647,705,702,-1,704,702,705,-1,647,706,705,-1,569,707,708,-1,705,707,704,-1,569,704,707,-1,647,709,706,-1,708,706,709,-1,647,710,709,-1,569,711,712,-1,709,711,708,-1,569,708,711,-1,647,713,710,-1,712,710,713,-1,647,714,713,-1,713,715,712,-1,712,715,569,-1,569,715,716,-1,647,717,714,-1,716,714,717,-1,647,718,717,-1,569,719,720,-1,717,719,716,-1,569,716,719,-1,647,721,718,-1,720,718,721,-1,647,722,721,-1,569,723,724,-1,721,723,720,-1,569,720,723,-1,647,725,722,-1,724,722,725,-1,647,568,725,-1,725,726,724,-1,724,726,569,-1,569,726,570,-1,402,404,727,-1,727,728,402,-1,729,730,387,-1,729,387,396,-1,731,399,388,-1,388,732,731,-1,388,395,733,-1,733,732,388,-1,734,735,736,-1,735,734,737,-1,367,365,363,-1,367,738,365,-1,739,740,741,-1,741,742,739,-1,367,368,743,-1,735,737,730,-1,729,735,730,-1,367,737,738,-1,737,367,730,-1,730,367,743,-1,368,739,743,-1,742,743,739,-1,744,393,745,-1,393,744,389,-1,746,747,741,-1,741,740,746,-1,370,748,739,-1,739,368,370,-1,739,746,740,-1,739,748,746,-1,749,384,750,-1,751,749,752,-1,747,78,137,-1,747,746,78,-1,370,78,746,-1,749,751,384,-1,750,384,386,-1,386,753,750,-1,565,754,647,-1,749,747,752,-1,747,754,752,-1,565,752,754,-1,754,747,137,-1,370,746,748,-1,359,647,754,-1,755,569,359,-1,647,359,569,-1,359,360,755,-1,359,754,137,-1,359,137,117,-1,756,736,757,-1,758,759,760,-1,756,734,736,-1,761,762,745,-1,763,764,765,-1,758,760,745,-1,758,766,759,-1,745,760,761,-1,767,766,758,-1,761,766,762,-1,768,769,770,-1,767,762,766,-1,758,769,767,-1,745,762,768,-1,771,758,772,-1,768,770,745,-1,773,772,774,-1,769,758,771,-1,769,771,770,-1,770,773,745,-1,758,763,772,-1,773,774,745,-1,775,765,776,-1,763,774,772,-1,764,763,758,-1,774,775,745,-1,734,756,764,-1,745,775,744,-1,777,757,778,-1,765,764,756,-1,765,756,776,-1,744,775,776,-1,778,757,736,-1,744,776,779,-1,780,736,781,-1,757,777,779,-1,736,780,778,-1,744,779,777,-1,781,736,782,-1,744,777,783,-1,782,736,784,-1,780,785,783,-1,780,781,785,-1,744,783,785,-1,784,736,786,-1,744,785,787,-1,744,788,736,-1,782,789,787,-1,782,784,789,-1,744,787,789,-1,736,788,786,-1,744,789,788,-1,727,790,791,-1,791,728,727,-1,396,389,744,-1,735,396,736,-1,744,736,396,-1,396,735,729,-1,733,395,394,-1,733,394,743,-1,742,733,743,-1,733,742,792,-1,743,387,730,-1,743,394,387,-1,793,790,727,-1,399,793,404,-1,727,404,793,-1,793,399,731,-1,794,758,795,-1,794,764,758,-1,372,752,565,-1,796,372,567,-1,565,567,372,-1,372,796,373,-1,797,798,799,-1,792,790,793,-1,800,790,801,-1,790,792,742,-1,802,791,803,-1,797,799,804,-1,805,806,791,-1,798,807,799,-1,749,807,798,-1,791,799,803,-1,808,804,799,-1,809,749,798,-1,808,799,810,-1,747,749,811,-1,749,809,812,-1,813,812,797,-1,810,799,814,-1,799,791,814,-1,749,813,815,-1,812,813,749,-1,797,804,813,-1,816,815,808,-1,791,817,814,-1,791,818,817,-1,749,816,819,-1,815,816,749,-1,808,810,816,-1,820,819,814,-1,791,821,818,-1,791,822,821,-1,749,820,823,-1,819,820,749,-1,814,817,820,-1,824,823,818,-1,791,825,822,-1,791,826,825,-1,749,824,827,-1,823,824,749,-1,818,821,824,-1,828,827,822,-1,791,829,826,-1,791,830,829,-1,749,828,831,-1,827,828,749,-1,822,825,828,-1,832,831,826,-1,791,833,830,-1,791,834,833,-1,749,832,835,-1,831,832,749,-1,826,829,832,-1,836,835,830,-1,791,837,834,-1,791,838,837,-1,749,836,839,-1,835,836,749,-1,830,833,836,-1,840,839,834,-1,791,841,838,-1,791,842,841,-1,749,840,843,-1,839,840,749,-1,834,837,840,-1,844,843,838,-1,791,845,842,-1,791,846,845,-1,749,844,847,-1,843,844,749,-1,838,841,844,-1,848,847,842,-1,791,849,846,-1,791,850,849,-1,749,848,851,-1,847,848,749,-1,842,845,848,-1,852,851,846,-1,791,853,850,-1,791,854,853,-1,749,852,855,-1,851,852,749,-1,846,849,852,-1,856,855,850,-1,791,857,854,-1,791,858,857,-1,749,856,859,-1,855,856,749,-1,850,853,856,-1,860,859,854,-1,791,861,858,-1,791,806,861,-1,749,860,862,-1,859,860,749,-1,854,857,860,-1,863,862,858,-1,864,805,791,-1,864,791,865,-1,749,863,866,-1,862,863,749,-1,858,861,863,-1,867,866,806,-1,865,791,868,-1,868,791,869,-1,749,867,870,-1,866,867,749,-1,806,805,867,-1,871,870,864,-1,869,791,872,-1,872,791,873,-1,749,871,874,-1,870,871,749,-1,864,865,871,-1,875,874,868,-1,873,791,876,-1,876,791,877,-1,749,875,878,-1,874,875,749,-1,868,869,875,-1,879,878,872,-1,877,791,880,-1,880,791,881,-1,749,879,882,-1,878,879,749,-1,872,873,879,-1,883,882,876,-1,791,790,881,-1,790,884,881,-1,749,883,811,-1,882,883,749,-1,876,877,883,-1,885,811,880,-1,790,886,884,-1,790,887,886,-1,885,888,747,-1,811,885,747,-1,880,881,885,-1,889,888,884,-1,790,890,887,-1,790,891,890,-1,889,892,747,-1,888,889,747,-1,884,886,889,-1,893,892,887,-1,790,894,891,-1,790,895,894,-1,893,896,747,-1,892,893,747,-1,887,890,893,-1,897,896,891,-1,790,898,895,-1,790,899,898,-1,897,900,747,-1,896,897,747,-1,891,894,897,-1,901,900,895,-1,790,800,899,-1,902,801,790,-1,901,903,747,-1,900,901,747,-1,895,898,901,-1,904,903,899,-1,902,790,905,-1,905,790,906,-1,904,907,747,-1,903,904,747,-1,899,800,904,-1,908,907,801,-1,906,790,909,-1,909,790,910,-1,908,911,747,-1,907,908,747,-1,801,902,908,-1,912,911,905,-1,910,790,913,-1,913,790,914,-1,912,915,747,-1,911,912,747,-1,905,906,912,-1,916,915,909,-1,914,790,917,-1,917,790,918,-1,916,919,747,-1,915,916,747,-1,909,910,916,-1,920,919,913,-1,918,790,921,-1,921,790,922,-1,920,923,747,-1,919,920,747,-1,913,914,920,-1,924,923,917,-1,922,790,925,-1,925,790,926,-1,924,927,747,-1,923,924,747,-1,917,918,924,-1,928,927,921,-1,926,790,929,-1,929,790,930,-1,928,931,747,-1,927,928,747,-1,921,922,928,-1,932,931,925,-1,930,790,933,-1,933,790,934,-1,932,935,747,-1,931,932,747,-1,925,926,932,-1,936,935,929,-1,934,790,937,-1,937,790,938,-1,936,939,747,-1,935,936,747,-1,929,930,936,-1,940,939,933,-1,938,790,941,-1,941,790,942,-1,940,943,747,-1,939,940,747,-1,933,934,940,-1,944,943,937,-1,942,790,945,-1,945,790,946,-1,944,947,747,-1,943,944,747,-1,937,938,944,-1,948,947,941,-1,946,790,949,-1,790,742,949,-1,948,950,747,-1,947,948,747,-1,941,942,948,-1,951,950,945,-1,742,952,949,-1,742,953,952,-1,951,954,747,-1,950,951,747,-1,945,946,951,-1,955,954,949,-1,742,956,953,-1,742,957,956,-1,955,958,747,-1,954,955,747,-1,949,952,955,-1,959,958,953,-1,741,957,742,-1,747,957,741,-1,959,960,747,-1,747,960,957,-1,958,959,747,-1,953,956,959,-1,750,807,749,-1,807,750,961,-1,407,392,962,-1,962,963,407,-1,964,807,961,-1,807,964,799,-1,382,965,383,-1,795,962,794,-1,963,962,795,-1,382,966,794,-1,794,962,382,-1,962,965,382,-1,383,965,964,-1,799,964,965,-1,755,967,968,-1,967,755,360,-1,969,970,971,-1,734,365,738,-1,737,734,738,-1,972,365,734,-1,764,794,966,-1,973,974,796,-1,966,378,764,-1,796,974,373,-1,373,975,976,-1,977,971,970,-1,969,373,974,-1,978,969,971,-1,764,378,976,-1,979,980,981,-1,979,981,982,-1,983,980,979,-1,984,985,979,-1,986,987,988,-1,978,975,969,-1,984,988,987,-1,989,980,983,-1,976,990,764,-1,991,992,993,-1,985,994,995,-1,992,991,996,-1,997,998,999,-1,998,997,1000,-1,1001,1002,1003,-1,1004,1005,1000,-1,1003,1002,1006,-1,1007,1008,1002,-1,1009,1010,1011,-1,1011,1012,1013,-1,972,1012,360,-1,1009,1011,1013,-1,360,1011,967,-1,969,975,373,-1,989,971,980,-1,373,976,378,-1,978,971,989,-1,764,990,1014,-1,975,1015,1014,-1,1014,1015,764,-1,994,984,987,-1,987,996,1016,-1,975,978,1015,-1,983,979,985,-1,1015,1017,764,-1,989,1018,1017,-1,1017,1018,764,-1,1019,996,991,-1,991,1000,1005,-1,989,983,1018,-1,994,985,984,-1,1018,1020,764,-1,985,995,1020,-1,1020,995,764,-1,1004,1000,997,-1,1006,1021,997,-1,987,1016,994,-1,991,1005,1019,-1,995,1022,764,-1,1016,996,1019,-1,764,1022,734,-1,1006,1002,1008,-1,1016,1023,1022,-1,1016,1019,1023,-1,734,1022,1023,-1,1005,1004,1024,-1,734,1023,1025,-1,1007,1002,1013,-1,1024,1025,1005,-1,997,1021,1004,-1,734,1025,1024,-1,1021,1006,1008,-1,734,1024,1026,-1,1011,360,1012,-1,1027,1026,1021,-1,1021,1008,1027,-1,734,1026,1027,-1,1007,1013,1012,-1,734,1027,1028,-1,365,972,360,-1,1029,1028,1007,-1,1007,1012,1029,-1,734,1028,1029,-1,972,734,1030,-1,734,1029,1030,-1,375,752,372,-1,375,751,752,-1,382,376,378,-1,382,378,966,-1,1031,406,390,-1,406,1031,1032,-1,1033,569,755,-1,1010,1009,1034,-1,1035,569,1034,-1,1034,1036,1010,-1,1001,1003,1037,-1,1037,1038,569,-1,1034,569,1036,-1,1001,1037,1035,-1,999,998,1039,-1,569,1040,567,-1,569,1039,1040,-1,999,1039,1038,-1,993,992,1041,-1,1035,1037,569,-1,1038,1039,569,-1,993,1041,1040,-1,986,988,1042,-1,567,1043,1042,-1,1041,1043,567,-1,986,1042,1043,-1,982,981,1044,-1,567,1044,1045,-1,1044,567,1046,-1,982,1044,1046,-1,977,970,1047,-1,567,1040,1041,-1,567,1042,1046,-1,977,1047,1045,-1,1048,973,796,-1,567,1047,1048,-1,1047,567,1045,-1,1048,796,567,-1,1036,569,1033,-1,1033,755,968,-1,802,728,791,-1,400,402,802,-1,728,802,402,-1,802,1049,400,-1,792,731,732,-1,732,733,792,-1,731,792,793,-1,407,745,393,-1,795,758,407,-1,745,407,758,-1,407,963,795,-1,386,964,753,-1,964,386,383,-1,1049,390,400,-1,390,1049,1031,-1,391,962,392,-1,962,391,965,-1,384,751,375,-1,375,380,384,-1,1032,391,406,-1,1032,965,391,-1,799,965,1032,-1,1032,803,799,-1,803,1031,1049,-1,1031,803,1032,-1,1049,802,803,-1,961,750,753,-1,961,753,964,-1,1050,1051,1052,-1,1053,1054,1055,-1,1051,1056,1057,-1,1057,1052,1051,-1,1058,1056,1059,-1,1056,1058,1057,-1,1052,1060,1050,-1,1058,1059,1061,-1,1050,1060,1062,-1,1063,1064,1062,-1,1062,1060,1063,-1,1064,1065,1053,-1,1065,1064,1063,-1,1065,1054,1053,-1,1066,1054,1067,-1,1066,1055,1054,-1,1055,1068,1053,-1,1069,1068,1070,-1,1068,1055,1070,-1,1071,1072,1073,-1,1071,1074,1072,-1,1075,1074,1076,-1,1074,1071,1076,-1,1075,1076,1077,-1,1078,1079,1080,-1,1081,1082,1083,-1,1084,1080,1079,-1,1081,1085,1082,-1,1078,1082,1085,-1,1078,1086,1079,-1,1086,1078,1085,-1,1079,1086,1087,-1,1087,1088,1089,-1,1089,1079,1087,-1,1089,1090,1091,-1,1090,1089,1088,-1,1092,1091,1093,-1,1090,1093,1091,-1,1094,1095,1096,-1,1097,1098,1099,-1,1095,1100,1101,-1,1101,1096,1095,-1,1102,1100,1103,-1,1100,1102,1101,-1,1096,1104,1094,-1,1102,1103,1105,-1,1094,1104,1106,-1,1107,1108,1106,-1,1106,1104,1107,-1,1108,1109,1097,-1,1109,1108,1107,-1,1109,1098,1097,-1,1110,1098,1111,-1,1110,1099,1098,-1,1099,1112,1097,-1,1113,1112,1114,-1,1112,1099,1114,-1,1115,1116,1117,-1,1115,1118,1116,-1,1119,1118,1120,-1,1120,1121,1119,-1,1118,1115,1120,-1,1122,1123,1124,-1,1125,1126,1127,-1,1125,1128,1126,-1,1129,1128,1125,-1,1123,1125,1127,-1,1122,1124,1130,-1,1125,1123,1122,-1,1130,1124,1131,-1,1132,1130,1131,-1,1133,1132,1134,-1,1131,1134,1132,-1,1134,1135,1136,-1,1134,1137,1135,-1,1134,1136,1133,-1,
        ]
    }
}
Shape{
    appearance Appearance {
        material  Material 	{
            diffuseColor 0.9647058823529412 0.8784313725490196 0.6
            specularColor 0.7529411764705882 0.7529411764705882 0.7529411764705882
            ambientIntensity 1.0
            transparency 1.0
            shininess 0.5
        }
    }
    geometry IndexedFaceSet {
        ccw TRUE
        solid FALSE
        coord DEF co Coordinate {
            point [
                -3.4213 -1.2375 0.2001, -3.4685 -1.2375 0.2001, -3.4685 -1.2409 0.195, -3.4685 -1.2421 0.189, -3.4213 -1.2409 0.195, -3.4213 -1.2421 0.189, -3.4213 -1.2324 0.2035, -3.4685 -1.2324 0.2035, -3.4213 -1.2264 0.2047, -3.4685 -1.2264 0.2047, -3.4213 -1.2436 0.1814, -3.4213 -1.2618 0.1693, -3.4213 -1.2543 0.1708, -3.4685 -1.2543 0.1708, -3.4213 -1.2479 0.1751, -3.4685 -1.2436 0.1814, -3.4685 -1.2479 0.1751, -3.4685 -1.2618 0.1693, -3.4685 -1.2618 0.0906, -3.4213 -1.2618 0.0906, -3.4213 -1.2543 0.0891, -3.4213 -1.2421 0.0709, -3.4213 -1.2436 0.0784, -3.4685 -1.2436 0.0784, -3.4213 -1.2479 0.0848, -3.4685 -1.2543 0.0891, -3.4685 -1.2479 0.0848, -3.4685 -1.2421 0.0709, -3.4685 -1.2421 0.0197, -3.4213 -1.2421 0.0197, -3.4213 -1.2224 0.0, -3.4685 -1.2224 0.0, -3.4685 -1.2147 0.0016, -3.4213 -1.2185 0.0004, -3.4685 -1.2185 0.0004, -3.4213 -1.2147 0.0016, -3.4213 -1.1891 0.0187, -3.4685 -1.1891 0.0187, -3.4213 -1.1827 0.0197, -3.4213 -1.1762 0.0185, -3.4685 -1.1827 0.0197, -3.4685 -1.1762 0.0185, -3.4213 -1.1595 0.0079, -3.4685 -1.1595 0.0079, -3.4213 -0.9272 0.0315, -3.4685 -0.9272 0.0315, -3.4213 -0.9316 0.0439, -3.4213 -0.9283 0.0381, -3.4685 -0.9316 0.0439, -3.4685 -0.9366 0.0483, -3.4213 -0.9366 0.0483, -3.4685 -0.9283 0.0381, -3.4685 -1.1555 0.0827, -3.4213 -1.1555 0.1299, -3.4213 -1.1555 0.0827, -3.4685 -1.1555 0.1299, -3.4213 -0.9413 0.0512, -3.4213 -1.1437 0.2047, -3.4213 -1.1541 0.0753, -3.4213 -1.1437 0.148, -3.4213 -1.1499 0.1437, -3.4213 -1.1541 0.1373, -3.4213 -1.1437 0.0646, -3.4213 -1.1499 0.0689, -3.4213 -1.1437 0.0512, -3.4685 -0.9413 0.0512, -3.4685 -1.1541 0.1373, -3.4685 -1.1437 0.2047, -3.4685 -1.1437 0.0512, -3.4685 -1.1499 0.0689, -3.4685 -1.1541 0.0753, -3.4685 -1.1499 0.1437, -3.4685 -1.1437 0.0646, -3.4685 -1.1437 0.148, -3.4213 -0.5083 0.2994, -3.4213 -0.5158 0.3001, -3.4213 -0.523 0.2978, -3.4213 -0.4685 0.2087, -3.4213 -0.5864 0.2199, -3.4213 -0.5889 0.2164, -3.4213 -0.6039 0.2087, -3.4213 -0.6045 0.2087, -3.4213 -0.592 0.2135, -3.4213 -0.5956 0.2111, -3.4213 -0.5996 0.2095, -3.4213 -0.5017 0.2958, -3.4213 -0.497 0.2899, -3.4213 -0.5287 0.293, -3.4685 -0.4685 0.2087, -3.4685 -0.5889 0.2164, -3.4685 -0.5864 0.2199, -3.4685 -0.5083 0.2994, -3.4685 -0.523 0.2978, -3.4685 -0.5158 0.3001, -3.4685 -0.5287 0.293, -3.4685 -0.5017 0.2958, -3.4685 -0.497 0.2899, -3.4685 -0.6045 0.2087, -3.4685 -0.6039 0.2087, -3.4685 -0.592 0.2135, -3.4685 -0.5996 0.2095, -3.4685 -0.5956 0.2111, -2.437 -1.2375 0.2001, -2.4843 -1.2375 0.2001, -2.4843 -1.2409 0.195, -2.4843 -1.2421 0.189, -2.437 -1.2409 0.195, -2.437 -1.2421 0.189, -2.437 -1.2324 0.2035, -2.4843 -1.2324 0.2035, -2.437 -1.2264 0.2047, -2.4843 -1.2264 0.2047, -2.437 -1.2436 0.1814, -2.437 -1.2618 0.1693, -2.437 -1.2543 0.1708, -2.4843 -1.2543 0.1708, -2.437 -1.2479 0.1751, -2.4843 -1.2436 0.1814, -2.4843 -1.2479 0.1751, -2.4843 -1.2618 0.1693, -2.4843 -1.2618 0.0906, -2.437 -1.2618 0.0906, -2.437 -1.2543 0.0891, -2.437 -1.2421 0.0709, -2.437 -1.2436 0.0784, -2.4843 -1.2436 0.0784, -2.437 -1.2479 0.0848, -2.4843 -1.2543 0.0891, -2.4843 -1.2479 0.0848, -2.4843 -1.2421 0.0709, -2.4843 -1.2421 0.0197, -2.437 -1.2421 0.0197, -2.437 -1.2224 0.0, -2.4843 -1.2224 0.0, -2.4843 -1.2147 0.0016, -2.437 -1.2185 0.0004, -2.4843 -1.2185 0.0004, -2.437 -1.2147 0.0016, -2.437 -1.1891 0.0187, -2.4843 -1.1891 0.0187, -2.437 -1.1827 0.0197, -2.437 -1.1762 0.0185, -2.4843 -1.1827 0.0197, -2.4843 -1.1762 0.0185, -2.437 -1.1595 0.0079, -2.4843 -1.1595 0.0079, -2.437 -0.9272 0.0315, -2.4843 -0.9272 0.0315, -2.437 -0.9316 0.0439, -2.437 -0.9283 0.0381, -2.4843 -0.9316 0.0439, -2.4843 -0.9366 0.0483, -2.437 -0.9366 0.0483, -2.4843 -0.9283 0.0381, -2.4843 -1.1555 0.0827, -2.437 -1.1555 0.1299, -2.437 -1.1555 0.0827, -2.4843 -1.1555 0.1299, -2.437 -0.9413 0.0512, -2.437 -1.1437 0.2047, -2.437 -1.1541 0.0753, -2.437 -1.1437 0.148, -2.437 -1.1499 0.1437, -2.437 -1.1541 0.1373, -2.437 -1.1437 0.0646, -2.437 -1.1499 0.0689, -2.437 -1.1437 0.0512, -2.4843 -0.9413 0.0512, -2.4843 -1.1541 0.1373, -2.4843 -1.1437 0.2047, -2.4843 -1.1437 0.0512, -2.4843 -1.1499 0.0689, -2.4843 -1.1541 0.0753, -2.4843 -1.1499 0.1437, -2.4843 -1.1437 0.0646, -2.4843 -1.1437 0.148, -2.437 -0.5083 0.2994, -2.437 -0.5158 0.3001, -2.437 -0.523 0.2978, -2.437 -0.4685 0.2087, -2.437 -0.5864 0.2199, -2.437 -0.5889 0.2164, -2.437 -0.6039 0.2087, -2.437 -0.6045 0.2087, -2.437 -0.592 0.2135, -2.437 -0.5956 0.2111, -2.437 -0.5996 0.2095, -2.437 -0.5017 0.2958, -2.437 -0.497 0.2899, -2.437 -0.5287 0.293, -2.4843 -0.4685 0.2087, -2.4843 -0.5889 0.2164, -2.4843 -0.5864 0.2199, -2.4843 -0.5083 0.2994, -2.4843 -0.523 0.2978, -2.4843 -0.5158 0.3001, -2.4843 -0.5287 0.293, -2.4843 -0.5017 0.2958, -2.4843 -0.497 0.2899, -2.4843 -0.6045 0.2087, -2.4843 -0.6039 0.2087, -2.4843 -0.592 0.2135, -2.4843 -0.5996 0.2095, -2.4843 -0.5956 0.2111, -1.4528 -1.2375 0.2001, -1.5 -1.2375 0.2001, -1.5 -1.2409 0.195, -1.5 -1.2421 0.189, -1.4528 -1.2409 0.195, -1.4528 -1.2421 0.189, -1.4528 -1.2324 0.2035, -1.5 -1.2324 0.2035, -1.4528 -1.2264 0.2047, -1.5 -1.2264 0.2047, -1.4528 -1.2436 0.1814, -1.4528 -1.2618 0.1693, -1.4528 -1.2543 0.1708, -1.5 -1.2543 0.1708, -1.4528 -1.2479 0.1751, -1.5 -1.2436 0.1814, -1.5 -1.2479 0.1751, -1.5 -1.2618 0.1693, -1.5 -1.2618 0.0906, -1.4528 -1.2618 0.0906, -1.4528 -1.2543 0.0891, -1.4528 -1.2421 0.0709, -1.4528 -1.2436 0.0784, -1.5 -1.2436 0.0784, -1.4528 -1.2479 0.0848, -1.5 -1.2543 0.0891, -1.5 -1.2479 0.0848, -1.5 -1.2421 0.0709, -1.5 -1.2421 0.0197, -1.4528 -1.2421 0.0197, -1.4528 -1.2224 0.0, -1.5 -1.2224 0.0, -1.5 -1.2147 0.0016, -1.4528 -1.2185 0.0004, -1.5 -1.2185 0.0004, -1.4528 -1.2147 0.0016, -1.4528 -1.1891 0.0187, -1.5 -1.1891 0.0187, -1.4528 -1.1827 0.0197, -1.4528 -1.1762 0.0185, -1.5 -1.1827 0.0197, -1.5 -1.1762 0.0185, -1.4528 -1.1595 0.0079, -1.5 -1.1595 0.0079, -1.4528 -0.9272 0.0315, -1.5 -0.9272 0.0315, -1.4528 -0.9316 0.0439, -1.4528 -0.9283 0.0381, -1.5 -0.9316 0.0439, -1.5 -0.9366 0.0483, -1.4528 -0.9366 0.0483, -1.5 -0.9283 0.0381, -1.5 -1.1555 0.0827, -1.4528 -1.1555 0.1299, -1.4528 -1.1555 0.0827, -1.5 -1.1555 0.1299, -1.4528 -0.9413 0.0512, -1.4528 -1.1437 0.2047, -1.4528 -1.1541 0.0753, -1.4528 -1.1437 0.148, -1.4528 -1.1499 0.1437, -1.4528 -1.1541 0.1373, -1.4528 -1.1437 0.0646, -1.4528 -1.1499 0.0689, -1.4528 -1.1437 0.0512, -1.5 -0.9413 0.0512, -1.5 -1.1541 0.1373, -1.5 -1.1437 0.2047, -1.5 -1.1437 0.0512, -1.5 -1.1499 0.0689, -1.5 -1.1541 0.0753, -1.5 -1.1499 0.1437, -1.5 -1.1437 0.0646, -1.5 -1.1437 0.148, -1.4528 -0.5083 0.2994, -1.4528 -0.5158 0.3001, -1.4528 -0.523 0.2978, -1.4528 -0.4685 0.2087, -1.4528 -0.5864 0.2199, -1.4528 -0.5889 0.2164, -1.4528 -0.6039 0.2087, -1.4528 -0.6045 0.2087, -1.4528 -0.592 0.2135, -1.4528 -0.5956 0.2111, -1.4528 -0.5996 0.2095, -1.4528 -0.5017 0.2958, -1.4528 -0.497 0.2899, -1.4528 -0.5287 0.293, -1.5 -0.4685 0.2087, -1.5 -0.5889 0.2164, -1.5 -0.5864 0.2199, -1.5 -0.5083 0.2994, -1.5 -0.523 0.2978, -1.5 -0.5158 0.3001, -1.5 -0.5287 0.293, -1.5 -0.5017 0.2958, -1.5 -0.497 0.2899, -1.5 -0.6045 0.2087, -1.5 -0.6039 0.2087, -1.5 -0.592 0.2135, -1.5 -0.5996 0.2095, -1.5 -0.5956 0.2111, -0.4685 -1.2375 0.2001, -0.5158 -1.2375 0.2001, -0.5158 -1.2409 0.195, -0.5158 -1.2421 0.189, -0.4685 -1.2409 0.195, -0.4685 -1.2421 0.189, -0.4685 -1.2324 0.2035, -0.5158 -1.2324 0.2035, -0.4685 -1.2264 0.2047, -0.5158 -1.2264 0.2047, -0.4685 -1.2436 0.1814, -0.4685 -1.2618 0.1693, -0.4685 -1.2543 0.1708, -0.5158 -1.2543 0.1708, -0.4685 -1.2479 0.1751, -0.5158 -1.2436 0.1814, -0.5158 -1.2479 0.1751, -0.5158 -1.2618 0.1693, -0.5158 -1.2618 0.0906, -0.4685 -1.2618 0.0906, -0.4685 -1.2543 0.0891, -0.4685 -1.2421 0.0709, -0.4685 -1.2436 0.0784, -0.5158 -1.2436 0.0784, -0.4685 -1.2479 0.0848, -0.5158 -1.2543 0.0891, -0.5158 -1.2479 0.0848, -0.5158 -1.2421 0.0709, -0.5158 -1.2421 0.0197, -0.4685 -1.2421 0.0197, -0.4685 -1.2224 0.0, -0.5158 -1.2224 0.0, -0.5158 -1.2147 0.0016, -0.4685 -1.2185 0.0004, -0.5158 -1.2185 0.0004, -0.4685 -1.2147 0.0016, -0.4685 -1.1891 0.0187, -0.5158 -1.1891 0.0187, -0.4685 -1.1827 0.0197, -0.4685 -1.1762 0.0185, -0.5158 -1.1827 0.0197, -0.5158 -1.1762 0.0185, -0.4685 -1.1595 0.0079, -0.5158 -1.1595 0.0079, -0.4685 -0.9272 0.0315, -0.5158 -0.9272 0.0315, -0.4685 -0.9316 0.0439, -0.4685 -0.9283 0.0381, -0.5158 -0.9316 0.0439, -0.5158 -0.9366 0.0483, -0.4685 -0.9366 0.0483, -0.5158 -0.9283 0.0381, -0.5158 -1.1555 0.0827, -0.4685 -1.1555 0.1299, -0.4685 -1.1555 0.0827, -0.5158 -1.1555 0.1299, -0.4685 -0.9413 0.0512, -0.4685 -1.1437 0.2047, -0.4685 -1.1541 0.0753, -0.4685 -1.1437 0.148, -0.4685 -1.1499 0.1437, -0.4685 -1.1541 0.1373, -0.4685 -1.1437 0.0646, -0.4685 -1.1499 0.0689, -0.4685 -1.1437 0.0512, -0.5158 -0.9413 0.0512, -0.5158 -1.1541 0.1373, -0.5158 -1.1437 0.2047, -0.5158 -1.1437 0.0512, -0.5158 -1.1499 0.0689, -0.5158 -1.1541 0.0753, -0.5158 -1.1499 0.1437, -0.5158 -1.1437 0.0646, -0.5158 -1.1437 0.148, -0.4685 -0.5083 0.2994, -0.4685 -0.5158 0.3001, -0.4685 -0.523 0.2978, -0.4685 -0.4685 0.2087, -0.4685 -0.5864 0.2199, -0.4685 -0.5889 0.2164, -0.4685 -0.6039 0.2087, -0.4685 -0.6045 0.2087, -0.4685 -0.592 0.2135, -0.4685 -0.5956 0.2111, -0.4685 -0.5996 0.2095, -0.4685 -0.5017 0.2958, -0.4685 -0.497 0.2899, -0.4685 -0.5287 0.293, -0.5158 -0.4685 0.2087, -0.5158 -0.5889 0.2164, -0.5158 -0.5864 0.2199, -0.5158 -0.5083 0.2994, -0.5158 -0.523 0.2978, -0.5158 -0.5158 0.3001, -0.5158 -0.5287 0.293, -0.5158 -0.5017 0.2958, -0.5158 -0.497 0.2899, -0.5158 -0.6045 0.2087, -0.5158 -0.6039 0.2087, -0.5158 -0.592 0.2135, -0.5158 -0.5996 0.2095, -0.5158 -0.5956 0.2111, 0.5157 -1.2375 0.2001, 0.4685 -1.2375 0.2001, 0.4685 -1.2409 0.195, 0.4685 -1.2421 0.189, 0.5157 -1.2409 0.195, 0.5157 -1.2421 0.189, 0.5157 -1.2324 0.2035, 0.4685 -1.2324 0.2035, 0.5157 -1.2264 0.2047, 0.4685 -1.2264 0.2047, 0.5157 -1.2436 0.1814, 0.5157 -1.2618 0.1693, 0.5157 -1.2543 0.1708, 0.4685 -1.2543 0.1708, 0.5157 -1.2479 0.1751, 0.4685 -1.2436 0.1814, 0.4685 -1.2479 0.1751, 0.4685 -1.2618 0.1693, 0.4685 -1.2618 0.0906, 0.5157 -1.2618 0.0906, 0.5157 -1.2543 0.0891, 0.5157 -1.2421 0.0709, 0.5157 -1.2436 0.0784, 0.4685 -1.2436 0.0784, 0.5157 -1.2479 0.0848, 0.4685 -1.2543 0.0891, 0.4685 -1.2479 0.0848, 0.4685 -1.2421 0.0709, 0.4685 -1.2421 0.0197, 0.5157 -1.2421 0.0197, 0.5157 -1.2224 0.0, 0.4685 -1.2224 0.0, 0.4685 -1.2147 0.0016, 0.5157 -1.2185 0.0004, 0.4685 -1.2185 0.0004, 0.5157 -1.2147 0.0016, 0.5157 -1.1891 0.0187, 0.4685 -1.1891 0.0187, 0.5157 -1.1827 0.0197, 0.5157 -1.1762 0.0185, 0.4685 -1.1827 0.0197, 0.4685 -1.1762 0.0185, 0.5157 -1.1595 0.0079, 0.4685 -1.1595 0.0079, 0.5157 -0.9272 0.0315, 0.4685 -0.9272 0.0315, 0.5157 -0.9316 0.0439, 0.5157 -0.9283 0.0381, 0.4685 -0.9316 0.0439, 0.4685 -0.9366 0.0483, 0.5157 -0.9366 0.0483, 0.4685 -0.9283 0.0381, 0.4685 -1.1555 0.0827, 0.5157 -1.1555 0.1299, 0.5157 -1.1555 0.0827, 0.4685 -1.1555 0.1299, 0.5157 -0.9413 0.0512, 0.5157 -1.1437 0.2047, 0.5157 -1.1541 0.0753, 0.5157 -1.1437 0.148, 0.5157 -1.1499 0.1437, 0.5157 -1.1541 0.1373, 0.5157 -1.1437 0.0646, 0.5157 -1.1499 0.0689, 0.5157 -1.1437 0.0512, 0.4685 -0.9413 0.0512, 0.4685 -1.1541 0.1373, 0.4685 -1.1437 0.2047, 0.4685 -1.1437 0.0512, 0.4685 -1.1499 0.0689, 0.4685 -1.1541 0.0753, 0.4685 -1.1499 0.1437, 0.4685 -1.1437 0.0646, 0.4685 -1.1437 0.148, 0.5157 -0.5083 0.2994, 0.5157 -0.5158 0.3001, 0.5157 -0.523 0.2978, 0.5157 -0.4685 0.2087, 0.5157 -0.5864 0.2199, 0.5157 -0.5889 0.2164, 0.5157 -0.6039 0.2087, 0.5157 -0.6045 0.2087, 0.5157 -0.592 0.2135, 0.5157 -0.5956 0.2111, 0.5157 -0.5996 0.2095, 0.5157 -0.5017 0.2958, 0.5157 -0.497 0.2899, 0.5157 -0.5287 0.293, 0.4685 -0.4685 0.2087, 0.4685 -0.5889 0.2164, 0.4685 -0.5864 0.2199, 0.4685 -0.5083 0.2994, 0.4685 -0.523 0.2978, 0.4685 -0.5158 0.3001, 0.4685 -0.5287 0.293, 0.4685 -0.5017 0.2958, 0.4685 -0.497 0.2899, 0.4685 -0.6045 0.2087, 0.4685 -0.6039 0.2087, 0.4685 -0.592 0.2135, 0.4685 -0.5996 0.2095, 0.4685 -0.5956 0.2111, 1.5 -1.2375 0.2001, 1.4527 -1.2375 0.2001, 1.4527 -1.2409 0.195, 1.4527 -1.2421 0.189, 1.5 -1.2409 0.195, 1.5 -1.2421 0.189, 1.5 -1.2324 0.2035, 1.4527 -1.2324 0.2035, 1.5 -1.2264 0.2047, 1.4527 -1.2264 0.2047, 1.5 -1.2436 0.1814, 1.5 -1.2618 0.1693, 1.5 -1.2543 0.1708, 1.4527 -1.2543 0.1708, 1.5 -1.2479 0.1751, 1.4527 -1.2436 0.1814, 1.4527 -1.2479 0.1751, 1.4527 -1.2618 0.1693, 1.4527 -1.2618 0.0906, 1.5 -1.2618 0.0906, 1.5 -1.2543 0.0891, 1.5 -1.2421 0.0709, 1.5 -1.2436 0.0784, 1.4527 -1.2436 0.0784, 1.5 -1.2479 0.0848, 1.4527 -1.2543 0.0891, 1.4527 -1.2479 0.0848, 1.4527 -1.2421 0.0709, 1.4527 -1.2421 0.0197, 1.5 -1.2421 0.0197, 1.5 -1.2224 0.0, 1.4527 -1.2224 0.0, 1.4527 -1.2147 0.0016, 1.5 -1.2185 0.0004, 1.4527 -1.2185 0.0004, 1.5 -1.2147 0.0016, 1.5 -1.1891 0.0187, 1.4527 -1.1891 0.0187, 1.5 -1.1827 0.0197, 1.5 -1.1762 0.0185, 1.4527 -1.1827 0.0197, 1.4527 -1.1762 0.0185, 1.5 -1.1595 0.0079, 1.4527 -1.1595 0.0079, 1.5 -0.9272 0.0315, 1.4527 -0.9272 0.0315, 1.5 -0.9316 0.0439, 1.5 -0.9283 0.0381, 1.4527 -0.9316 0.0439, 1.4527 -0.9366 0.0483, 1.5 -0.9366 0.0483, 1.4527 -0.9283 0.0381, 1.4527 -1.1555 0.0827, 1.5 -1.1555 0.1299, 1.5 -1.1555 0.0827, 1.4527 -1.1555 0.1299, 1.5 -0.9413 0.0512, 1.5 -1.1437 0.2047, 1.5 -1.1541 0.0753, 1.5 -1.1437 0.148, 1.5 -1.1499 0.1437, 1.5 -1.1541 0.1373, 1.5 -1.1437 0.0646, 1.5 -1.1499 0.0689, 1.5 -1.1437 0.0512, 1.4527 -0.9413 0.0512, 1.4527 -1.1541 0.1373, 1.4527 -1.1437 0.2047, 1.4527 -1.1437 0.0512, 1.4527 -1.1499 0.0689, 1.4527 -1.1541 0.0753, 1.4527 -1.1499 0.1437, 1.4527 -1.1437 0.0646, 1.4527 -1.1437 0.148, 1.5 -0.5083 0.2994, 1.5 -0.5158 0.3001, 1.5 -0.523 0.2978, 1.5 -0.4685 0.2087, 1.5 -0.5864 0.2199, 1.5 -0.5889 0.2164, 1.5 -0.6039 0.2087, 1.5 -0.6045 0.2087, 1.5 -0.592 0.2135, 1.5 -0.5956 0.2111, 1.5 -0.5996 0.2095, 1.5 -0.5017 0.2958, 1.5 -0.497 0.2899, 1.5 -0.5287 0.293, 1.4527 -0.4685 0.2087, 1.4527 -0.5889 0.2164, 1.4527 -0.5864 0.2199, 1.4527 -0.5083 0.2994, 1.4527 -0.523 0.2978, 1.4527 -0.5158 0.3001, 1.4527 -0.5287 0.293, 1.4527 -0.5017 0.2958, 1.4527 -0.497 0.2899, 1.4527 -0.6045 0.2087, 1.4527 -0.6039 0.2087, 1.4527 -0.592 0.2135, 1.4527 -0.5996 0.2095, 1.4527 -0.5956 0.2111, 2.4842 -1.2375 0.2001, 2.437 -1.2375 0.2001, 2.437 -1.2409 0.195, 2.437 -1.2421 0.189, 2.4842 -1.2409 0.195, 2.4842 -1.2421 0.189, 2.4842 -1.2324 0.2035, 2.437 -1.2324 0.2035, 2.4842 -1.2264 0.2047, 2.437 -1.2264 0.2047, 2.4842 -1.2436 0.1814, 2.4842 -1.2618 0.1693, 2.4842 -1.2543 0.1708, 2.437 -1.2543 0.1708, 2.4842 -1.2479 0.1751, 2.437 -1.2436 0.1814, 2.437 -1.2479 0.1751, 2.437 -1.2618 0.1693, 2.437 -1.2618 0.0906, 2.4842 -1.2618 0.0906, 2.4842 -1.2543 0.0891, 2.4842 -1.2421 0.0709, 2.4842 -1.2436 0.0784, 2.437 -1.2436 0.0784, 2.4842 -1.2479 0.0848, 2.437 -1.2543 0.0891, 2.437 -1.2479 0.0848, 2.437 -1.2421 0.0709, 2.437 -1.2421 0.0197, 2.4842 -1.2421 0.0197, 2.4842 -1.2224 0.0, 2.437 -1.2224 0.0, 2.437 -1.2147 0.0016, 2.4842 -1.2185 0.0004, 2.437 -1.2185 0.0004, 2.4842 -1.2147 0.0016, 2.4842 -1.1891 0.0187, 2.437 -1.1891 0.0187, 2.4842 -1.1827 0.0197, 2.4842 -1.1762 0.0185, 2.437 -1.1827 0.0197, 2.437 -1.1762 0.0185, 2.4842 -1.1595 0.0079, 2.437 -1.1595 0.0079, 2.4842 -0.9272 0.0315, 2.437 -0.9272 0.0315, 2.4842 -0.9316 0.0439, 2.4842 -0.9283 0.0381, 2.437 -0.9316 0.0439, 2.437 -0.9366 0.0483, 2.4842 -0.9366 0.0483, 2.437 -0.9283 0.0381, 2.437 -1.1555 0.0827, 2.4842 -1.1555 0.1299, 2.4842 -1.1555 0.0827, 2.437 -1.1555 0.1299, 2.4842 -0.9413 0.0512, 2.4842 -1.1437 0.2047, 2.4842 -1.1541 0.0753, 2.4842 -1.1437 0.148, 2.4842 -1.1499 0.1437, 2.4842 -1.1541 0.1373, 2.4842 -1.1437 0.0646, 2.4842 -1.1499 0.0689, 2.4842 -1.1437 0.0512, 2.437 -0.9413 0.0512, 2.437 -1.1541 0.1373, 2.437 -1.1437 0.2047, 2.437 -1.1437 0.0512, 2.437 -1.1499 0.0689, 2.437 -1.1541 0.0753, 2.437 -1.1499 0.1437, 2.437 -1.1437 0.0646, 2.437 -1.1437 0.148, 2.4842 -0.5083 0.2994, 2.4842 -0.5158 0.3001, 2.4842 -0.523 0.2978, 2.4842 -0.4685 0.2087, 2.4842 -0.5864 0.2199, 2.4842 -0.5889 0.2164, 2.4842 -0.6039 0.2087, 2.4842 -0.6045 0.2087, 2.4842 -0.592 0.2135, 2.4842 -0.5956 0.2111, 2.4842 -0.5996 0.2095, 2.4842 -0.5017 0.2958, 2.4842 -0.497 0.2899, 2.4842 -0.5287 0.293, 2.437 -0.4685 0.2087, 2.437 -0.5889 0.2164, 2.437 -0.5864 0.2199, 2.437 -0.5083 0.2994, 2.437 -0.523 0.2978, 2.437 -0.5158 0.3001, 2.437 -0.5287 0.293, 2.437 -0.5017 0.2958, 2.437 -0.497 0.2899, 2.437 -0.6045 0.2087, 2.437 -0.6039 0.2087, 2.437 -0.592 0.2135, 2.437 -0.5996 0.2095, 2.437 -0.5956 0.2111, 3.4685 -1.2375 0.2001, 3.4212 -1.2375 0.2001, 3.4212 -1.2409 0.195, 3.4212 -1.2421 0.189, 3.4685 -1.2409 0.195, 3.4685 -1.2421 0.189, 3.4685 -1.2324 0.2035, 3.4212 -1.2324 0.2035, 3.4685 -1.2264 0.2047, 3.4212 -1.2264 0.2047, 3.4685 -1.2436 0.1814, 3.4685 -1.2618 0.1693, 3.4685 -1.2543 0.1708, 3.4212 -1.2543 0.1708, 3.4685 -1.2479 0.1751, 3.4212 -1.2436 0.1814, 3.4212 -1.2479 0.1751, 3.4212 -1.2618 0.1693, 3.4212 -1.2618 0.0906, 3.4685 -1.2618 0.0906, 3.4685 -1.2543 0.0891, 3.4685 -1.2421 0.0709, 3.4685 -1.2436 0.0784, 3.4212 -1.2436 0.0784, 3.4685 -1.2479 0.0848, 3.4212 -1.2543 0.0891, 3.4212 -1.2479 0.0848, 3.4212 -1.2421 0.0709, 3.4212 -1.2421 0.0197, 3.4685 -1.2421 0.0197, 3.4685 -1.2224 0.0, 3.4212 -1.2224 0.0, 3.4212 -1.2147 0.0016, 3.4685 -1.2185 0.0004, 3.4212 -1.2185 0.0004, 3.4685 -1.2147 0.0016, 3.4685 -1.1891 0.0187, 3.4212 -1.1891 0.0187, 3.4685 -1.1827 0.0197, 3.4685 -1.1762 0.0185, 3.4212 -1.1827 0.0197, 3.4212 -1.1762 0.0185, 3.4685 -1.1595 0.0079, 3.4212 -1.1595 0.0079, 3.4685 -0.9272 0.0315, 3.4212 -0.9272 0.0315, 3.4685 -0.9316 0.0439, 3.4685 -0.9283 0.0381, 3.4212 -0.9316 0.0439, 3.4212 -0.9366 0.0483, 3.4685 -0.9366 0.0483, 3.4212 -0.9283 0.0381, 3.4212 -1.1555 0.0827, 3.4685 -1.1555 0.1299, 3.4685 -1.1555 0.0827, 3.4212 -1.1555 0.1299, 3.4685 -0.9413 0.0512, 3.4685 -1.1437 0.2047, 3.4685 -1.1541 0.0753, 3.4685 -1.1437 0.148, 3.4685 -1.1499 0.1437, 3.4685 -1.1541 0.1373, 3.4685 -1.1437 0.0646, 3.4685 -1.1499 0.0689, 3.4685 -1.1437 0.0512, 3.4212 -0.9413 0.0512, 3.4212 -1.1541 0.1373, 3.4212 -1.1437 0.2047, 3.4212 -1.1437 0.0512, 3.4212 -1.1499 0.0689, 3.4212 -1.1541 0.0753, 3.4212 -1.1499 0.1437, 3.4212 -1.1437 0.0646, 3.4212 -1.1437 0.148, 3.4685 -0.5083 0.2994, 3.4685 -0.5158 0.3001, 3.4685 -0.523 0.2978, 3.4685 -0.4685 0.2087, 3.4685 -0.5864 0.2199, 3.4685 -0.5889 0.2164, 3.4685 -0.6039 0.2087, 3.4685 -0.6045 0.2087, 3.4685 -0.592 0.2135, 3.4685 -0.5956 0.2111, 3.4685 -0.5996 0.2095, 3.4685 -0.5017 0.2958, 3.4685 -0.497 0.2899, 3.4685 -0.5287 0.293, 3.4212 -0.4685 0.2087, 3.4212 -0.5889 0.2164, 3.4212 -0.5864 0.2199, 3.4212 -0.5083 0.2994, 3.4212 -0.523 0.2978, 3.4212 -0.5158 0.3001, 3.4212 -0.5287 0.293, 3.4212 -0.5017 0.2958, 3.4212 -0.497 0.2899, 3.4212 -0.6045 0.2087, 3.4212 -0.6039 0.2087, 3.4212 -0.592 0.2135, 3.4212 -0.5996 0.2095, 3.4212 -0.5956 0.2111, -3.815 0.3065 0.3057, -3.8622 0.4535 0.2835, -3.8622 0.3065 0.3057, -3.815 0.4535 0.2835, -3.815 0.296 0.3091, -3.815 0.2871 0.3155, -3.8622 0.296 0.3091, -3.8622 0.2871 0.3155, -3.815 0.2569 0.3457, -3.8622 0.2569 0.3457, -3.815 0.2439 0.3513, -3.8622 0.2439 0.3513, -3.8622 0.2368 0.3502, -3.8622 0.2305 0.3466, -3.815 0.2368 0.3502, -3.815 0.2305 0.3466, -3.815 0.251 0.3497, -3.8622 0.251 0.3497, -3.815 0.1575 0.2835, -3.8622 0.1575 0.2835, -3.8622 0.3563 0.6968, -3.815 0.1095 0.6968, -3.815 0.3563 0.6968, -3.8622 0.1095 0.6968, -3.815 0.0743 0.6783, -3.815 0.0912 0.6888, -3.8622 0.0743 0.6783, -3.8622 0.0591 0.6654, -3.815 0.0591 0.6654, -3.8622 0.0912 0.6888, -3.8622 0.0591 0.6491, -3.815 0.0591 0.6491, -3.815 0.3563 0.6491, -3.8622 0.3563 0.6491, -3.815 1.0882 0.1284, -3.815 1.0807 0.1299, -3.8622 1.0807 0.1299, -3.815 1.1004 0.1102, -3.815 1.0989 0.1178, -3.8622 1.0989 0.1178, -3.815 1.0946 0.1242, -3.8622 1.0882 0.1284, -3.8622 1.0946 0.1242, -3.8622 1.1004 0.1102, -3.8622 1.1004 0.0197, -3.815 1.1004 0.0197, -3.815 1.1201 0.0, -3.8622 1.1201 0.0, -3.8622 1.1791 0.0, -3.815 1.1791 0.0, -3.815 1.1988 0.0197, -3.8622 1.1988 0.0197, -3.815 1.1988 0.1496, -3.8622 1.1988 0.1496, -3.8622 1.1638 0.2151, -3.815 1.1758 0.2053, -3.8622 1.1758 0.2053, -3.8622 1.1502 0.2224, -3.815 1.1638 0.2151, -3.815 1.1502 0.2224, -3.8622 1.1354 0.2268, -3.8622 1.1201 0.2283, -3.815 1.1354 0.2268, -3.815 1.1201 0.2283, -3.815 1.1855 0.1934, -3.815 1.1928 0.1797, -3.8622 1.1855 0.1934, -3.815 1.1973 0.165, -3.8622 1.1928 0.1797, -3.8622 1.1973 0.165, -3.815 1.0295 0.2283, -3.8622 1.0295 0.2283, -3.815 1.0195 0.2297, -3.815 1.002 0.2396, -3.8622 1.0101 0.2335, -3.8622 1.002 0.2396, -3.815 1.0101 0.2335, -3.8622 1.0195 0.2297, -3.815 1.002 0.1299, -3.8622 1.002 0.1299, -3.6181 0.3065 0.3057, -3.6654 0.4535 0.2835, -3.6654 0.3065 0.3057, -3.6181 0.4535 0.2835, -3.6181 0.296 0.3091, -3.6181 0.2871 0.3155, -3.6654 0.296 0.3091, -3.6654 0.2871 0.3155, -3.6181 0.2569 0.3457, -3.6654 0.2569 0.3457, -3.6181 0.2439 0.3513, -3.6654 0.2439 0.3513, -3.6654 0.2368 0.3502, -3.6654 0.2305 0.3466, -3.6181 0.2368 0.3502, -3.6181 0.2305 0.3466, -3.6181 0.251 0.3497, -3.6654 0.251 0.3497, -3.6181 0.1575 0.2835, -3.6654 0.1575 0.2835, -3.6654 0.3563 0.6968, -3.6181 0.1095 0.6968, -3.6181 0.3563 0.6968, -3.6654 0.1095 0.6968, -3.6181 0.0743 0.6783, -3.6181 0.0912 0.6888, -3.6654 0.0743 0.6783, -3.6654 0.0591 0.6654, -3.6181 0.0591 0.6654, -3.6654 0.0912 0.6888, -3.6654 0.0591 0.6491, -3.6181 0.0591 0.6491, -3.6181 0.3563 0.6491, -3.6654 0.3563 0.6491, -3.6181 1.0882 0.1284, -3.6181 1.0807 0.1299, -3.6654 1.0807 0.1299, -3.6181 1.1004 0.1102, -3.6181 1.0989 0.1178, -3.6654 1.0989 0.1178, -3.6181 1.0946 0.1242, -3.6654 1.0882 0.1284, -3.6654 1.0946 0.1242, -3.6654 1.1004 0.1102, -3.6654 1.1004 0.0197, -3.6181 1.1004 0.0197, -3.6181 1.1201 0.0, -3.6654 1.1201 0.0, -3.6654 1.1791 0.0, -3.6181 1.1791 0.0, -3.6181 1.1988 0.0197, -3.6654 1.1988 0.0197, -3.6181 1.1988 0.1496, -3.6654 1.1988 0.1496, -3.6654 1.1638 0.2151, -3.6181 1.1758 0.2053, -3.6654 1.1758 0.2053, -3.6654 1.1502 0.2224, -3.6181 1.1638 0.2151, -3.6181 1.1502 0.2224, -3.6654 1.1354 0.2268, -3.6654 1.1201 0.2283, -3.6181 1.1354 0.2268, -3.6181 1.1201 0.2283, -3.6181 1.1855 0.1934, -3.6181 1.1928 0.1797, -3.6654 1.1855 0.1934, -3.6181 1.1973 0.165, -3.6654 1.1928 0.1797, -3.6654 1.1973 0.165, -3.6181 1.0295 0.2283, -3.6654 1.0295 0.2283, -3.6181 1.0195 0.2297, -3.6181 1.002 0.2396, -3.6654 1.0101 0.2335, -3.6654 1.002 0.2396, -3.6181 1.0101 0.2335, -3.6654 1.0195 0.2297, -3.6181 1.002 0.1299, -3.6654 1.002 0.1299, -3.4213 0.3065 0.3057, -3.4685 0.4535 0.2835, -3.4685 0.3065 0.3057, -3.4213 0.4535 0.2835, -3.4213 0.296 0.3091, -3.4213 0.2871 0.3155, -3.4685 0.296 0.3091, -3.4685 0.2871 0.3155, -3.4213 0.2569 0.3457, -3.4685 0.2569 0.3457, -3.4213 0.2439 0.3513, -3.4685 0.2439 0.3513, -3.4685 0.2368 0.3502, -3.4685 0.2305 0.3466, -3.4213 0.2368 0.3502, -3.4213 0.2305 0.3466, -3.4213 0.251 0.3497, -3.4685 0.251 0.3497, -3.4213 0.1575 0.2835, -3.4685 0.1575 0.2835, -3.4685 0.3563 0.6968, -3.4213 0.1095 0.6968, -3.4213 0.3563 0.6968, -3.4685 0.1095 0.6968, -3.4213 0.0743 0.6783, -3.4213 0.0912 0.6888, -3.4685 0.0743 0.6783, -3.4685 0.0591 0.6654, -3.4213 0.0591 0.6654, -3.4685 0.0912 0.6888, -3.4685 0.0591 0.6491, -3.4213 0.0591 0.6491, -3.4213 0.3563 0.6491, -3.4685 0.3563 0.6491, -3.4213 1.0882 0.1284, -3.4213 1.0807 0.1299, -3.4685 1.0807 0.1299, -3.4213 1.1004 0.1102, -3.4213 1.0989 0.1178, -3.4685 1.0989 0.1178, -3.4213 1.0946 0.1242, -3.4685 1.0882 0.1284, -3.4685 1.0946 0.1242, -3.4685 1.1004 0.1102, -3.4685 1.1004 0.0197, -3.4213 1.1004 0.0197, -3.4213 1.1201 0.0, -3.4685 1.1201 0.0, -3.4685 1.1791 0.0, -3.4213 1.1791 0.0, -3.4213 1.1988 0.0197, -3.4685 1.1988 0.0197, -3.4213 1.1988 0.1496, -3.4685 1.1988 0.1496, -3.4685 1.1638 0.2151, -3.4213 1.1758 0.2053, -3.4685 1.1758 0.2053, -3.4685 1.1502 0.2224, -3.4213 1.1638 0.2151, -3.4213 1.1502 0.2224, -3.4685 1.1354 0.2268, -3.4685 1.1201 0.2283, -3.4213 1.1354 0.2268, -3.4213 1.1201 0.2283, -3.4213 1.1855 0.1934, -3.4213 1.1928 0.1797, -3.4685 1.1855 0.1934, -3.4213 1.1973 0.165, -3.4685 1.1928 0.1797, -3.4685 1.1973 0.165, -3.4213 1.0295 0.2283, -3.4685 1.0295 0.2283, -3.4213 1.0195 0.2297, -3.4213 1.002 0.2396, -3.4685 1.0101 0.2335, -3.4685 1.002 0.2396, -3.4213 1.0101 0.2335, -3.4685 1.0195 0.2297, -3.4213 1.002 0.1299, -3.4685 1.002 0.1299, -3.2244 0.3065 0.3057, -3.2717 0.4535 0.2835, -3.2717 0.3065 0.3057, -3.2244 0.4535 0.2835, -3.2244 0.296 0.3091, -3.2244 0.2871 0.3155, -3.2717 0.296 0.3091, -3.2717 0.2871 0.3155, -3.2244 0.2569 0.3457, -3.2717 0.2569 0.3457, -3.2244 0.2439 0.3513, -3.2717 0.2439 0.3513, -3.2717 0.2368 0.3502, -3.2717 0.2305 0.3466, -3.2244 0.2368 0.3502, -3.2244 0.2305 0.3466, -3.2244 0.251 0.3497, -3.2717 0.251 0.3497, -3.2244 0.1575 0.2835, -3.2717 0.1575 0.2835, -3.2717 0.3563 0.6968, -3.2244 0.1095 0.6968, -3.2244 0.3563 0.6968, -3.2717 0.1095 0.6968, -3.2244 0.0743 0.6783, -3.2244 0.0912 0.6888, -3.2717 0.0743 0.6783, -3.2717 0.0591 0.6654, -3.2244 0.0591 0.6654, -3.2717 0.0912 0.6888, -3.2717 0.0591 0.6491, -3.2244 0.0591 0.6491, -3.2244 0.3563 0.6491, -3.2717 0.3563 0.6491, -3.2244 1.0882 0.1284, -3.2244 1.0807 0.1299, -3.2717 1.0807 0.1299, -3.2244 1.1004 0.1102, -3.2244 1.0989 0.1178, -3.2717 1.0989 0.1178, -3.2244 1.0946 0.1242, -3.2717 1.0882 0.1284, -3.2717 1.0946 0.1242, -3.2717 1.1004 0.1102, -3.2717 1.1004 0.0197, -3.2244 1.1004 0.0197, -3.2244 1.1201 0.0, -3.2717 1.1201 0.0, -3.2717 1.1791 0.0, -3.2244 1.1791 0.0, -3.2244 1.1988 0.0197, -3.2717 1.1988 0.0197, -3.2244 1.1988 0.1496, -3.2717 1.1988 0.1496, -3.2717 1.1638 0.2151, -3.2244 1.1758 0.2053, -3.2717 1.1758 0.2053, -3.2717 1.1502 0.2224, -3.2244 1.1638 0.2151, -3.2244 1.1502 0.2224, -3.2717 1.1354 0.2268, -3.2717 1.1201 0.2283, -3.2244 1.1354 0.2268, -3.2244 1.1201 0.2283, -3.2244 1.1855 0.1934, -3.2244 1.1928 0.1797, -3.2717 1.1855 0.1934, -3.2244 1.1973 0.165, -3.2717 1.1928 0.1797, -3.2717 1.1973 0.165, -3.2244 1.0295 0.2283, -3.2717 1.0295 0.2283, -3.2244 1.0195 0.2297, -3.2244 1.002 0.2396, -3.2717 1.0101 0.2335, -3.2717 1.002 0.2396, -3.2244 1.0101 0.2335, -3.2717 1.0195 0.2297, -3.2244 1.002 0.1299, -3.2717 1.002 0.1299, -3.0276 0.3065 0.3057, -3.0748 0.4535 0.2835, -3.0748 0.3065 0.3057, -3.0276 0.4535 0.2835, -3.0276 0.296 0.3091, -3.0276 0.2871 0.3155, -3.0748 0.296 0.3091, -3.0748 0.2871 0.3155, -3.0276 0.2569 0.3457, -3.0748 0.2569 0.3457, -3.0276 0.2439 0.3513, -3.0748 0.2439 0.3513, -3.0748 0.2368 0.3502, -3.0748 0.2305 0.3466, -3.0276 0.2368 0.3502, -3.0276 0.2305 0.3466, -3.0276 0.251 0.3497, -3.0748 0.251 0.3497, -3.0276 0.1575 0.2835, -3.0748 0.1575 0.2835, -3.0748 0.3563 0.6968, -3.0276 0.1095 0.6968, -3.0276 0.3563 0.6968, -3.0748 0.1095 0.6968, -3.0276 0.0743 0.6783, -3.0276 0.0912 0.6888, -3.0748 0.0743 0.6783, -3.0748 0.0591 0.6654, -3.0276 0.0591 0.6654, -3.0748 0.0912 0.6888, -3.0748 0.0591 0.6491, -3.0276 0.0591 0.6491, -3.0276 0.3563 0.6491, -3.0748 0.3563 0.6491, -3.0276 1.0882 0.1284, -3.0276 1.0807 0.1299, -3.0748 1.0807 0.1299, -3.0276 1.1004 0.1102, -3.0276 1.0989 0.1178, -3.0748 1.0989 0.1178, -3.0276 1.0946 0.1242, -3.0748 1.0882 0.1284, -3.0748 1.0946 0.1242, -3.0748 1.1004 0.1102, -3.0748 1.1004 0.0197, -3.0276 1.1004 0.0197, -3.0276 1.1201 0.0, -3.0748 1.1201 0.0, -3.0748 1.1791 0.0, -3.0276 1.1791 0.0, -3.0276 1.1988 0.0197, -3.0748 1.1988 0.0197, -3.0276 1.1988 0.1496, -3.0748 1.1988 0.1496, -3.0748 1.1638 0.2151, -3.0276 1.1758 0.2053, -3.0748 1.1758 0.2053, -3.0748 1.1502 0.2224, -3.0276 1.1638 0.2151, -3.0276 1.1502 0.2224, -3.0748 1.1354 0.2268, -3.0748 1.1201 0.2283, -3.0276 1.1354 0.2268, -3.0276 1.1201 0.2283, -3.0276 1.1855 0.1934, -3.0276 1.1928 0.1797, -3.0748 1.1855 0.1934, -3.0276 1.1973 0.165, -3.0748 1.1928 0.1797, -3.0748 1.1973 0.165, -3.0276 1.0295 0.2283, -3.0748 1.0295 0.2283, -3.0276 1.0195 0.2297, -3.0276 1.002 0.2396, -3.0748 1.0101 0.2335, -3.0748 1.002 0.2396, -3.0276 1.0101 0.2335, -3.0748 1.0195 0.2297, -3.0276 1.002 0.1299, -3.0748 1.002 0.1299, -2.8307 0.3065 0.3057, -2.878 0.4535 0.2835, -2.878 0.3065 0.3057, -2.8307 0.4535 0.2835, -2.8307 0.296 0.3091, -2.8307 0.2871 0.3155, -2.878 0.296 0.3091, -2.878 0.2871 0.3155, -2.8307 0.2569 0.3457, -2.878 0.2569 0.3457, -2.8307 0.2439 0.3513, -2.878 0.2439 0.3513, -2.878 0.2368 0.3502, -2.878 0.2305 0.3466, -2.8307 0.2368 0.3502, -2.8307 0.2305 0.3466, -2.8307 0.251 0.3497, -2.878 0.251 0.3497, -2.8307 0.1575 0.2835, -2.878 0.1575 0.2835, -2.878 0.3563 0.6968, -2.8307 0.1095 0.6968, -2.8307 0.3563 0.6968, -2.878 0.1095 0.6968, -2.8307 0.0743 0.6783, -2.8307 0.0912 0.6888, -2.878 0.0743 0.6783, -2.878 0.0591 0.6654, -2.8307 0.0591 0.6654, -2.878 0.0912 0.6888, -2.878 0.0591 0.6491, -2.8307 0.0591 0.6491, -2.8307 0.3563 0.6491, -2.878 0.3563 0.6491, -2.8307 1.0882 0.1284, -2.8307 1.0807 0.1299, -2.878 1.0807 0.1299, -2.8307 1.1004 0.1102, -2.8307 1.0989 0.1178, -2.878 1.0989 0.1178, -2.8307 1.0946 0.1242, -2.878 1.0882 0.1284, -2.878 1.0946 0.1242, -2.878 1.1004 0.1102, -2.878 1.1004 0.0197, -2.8307 1.1004 0.0197, -2.8307 1.1201 0.0, -2.878 1.1201 0.0, -2.878 1.1791 0.0, -2.8307 1.1791 0.0, -2.8307 1.1988 0.0197, -2.878 1.1988 0.0197, -2.8307 1.1988 0.1496, -2.878 1.1988 0.1496, -2.878 1.1638 0.2151, -2.8307 1.1758 0.2053, -2.878 1.1758 0.2053, -2.878 1.1502 0.2224, -2.8307 1.1638 0.2151, -2.8307 1.1502 0.2224, -2.878 1.1354 0.2268, -2.878 1.1201 0.2283, -2.8307 1.1354 0.2268, -2.8307 1.1201 0.2283, -2.8307 1.1855 0.1934, -2.8307 1.1928 0.1797, -2.878 1.1855 0.1934, -2.8307 1.1973 0.165, -2.878 1.1928 0.1797, -2.878 1.1973 0.165, -2.8307 1.0295 0.2283, -2.878 1.0295 0.2283, -2.8307 1.0195 0.2297, -2.8307 1.002 0.2396, -2.878 1.0101 0.2335, -2.878 1.002 0.2396, -2.8307 1.0101 0.2335, -2.878 1.0195 0.2297, -2.8307 1.002 0.1299, -2.878 1.002 0.1299, -2.6339 0.3065 0.3057, -2.6811 0.4535 0.2835, -2.6811 0.3065 0.3057, -2.6339 0.4535 0.2835, -2.6339 0.296 0.3091, -2.6339 0.2871 0.3155, -2.6811 0.296 0.3091, -2.6811 0.2871 0.3155, -2.6339 0.2569 0.3457, -2.6811 0.2569 0.3457, -2.6339 0.2439 0.3513, -2.6811 0.2439 0.3513, -2.6811 0.2368 0.3502, -2.6811 0.2305 0.3466, -2.6339 0.2368 0.3502, -2.6339 0.2305 0.3466, -2.6339 0.251 0.3497, -2.6811 0.251 0.3497, -2.6339 0.1575 0.2835, -2.6811 0.1575 0.2835, -2.6811 0.3563 0.6968, -2.6339 0.1095 0.6968, -2.6339 0.3563 0.6968, -2.6811 0.1095 0.6968, -2.6339 0.0743 0.6783, -2.6339 0.0912 0.6888, -2.6811 0.0743 0.6783, -2.6811 0.0591 0.6654, -2.6339 0.0591 0.6654, -2.6811 0.0912 0.6888, -2.6811 0.0591 0.6491, -2.6339 0.0591 0.6491, -2.6339 0.3563 0.6491, -2.6811 0.3563 0.6491, -2.6339 1.0882 0.1284, -2.6339 1.0807 0.1299, -2.6811 1.0807 0.1299, -2.6339 1.1004 0.1102, -2.6339 1.0989 0.1178, -2.6811 1.0989 0.1178, -2.6339 1.0946 0.1242, -2.6811 1.0882 0.1284, -2.6811 1.0946 0.1242, -2.6811 1.1004 0.1102, -2.6811 1.1004 0.0197, -2.6339 1.1004 0.0197, -2.6339 1.1201 0.0, -2.6811 1.1201 0.0, -2.6811 1.1791 0.0, -2.6339 1.1791 0.0, -2.6339 1.1988 0.0197, -2.6811 1.1988 0.0197, -2.6339 1.1988 0.1496, -2.6811 1.1988 0.1496, -2.6811 1.1638 0.2151, -2.6339 1.1758 0.2053, -2.6811 1.1758 0.2053, -2.6811 1.1502 0.2224, -2.6339 1.1638 0.2151, -2.6339 1.1502 0.2224, -2.6811 1.1354 0.2268, -2.6811 1.1201 0.2283, -2.6339 1.1354 0.2268, -2.6339 1.1201 0.2283, -2.6339 1.1855 0.1934, -2.6339 1.1928 0.1797, -2.6811 1.1855 0.1934, -2.6339 1.1973 0.165, -2.6811 1.1928 0.1797, -2.6811 1.1973 0.165, -2.6339 1.0295 0.2283, -2.6811 1.0295 0.2283, -2.6339 1.0195 0.2297, -2.6339 1.002 0.2396, -2.6811 1.0101 0.2335, -2.6811 1.002 0.2396, -2.6339 1.0101 0.2335, -2.6811 1.0195 0.2297, -2.6339 1.002 0.1299, -2.6811 1.002 0.1299, -2.437 0.3065 0.3057, -2.4843 0.4535 0.2835, -2.4843 0.3065 0.3057, -2.437 0.4535 0.2835, -2.437 0.296 0.3091, -2.437 0.2871 0.3155, -2.4843 0.296 0.3091, -2.4843 0.2871 0.3155, -2.437 0.2569 0.3457, -2.4843 0.2569 0.3457, -2.437 0.2439 0.3513, -2.4843 0.2439 0.3513, -2.4843 0.2368 0.3502, -2.4843 0.2305 0.3466, -2.437 0.2368 0.3502, -2.437 0.2305 0.3466, -2.437 0.251 0.3497, -2.4843 0.251 0.3497, -2.437 0.1575 0.2835, -2.4843 0.1575 0.2835, -2.4843 0.3563 0.6968, -2.437 0.1095 0.6968, -2.437 0.3563 0.6968, -2.4843 0.1095 0.6968, -2.437 0.0743 0.6783, -2.437 0.0912 0.6888, -2.4843 0.0743 0.6783, -2.4843 0.0591 0.6654, -2.437 0.0591 0.6654, -2.4843 0.0912 0.6888, -2.4843 0.0591 0.6491, -2.437 0.0591 0.6491, -2.437 0.3563 0.6491, -2.4843 0.3563 0.6491, -2.437 1.0882 0.1284, -2.437 1.0807 0.1299, -2.4843 1.0807 0.1299, -2.437 1.1004 0.1102, -2.437 1.0989 0.1178, -2.4843 1.0989 0.1178, -2.437 1.0946 0.1242, -2.4843 1.0882 0.1284, -2.4843 1.0946 0.1242, -2.4843 1.1004 0.1102, -2.4843 1.1004 0.0197, -2.437 1.1004 0.0197, -2.437 1.1201 0.0, -2.4843 1.1201 0.0, -2.4843 1.1791 0.0, -2.437 1.1791 0.0, -2.437 1.1988 0.0197, -2.4843 1.1988 0.0197, -2.437 1.1988 0.1496, -2.4843 1.1988 0.1496, -2.4843 1.1638 0.2151, -2.437 1.1758 0.2053, -2.4843 1.1758 0.2053, -2.4843 1.1502 0.2224, -2.437 1.1638 0.2151, -2.437 1.1502 0.2224, -2.4843 1.1354 0.2268, -2.4843 1.1201 0.2283, -2.437 1.1354 0.2268, -2.437 1.1201 0.2283, -2.437 1.1855 0.1934, -2.437 1.1928 0.1797, -2.4843 1.1855 0.1934, -2.437 1.1973 0.165, -2.4843 1.1928 0.1797, -2.4843 1.1973 0.165, -2.437 1.0295 0.2283, -2.4843 1.0295 0.2283, -2.437 1.0195 0.2297, -2.437 1.002 0.2396, -2.4843 1.0101 0.2335, -2.4843 1.002 0.2396, -2.437 1.0101 0.2335, -2.4843 1.0195 0.2297, -2.437 1.002 0.1299, -2.4843 1.002 0.1299, -2.2402 0.3065 0.3057, -2.2874 0.4535 0.2835, -2.2874 0.3065 0.3057, -2.2402 0.4535 0.2835, -2.2402 0.296 0.3091, -2.2402 0.2871 0.3155, -2.2874 0.296 0.3091, -2.2874 0.2871 0.3155, -2.2402 0.2569 0.3457, -2.2874 0.2569 0.3457, -2.2402 0.2439 0.3513, -2.2874 0.2439 0.3513, -2.2874 0.2368 0.3502, -2.2874 0.2305 0.3466, -2.2402 0.2368 0.3502, -2.2402 0.2305 0.3466, -2.2402 0.251 0.3497, -2.2874 0.251 0.3497, -2.2402 0.1575 0.2835, -2.2874 0.1575 0.2835, -2.2874 0.3563 0.6968, -2.2402 0.1095 0.6968, -2.2402 0.3563 0.6968, -2.2874 0.1095 0.6968, -2.2402 0.0743 0.6783, -2.2402 0.0912 0.6888, -2.2874 0.0743 0.6783, -2.2874 0.0591 0.6654, -2.2402 0.0591 0.6654, -2.2874 0.0912 0.6888, -2.2874 0.0591 0.6491, -2.2402 0.0591 0.6491, -2.2402 0.3563 0.6491, -2.2874 0.3563 0.6491, -2.2402 1.0882 0.1284, -2.2402 1.0807 0.1299, -2.2874 1.0807 0.1299, -2.2402 1.1004 0.1102, -2.2402 1.0989 0.1178, -2.2874 1.0989 0.1178, -2.2402 1.0946 0.1242, -2.2874 1.0882 0.1284, -2.2874 1.0946 0.1242, -2.2874 1.1004 0.1102, -2.2874 1.1004 0.0197, -2.2402 1.1004 0.0197, -2.2402 1.1201 0.0, -2.2874 1.1201 0.0, -2.2874 1.1791 0.0, -2.2402 1.1791 0.0, -2.2402 1.1988 0.0197, -2.2874 1.1988 0.0197, -2.2402 1.1988 0.1496, -2.2874 1.1988 0.1496, -2.2874 1.1638 0.2151, -2.2402 1.1758 0.2053, -2.2874 1.1758 0.2053, -2.2874 1.1502 0.2224, -2.2402 1.1638 0.2151, -2.2402 1.1502 0.2224, -2.2874 1.1354 0.2268, -2.2874 1.1201 0.2283, -2.2402 1.1354 0.2268, -2.2402 1.1201 0.2283, -2.2402 1.1855 0.1934, -2.2402 1.1928 0.1797, -2.2874 1.1855 0.1934, -2.2402 1.1973 0.165, -2.2874 1.1928 0.1797, -2.2874 1.1973 0.165, -2.2402 1.0295 0.2283, -2.2874 1.0295 0.2283, -2.2402 1.0195 0.2297, -2.2402 1.002 0.2396, -2.2874 1.0101 0.2335, -2.2874 1.002 0.2396, -2.2402 1.0101 0.2335, -2.2874 1.0195 0.2297, -2.2402 1.002 0.1299, -2.2874 1.002 0.1299, -2.0433 0.3065 0.3057, -2.0906 0.4535 0.2835, -2.0906 0.3065 0.3057, -2.0433 0.4535 0.2835, -2.0433 0.296 0.3091, -2.0433 0.2871 0.3155, -2.0906 0.296 0.3091, -2.0906 0.2871 0.3155, -2.0433 0.2569 0.3457, -2.0906 0.2569 0.3457, -2.0433 0.2439 0.3513, -2.0906 0.2439 0.3513, -2.0906 0.2368 0.3502, -2.0906 0.2305 0.3466, -2.0433 0.2368 0.3502, -2.0433 0.2305 0.3466, -2.0433 0.251 0.3497, -2.0906 0.251 0.3497, -2.0433 0.1575 0.2835, -2.0906 0.1575 0.2835, -2.0906 0.3563 0.6968, -2.0433 0.1095 0.6968, -2.0433 0.3563 0.6968, -2.0906 0.1095 0.6968, -2.0433 0.0743 0.6783, -2.0433 0.0912 0.6888, -2.0906 0.0743 0.6783, -2.0906 0.0591 0.6654, -2.0433 0.0591 0.6654, -2.0906 0.0912 0.6888, -2.0906 0.0591 0.6491, -2.0433 0.0591 0.6491, -2.0433 0.3563 0.6491, -2.0906 0.3563 0.6491, -2.0433 1.0882 0.1284, -2.0433 1.0807 0.1299, -2.0906 1.0807 0.1299, -2.0433 1.1004 0.1102, -2.0433 1.0989 0.1178, -2.0906 1.0989 0.1178, -2.0433 1.0946 0.1242, -2.0906 1.0882 0.1284, -2.0906 1.0946 0.1242, -2.0906 1.1004 0.1102, -2.0906 1.1004 0.0197, -2.0433 1.1004 0.0197, -2.0433 1.1201 0.0, -2.0906 1.1201 0.0, -2.0906 1.1791 0.0, -2.0433 1.1791 0.0, -2.0433 1.1988 0.0197, -2.0906 1.1988 0.0197, -2.0433 1.1988 0.1496, -2.0906 1.1988 0.1496, -2.0906 1.1638 0.2151, -2.0433 1.1758 0.2053, -2.0906 1.1758 0.2053, -2.0906 1.1502 0.2224, -2.0433 1.1638 0.2151, -2.0433 1.1502 0.2224, -2.0906 1.1354 0.2268, -2.0906 1.1201 0.2283, -2.0433 1.1354 0.2268, -2.0433 1.1201 0.2283, -2.0433 1.1855 0.1934, -2.0433 1.1928 0.1797, -2.0906 1.1855 0.1934, -2.0433 1.1973 0.165, -2.0906 1.1928 0.1797, -2.0906 1.1973 0.165, -2.0433 1.0295 0.2283, -2.0906 1.0295 0.2283, -2.0433 1.0195 0.2297, -2.0433 1.002 0.2396, -2.0906 1.0101 0.2335, -2.0906 1.002 0.2396, -2.0433 1.0101 0.2335, -2.0906 1.0195 0.2297, -2.0433 1.002 0.1299, -2.0906 1.002 0.1299, -1.8465 0.3065 0.3057, -1.8937 0.4535 0.2835, -1.8937 0.3065 0.3057, -1.8465 0.4535 0.2835, -1.8465 0.296 0.3091, -1.8465 0.2871 0.3155, -1.8937 0.296 0.3091, -1.8937 0.2871 0.3155, -1.8465 0.2569 0.3457, -1.8937 0.2569 0.3457, -1.8465 0.2439 0.3513, -1.8937 0.2439 0.3513, -1.8937 0.2368 0.3502, -1.8937 0.2305 0.3466, -1.8465 0.2368 0.3502, -1.8465 0.2305 0.3466, -1.8465 0.251 0.3497, -1.8937 0.251 0.3497, -1.8465 0.1575 0.2835, -1.8937 0.1575 0.2835, -1.8937 0.3563 0.6968, -1.8465 0.1095 0.6968, -1.8465 0.3563 0.6968, -1.8937 0.1095 0.6968, -1.8465 0.0743 0.6783, -1.8465 0.0912 0.6888, -1.8937 0.0743 0.6783, -1.8937 0.0591 0.6654, -1.8465 0.0591 0.6654, -1.8937 0.0912 0.6888, -1.8937 0.0591 0.6491, -1.8465 0.0591 0.6491, -1.8465 0.3563 0.6491, -1.8937 0.3563 0.6491, -1.8465 1.0882 0.1284, -1.8465 1.0807 0.1299, -1.8937 1.0807 0.1299, -1.8465 1.1004 0.1102, -1.8465 1.0989 0.1178, -1.8937 1.0989 0.1178, -1.8465 1.0946 0.1242, -1.8937 1.0882 0.1284, -1.8937 1.0946 0.1242, -1.8937 1.1004 0.1102, -1.8937 1.1004 0.0197, -1.8465 1.1004 0.0197, -1.8465 1.1201 0.0, -1.8937 1.1201 0.0, -1.8937 1.1791 0.0, -1.8465 1.1791 0.0, -1.8465 1.1988 0.0197, -1.8937 1.1988 0.0197, -1.8465 1.1988 0.1496, -1.8937 1.1988 0.1496, -1.8937 1.1638 0.2151, -1.8465 1.1758 0.2053, -1.8937 1.1758 0.2053, -1.8937 1.1502 0.2224, -1.8465 1.1638 0.2151, -1.8465 1.1502 0.2224, -1.8937 1.1354 0.2268, -1.8937 1.1201 0.2283, -1.8465 1.1354 0.2268, -1.8465 1.1201 0.2283, -1.8465 1.1855 0.1934, -1.8465 1.1928 0.1797, -1.8937 1.1855 0.1934, -1.8465 1.1973 0.165, -1.8937 1.1928 0.1797, -1.8937 1.1973 0.165, -1.8465 1.0295 0.2283, -1.8937 1.0295 0.2283, -1.8465 1.0195 0.2297, -1.8465 1.002 0.2396, -1.8937 1.0101 0.2335, -1.8937 1.002 0.2396, -1.8465 1.0101 0.2335, -1.8937 1.0195 0.2297, -1.8465 1.002 0.1299, -1.8937 1.002 0.1299, -1.6496 0.3065 0.3057, -1.6969 0.4535 0.2835, -1.6969 0.3065 0.3057, -1.6496 0.4535 0.2835, -1.6496 0.296 0.3091, -1.6496 0.2871 0.3155, -1.6969 0.296 0.3091, -1.6969 0.2871 0.3155, -1.6496 0.2569 0.3457, -1.6969 0.2569 0.3457, -1.6496 0.2439 0.3513, -1.6969 0.2439 0.3513, -1.6969 0.2368 0.3502, -1.6969 0.2305 0.3466, -1.6496 0.2368 0.3502, -1.6496 0.2305 0.3466, -1.6496 0.251 0.3497, -1.6969 0.251 0.3497, -1.6496 0.1575 0.2835, -1.6969 0.1575 0.2835, -1.6969 0.3563 0.6968, -1.6496 0.1095 0.6968, -1.6496 0.3563 0.6968, -1.6969 0.1095 0.6968, -1.6496 0.0743 0.6783, -1.6496 0.0912 0.6888, -1.6969 0.0743 0.6783, -1.6969 0.0591 0.6654, -1.6496 0.0591 0.6654, -1.6969 0.0912 0.6888, -1.6969 0.0591 0.6491, -1.6496 0.0591 0.6491, -1.6496 0.3563 0.6491, -1.6969 0.3563 0.6491, -1.6496 1.0882 0.1284, -1.6496 1.0807 0.1299, -1.6969 1.0807 0.1299, -1.6496 1.1004 0.1102, -1.6496 1.0989 0.1178, -1.6969 1.0989 0.1178, -1.6496 1.0946 0.1242, -1.6969 1.0882 0.1284, -1.6969 1.0946 0.1242, -1.6969 1.1004 0.1102, -1.6969 1.1004 0.0197, -1.6496 1.1004 0.0197, -1.6496 1.1201 0.0, -1.6969 1.1201 0.0, -1.6969 1.1791 0.0, -1.6496 1.1791 0.0, -1.6496 1.1988 0.0197, -1.6969 1.1988 0.0197, -1.6496 1.1988 0.1496, -1.6969 1.1988 0.1496, -1.6969 1.1638 0.2151, -1.6496 1.1758 0.2053, -1.6969 1.1758 0.2053, -1.6969 1.1502 0.2224, -1.6496 1.1638 0.2151, -1.6496 1.1502 0.2224, -1.6969 1.1354 0.2268, -1.6969 1.1201 0.2283, -1.6496 1.1354 0.2268, -1.6496 1.1201 0.2283, -1.6496 1.1855 0.1934, -1.6496 1.1928 0.1797, -1.6969 1.1855 0.1934, -1.6496 1.1973 0.165, -1.6969 1.1928 0.1797, -1.6969 1.1973 0.165, -1.6496 1.0295 0.2283, -1.6969 1.0295 0.2283, -1.6496 1.0195 0.2297, -1.6496 1.002 0.2396, -1.6969 1.0101 0.2335, -1.6969 1.002 0.2396, -1.6496 1.0101 0.2335, -1.6969 1.0195 0.2297, -1.6496 1.002 0.1299, -1.6969 1.002 0.1299, -1.4528 0.3065 0.3057, -1.5 0.4535 0.2835, -1.5 0.3065 0.3057, -1.4528 0.4535 0.2835, -1.4528 0.296 0.3091, -1.4528 0.2871 0.3155, -1.5 0.296 0.3091, -1.5 0.2871 0.3155, -1.4528 0.2569 0.3457, -1.5 0.2569 0.3457, -1.4528 0.2439 0.3513, -1.5 0.2439 0.3513, -1.5 0.2368 0.3502, -1.5 0.2305 0.3466, -1.4528 0.2368 0.3502, -1.4528 0.2305 0.3466, -1.4528 0.251 0.3497, -1.5 0.251 0.3497, -1.4528 0.1575 0.2835, -1.5 0.1575 0.2835, -1.5 0.3563 0.6968, -1.4528 0.1095 0.6968, -1.4528 0.3563 0.6968, -1.5 0.1095 0.6968, -1.4528 0.0743 0.6783, -1.4528 0.0912 0.6888, -1.5 0.0743 0.6783, -1.5 0.0591 0.6654, -1.4528 0.0591 0.6654, -1.5 0.0912 0.6888, -1.5 0.0591 0.6491, -1.4528 0.0591 0.6491, -1.4528 0.3563 0.6491, -1.5 0.3563 0.6491, -1.4528 1.0882 0.1284, -1.4528 1.0807 0.1299, -1.5 1.0807 0.1299, -1.4528 1.1004 0.1102, -1.4528 1.0989 0.1178, -1.5 1.0989 0.1178, -1.4528 1.0946 0.1242, -1.5 1.0882 0.1284, -1.5 1.0946 0.1242, -1.5 1.1004 0.1102, -1.5 1.1004 0.0197, -1.4528 1.1004 0.0197, -1.4528 1.1201 0.0, -1.5 1.1201 0.0, -1.5 1.1791 0.0, -1.4528 1.1791 0.0, -1.4528 1.1988 0.0197, -1.5 1.1988 0.0197, -1.4528 1.1988 0.1496, -1.5 1.1988 0.1496, -1.5 1.1638 0.2151, -1.4528 1.1758 0.2053, -1.5 1.1758 0.2053, -1.5 1.1502 0.2224, -1.4528 1.1638 0.2151, -1.4528 1.1502 0.2224, -1.5 1.1354 0.2268, -1.5 1.1201 0.2283, -1.4528 1.1354 0.2268, -1.4528 1.1201 0.2283, -1.4528 1.1855 0.1934, -1.4528 1.1928 0.1797, -1.5 1.1855 0.1934, -1.4528 1.1973 0.165, -1.5 1.1928 0.1797, -1.5 1.1973 0.165, -1.4528 1.0295 0.2283, -1.5 1.0295 0.2283, -1.4528 1.0195 0.2297, -1.4528 1.002 0.2396, -1.5 1.0101 0.2335, -1.5 1.002 0.2396, -1.4528 1.0101 0.2335, -1.5 1.0195 0.2297, -1.4528 1.002 0.1299, -1.5 1.002 0.1299, -1.2559 0.3065 0.3057, -1.3032 0.4535 0.2835, -1.3032 0.3065 0.3057, -1.2559 0.4535 0.2835, -1.2559 0.296 0.3091, -1.2559 0.2871 0.3155, -1.3032 0.296 0.3091, -1.3032 0.2871 0.3155, -1.2559 0.2569 0.3457, -1.3032 0.2569 0.3457, -1.2559 0.2439 0.3513, -1.3032 0.2439 0.3513, -1.3032 0.2368 0.3502, -1.3032 0.2305 0.3466, -1.2559 0.2368 0.3502, -1.2559 0.2305 0.3466, -1.2559 0.251 0.3497, -1.3032 0.251 0.3497, -1.2559 0.1575 0.2835, -1.3032 0.1575 0.2835, -1.3032 0.3563 0.6968, -1.2559 0.1095 0.6968, -1.2559 0.3563 0.6968, -1.3032 0.1095 0.6968, -1.2559 0.0743 0.6783, -1.2559 0.0912 0.6888, -1.3032 0.0743 0.6783, -1.3032 0.0591 0.6654, -1.2559 0.0591 0.6654, -1.3032 0.0912 0.6888, -1.3032 0.0591 0.6491, -1.2559 0.0591 0.6491, -1.2559 0.3563 0.6491, -1.3032 0.3563 0.6491, -1.2559 1.0882 0.1284, -1.2559 1.0807 0.1299, -1.3032 1.0807 0.1299, -1.2559 1.1004 0.1102, -1.2559 1.0989 0.1178, -1.3032 1.0989 0.1178, -1.2559 1.0946 0.1242, -1.3032 1.0882 0.1284, -1.3032 1.0946 0.1242, -1.3032 1.1004 0.1102, -1.3032 1.1004 0.0197, -1.2559 1.1004 0.0197, -1.2559 1.1201 0.0, -1.3032 1.1201 0.0, -1.3032 1.1791 0.0, -1.2559 1.1791 0.0, -1.2559 1.1988 0.0197, -1.3032 1.1988 0.0197, -1.2559 1.1988 0.1496, -1.3032 1.1988 0.1496, -1.3032 1.1638 0.2151, -1.2559 1.1758 0.2053, -1.3032 1.1758 0.2053, -1.3032 1.1502 0.2224, -1.2559 1.1638 0.2151, -1.2559 1.1502 0.2224, -1.3032 1.1354 0.2268, -1.3032 1.1201 0.2283, -1.2559 1.1354 0.2268, -1.2559 1.1201 0.2283, -1.2559 1.1855 0.1934, -1.2559 1.1928 0.1797, -1.3032 1.1855 0.1934, -1.2559 1.1973 0.165, -1.3032 1.1928 0.1797, -1.3032 1.1973 0.165, -1.2559 1.0295 0.2283, -1.3032 1.0295 0.2283, -1.2559 1.0195 0.2297, -1.2559 1.002 0.2396, -1.3032 1.0101 0.2335, -1.3032 1.002 0.2396, -1.2559 1.0101 0.2335, -1.3032 1.0195 0.2297, -1.2559 1.002 0.1299, -1.3032 1.002 0.1299, -1.0591 0.3065 0.3057, -1.1063 0.4535 0.2835, -1.1063 0.3065 0.3057, -1.0591 0.4535 0.2835, -1.0591 0.296 0.3091, -1.0591 0.2871 0.3155, -1.1063 0.296 0.3091, -1.1063 0.2871 0.3155, -1.0591 0.2569 0.3457, -1.1063 0.2569 0.3457, -1.0591 0.2439 0.3513, -1.1063 0.2439 0.3513, -1.1063 0.2368 0.3502, -1.1063 0.2305 0.3466, -1.0591 0.2368 0.3502, -1.0591 0.2305 0.3466, -1.0591 0.251 0.3497, -1.1063 0.251 0.3497, -1.0591 0.1575 0.2835, -1.1063 0.1575 0.2835, -1.1063 0.3563 0.6968, -1.0591 0.1095 0.6968, -1.0591 0.3563 0.6968, -1.1063 0.1095 0.6968, -1.0591 0.0743 0.6783, -1.0591 0.0912 0.6888, -1.1063 0.0743 0.6783, -1.1063 0.0591 0.6654, -1.0591 0.0591 0.6654, -1.1063 0.0912 0.6888, -1.1063 0.0591 0.6491, -1.0591 0.0591 0.6491, -1.0591 0.3563 0.6491, -1.1063 0.3563 0.6491, -1.0591 1.0882 0.1284, -1.0591 1.0807 0.1299, -1.1063 1.0807 0.1299, -1.0591 1.1004 0.1102, -1.0591 1.0989 0.1178, -1.1063 1.0989 0.1178, -1.0591 1.0946 0.1242, -1.1063 1.0882 0.1284, -1.1063 1.0946 0.1242, -1.1063 1.1004 0.1102, -1.1063 1.1004 0.0197, -1.0591 1.1004 0.0197, -1.0591 1.1201 0.0, -1.1063 1.1201 0.0, -1.1063 1.1791 0.0, -1.0591 1.1791 0.0, -1.0591 1.1988 0.0197, -1.1063 1.1988 0.0197, -1.0591 1.1988 0.1496, -1.1063 1.1988 0.1496, -1.1063 1.1638 0.2151, -1.0591 1.1758 0.2053, -1.1063 1.1758 0.2053, -1.1063 1.1502 0.2224, -1.0591 1.1638 0.2151, -1.0591 1.1502 0.2224, -1.1063 1.1354 0.2268, -1.1063 1.1201 0.2283, -1.0591 1.1354 0.2268, -1.0591 1.1201 0.2283, -1.0591 1.1855 0.1934, -1.0591 1.1928 0.1797, -1.1063 1.1855 0.1934, -1.0591 1.1973 0.165, -1.1063 1.1928 0.1797, -1.1063 1.1973 0.165, -1.0591 1.0295 0.2283, -1.1063 1.0295 0.2283, -1.0591 1.0195 0.2297, -1.0591 1.002 0.2396, -1.1063 1.0101 0.2335, -1.1063 1.002 0.2396, -1.0591 1.0101 0.2335, -1.1063 1.0195 0.2297, -1.0591 1.002 0.1299, -1.1063 1.002 0.1299, -0.8622 0.3065 0.3057, -0.9095 0.4535 0.2835, -0.9095 0.3065 0.3057, -0.8622 0.4535 0.2835, -0.8622 0.296 0.3091, -0.8622 0.2871 0.3155, -0.9095 0.296 0.3091, -0.9095 0.2871 0.3155, -0.8622 0.2569 0.3457, -0.9095 0.2569 0.3457, -0.8622 0.2439 0.3513, -0.9095 0.2439 0.3513, -0.9095 0.2368 0.3502, -0.9095 0.2305 0.3466, -0.8622 0.2368 0.3502, -0.8622 0.2305 0.3466, -0.8622 0.251 0.3497, -0.9095 0.251 0.3497, -0.8622 0.1575 0.2835, -0.9095 0.1575 0.2835, -0.9095 0.3563 0.6968, -0.8622 0.1095 0.6968, -0.8622 0.3563 0.6968, -0.9095 0.1095 0.6968, -0.8622 0.0743 0.6783, -0.8622 0.0912 0.6888, -0.9095 0.0743 0.6783, -0.9095 0.0591 0.6654, -0.8622 0.0591 0.6654, -0.9095 0.0912 0.6888, -0.9095 0.0591 0.6491, -0.8622 0.0591 0.6491, -0.8622 0.3563 0.6491, -0.9095 0.3563 0.6491, -0.8622 1.0882 0.1284, -0.8622 1.0807 0.1299, -0.9095 1.0807 0.1299, -0.8622 1.1004 0.1102, -0.8622 1.0989 0.1178, -0.9095 1.0989 0.1178, -0.8622 1.0946 0.1242, -0.9095 1.0882 0.1284, -0.9095 1.0946 0.1242, -0.9095 1.1004 0.1102, -0.9095 1.1004 0.0197, -0.8622 1.1004 0.0197, -0.8622 1.1201 0.0, -0.9095 1.1201 0.0, -0.9095 1.1791 0.0, -0.8622 1.1791 0.0, -0.8622 1.1988 0.0197, -0.9095 1.1988 0.0197, -0.8622 1.1988 0.1496, -0.9095 1.1988 0.1496, -0.9095 1.1638 0.2151, -0.8622 1.1758 0.2053, -0.9095 1.1758 0.2053, -0.9095 1.1502 0.2224, -0.8622 1.1638 0.2151, -0.8622 1.1502 0.2224, -0.9095 1.1354 0.2268, -0.9095 1.1201 0.2283, -0.8622 1.1354 0.2268, -0.8622 1.1201 0.2283, -0.8622 1.1855 0.1934, -0.8622 1.1928 0.1797, -0.9095 1.1855 0.1934, -0.8622 1.1973 0.165, -0.9095 1.1928 0.1797, -0.9095 1.1973 0.165, -0.8622 1.0295 0.2283, -0.9095 1.0295 0.2283, -0.8622 1.0195 0.2297, -0.8622 1.002 0.2396, -0.9095 1.0101 0.2335, -0.9095 1.002 0.2396, -0.8622 1.0101 0.2335, -0.9095 1.0195 0.2297, -0.8622 1.002 0.1299, -0.9095 1.002 0.1299, -0.6654 0.3065 0.3057, -0.7126 0.4535 0.2835, -0.7126 0.3065 0.3057, -0.6654 0.4535 0.2835, -0.6654 0.296 0.3091, -0.6654 0.2871 0.3155, -0.7126 0.296 0.3091, -0.7126 0.2871 0.3155, -0.6654 0.2569 0.3457, -0.7126 0.2569 0.3457, -0.6654 0.2439 0.3513, -0.7126 0.2439 0.3513, -0.7126 0.2368 0.3502, -0.7126 0.2305 0.3466, -0.6654 0.2368 0.3502, -0.6654 0.2305 0.3466, -0.6654 0.251 0.3497, -0.7126 0.251 0.3497, -0.6654 0.1575 0.2835, -0.7126 0.1575 0.2835, -0.7126 0.3563 0.6968, -0.6654 0.1095 0.6968, -0.6654 0.3563 0.6968, -0.7126 0.1095 0.6968, -0.6654 0.0743 0.6783, -0.6654 0.0912 0.6888, -0.7126 0.0743 0.6783, -0.7126 0.0591 0.6654, -0.6654 0.0591 0.6654, -0.7126 0.0912 0.6888, -0.7126 0.0591 0.6491, -0.6654 0.0591 0.6491, -0.6654 0.3563 0.6491, -0.7126 0.3563 0.6491, -0.6654 1.0882 0.1284, -0.6654 1.0807 0.1299, -0.7126 1.0807 0.1299, -0.6654 1.1004 0.1102, -0.6654 1.0989 0.1178, -0.7126 1.0989 0.1178, -0.6654 1.0946 0.1242, -0.7126 1.0882 0.1284, -0.7126 1.0946 0.1242, -0.7126 1.1004 0.1102, -0.7126 1.1004 0.0197, -0.6654 1.1004 0.0197, -0.6654 1.1201 0.0, -0.7126 1.1201 0.0, -0.7126 1.1791 0.0, -0.6654 1.1791 0.0, -0.6654 1.1988 0.0197, -0.7126 1.1988 0.0197, -0.6654 1.1988 0.1496, -0.7126 1.1988 0.1496, -0.7126 1.1638 0.2151, -0.6654 1.1758 0.2053, -0.7126 1.1758 0.2053, -0.7126 1.1502 0.2224, -0.6654 1.1638 0.2151, -0.6654 1.1502 0.2224, -0.7126 1.1354 0.2268, -0.7126 1.1201 0.2283, -0.6654 1.1354 0.2268, -0.6654 1.1201 0.2283, -0.6654 1.1855 0.1934, -0.6654 1.1928 0.1797, -0.7126 1.1855 0.1934, -0.6654 1.1973 0.165, -0.7126 1.1928 0.1797, -0.7126 1.1973 0.165, -0.6654 1.0295 0.2283, -0.7126 1.0295 0.2283, -0.6654 1.0195 0.2297, -0.6654 1.002 0.2396, -0.7126 1.0101 0.2335, -0.7126 1.002 0.2396, -0.6654 1.0101 0.2335, -0.7126 1.0195 0.2297, -0.6654 1.002 0.1299, -0.7126 1.002 0.1299, -0.4685 0.3065 0.3057, -0.5158 0.4535 0.2835, -0.5158 0.3065 0.3057, -0.4685 0.4535 0.2835, -0.4685 0.296 0.3091, -0.4685 0.2871 0.3155, -0.5158 0.296 0.3091, -0.5158 0.2871 0.3155, -0.4685 0.2569 0.3457, -0.5158 0.2569 0.3457, -0.4685 0.2439 0.3513, -0.5158 0.2439 0.3513, -0.5158 0.2368 0.3502, -0.5158 0.2305 0.3466, -0.4685 0.2368 0.3502, -0.4685 0.2305 0.3466, -0.4685 0.251 0.3497, -0.5158 0.251 0.3497, -0.4685 0.1575 0.2835, -0.5158 0.1575 0.2835, -0.5158 0.3563 0.6968, -0.4685 0.1095 0.6968, -0.4685 0.3563 0.6968, -0.5158 0.1095 0.6968, -0.4685 0.0743 0.6783, -0.4685 0.0912 0.6888, -0.5158 0.0743 0.6783, -0.5158 0.0591 0.6654, -0.4685 0.0591 0.6654, -0.5158 0.0912 0.6888, -0.5158 0.0591 0.6491, -0.4685 0.0591 0.6491, -0.4685 0.3563 0.6491, -0.5158 0.3563 0.6491, -0.4685 1.0882 0.1284, -0.4685 1.0807 0.1299, -0.5158 1.0807 0.1299, -0.4685 1.1004 0.1102, -0.4685 1.0989 0.1178, -0.5158 1.0989 0.1178, -0.4685 1.0946 0.1242, -0.5158 1.0882 0.1284, -0.5158 1.0946 0.1242, -0.5158 1.1004 0.1102, -0.5158 1.1004 0.0197, -0.4685 1.1004 0.0197, -0.4685 1.1201 0.0, -0.5158 1.1201 0.0, -0.5158 1.1791 0.0, -0.4685 1.1791 0.0, -0.4685 1.1988 0.0197, -0.5158 1.1988 0.0197, -0.4685 1.1988 0.1496, -0.5158 1.1988 0.1496, -0.5158 1.1638 0.2151, -0.4685 1.1758 0.2053, -0.5158 1.1758 0.2053, -0.5158 1.1502 0.2224, -0.4685 1.1638 0.2151, -0.4685 1.1502 0.2224, -0.5158 1.1354 0.2268, -0.5158 1.1201 0.2283, -0.4685 1.1354 0.2268, -0.4685 1.1201 0.2283, -0.4685 1.1855 0.1934, -0.4685 1.1928 0.1797, -0.5158 1.1855 0.1934, -0.4685 1.1973 0.165, -0.5158 1.1928 0.1797, -0.5158 1.1973 0.165, -0.4685 1.0295 0.2283, -0.5158 1.0295 0.2283, -0.4685 1.0195 0.2297, -0.4685 1.002 0.2396, -0.5158 1.0101 0.2335, -0.5158 1.002 0.2396, -0.4685 1.0101 0.2335, -0.5158 1.0195 0.2297, -0.4685 1.002 0.1299, -0.5158 1.002 0.1299, -0.2717 0.3065 0.3057, -0.3189 0.4535 0.2835, -0.3189 0.3065 0.3057, -0.2717 0.4535 0.2835, -0.2717 0.296 0.3091, -0.2717 0.2871 0.3155, -0.3189 0.296 0.3091, -0.3189 0.2871 0.3155, -0.2717 0.2569 0.3457, -0.3189 0.2569 0.3457, -0.2717 0.2439 0.3513, -0.3189 0.2439 0.3513, -0.3189 0.2368 0.3502, -0.3189 0.2305 0.3466, -0.2717 0.2368 0.3502, -0.2717 0.2305 0.3466, -0.2717 0.251 0.3497, -0.3189 0.251 0.3497, -0.2717 0.1575 0.2835, -0.3189 0.1575 0.2835, -0.3189 0.3563 0.6968, -0.2717 0.1095 0.6968, -0.2717 0.3563 0.6968, -0.3189 0.1095 0.6968, -0.2717 0.0743 0.6783, -0.2717 0.0912 0.6888, -0.3189 0.0743 0.6783, -0.3189 0.0591 0.6654, -0.2717 0.0591 0.6654, -0.3189 0.0912 0.6888, -0.3189 0.0591 0.6491, -0.2717 0.0591 0.6491, -0.2717 0.3563 0.6491, -0.3189 0.3563 0.6491, -0.2717 1.0882 0.1284, -0.2717 1.0807 0.1299, -0.3189 1.0807 0.1299, -0.2717 1.1004 0.1102, -0.2717 1.0989 0.1178, -0.3189 1.0989 0.1178, -0.2717 1.0946 0.1242, -0.3189 1.0882 0.1284, -0.3189 1.0946 0.1242, -0.3189 1.1004 0.1102, -0.3189 1.1004 0.0197, -0.2717 1.1004 0.0197, -0.2717 1.1201 0.0, -0.3189 1.1201 0.0, -0.3189 1.1791 0.0, -0.2717 1.1791 0.0, -0.2717 1.1988 0.0197, -0.3189 1.1988 0.0197, -0.2717 1.1988 0.1496, -0.3189 1.1988 0.1496, -0.3189 1.1638 0.2151, -0.2717 1.1758 0.2053, -0.3189 1.1758 0.2053, -0.3189 1.1502 0.2224, -0.2717 1.1638 0.2151, -0.2717 1.1502 0.2224, -0.3189 1.1354 0.2268, -0.3189 1.1201 0.2283, -0.2717 1.1354 0.2268, -0.2717 1.1201 0.2283, -0.2717 1.1855 0.1934, -0.2717 1.1928 0.1797, -0.3189 1.1855 0.1934, -0.2717 1.1973 0.165, -0.3189 1.1928 0.1797, -0.3189 1.1973 0.165, -0.2717 1.0295 0.2283, -0.3189 1.0295 0.2283, -0.2717 1.0195 0.2297, -0.2717 1.002 0.2396, -0.3189 1.0101 0.2335, -0.3189 1.002 0.2396, -0.2717 1.0101 0.2335, -0.3189 1.0195 0.2297, -0.2717 1.002 0.1299, -0.3189 1.002 0.1299, -0.0748 0.3065 0.3057, -0.1221 0.4535 0.2835, -0.1221 0.3065 0.3057, -0.0748 0.4535 0.2835, -0.0748 0.296 0.3091, -0.0748 0.2871 0.3155, -0.1221 0.296 0.3091, -0.1221 0.2871 0.3155, -0.0748 0.2569 0.3457, -0.1221 0.2569 0.3457, -0.0748 0.2439 0.3513, -0.1221 0.2439 0.3513, -0.1221 0.2368 0.3502, -0.1221 0.2305 0.3466, -0.0748 0.2368 0.3502, -0.0748 0.2305 0.3466, -0.0748 0.251 0.3497, -0.1221 0.251 0.3497, -0.0748 0.1575 0.2835, -0.1221 0.1575 0.2835, -0.1221 0.3563 0.6968, -0.0748 0.1095 0.6968, -0.0748 0.3563 0.6968, -0.1221 0.1095 0.6968, -0.0748 0.0743 0.6783, -0.0748 0.0912 0.6888, -0.1221 0.0743 0.6783, -0.1221 0.0591 0.6654, -0.0748 0.0591 0.6654, -0.1221 0.0912 0.6888, -0.1221 0.0591 0.6491, -0.0748 0.0591 0.6491, -0.0748 0.3563 0.6491, -0.1221 0.3563 0.6491, -0.0748 1.0882 0.1284, -0.0748 1.0807 0.1299, -0.1221 1.0807 0.1299, -0.0748 1.1004 0.1102, -0.0748 1.0989 0.1178, -0.1221 1.0989 0.1178, -0.0748 1.0946 0.1242, -0.1221 1.0882 0.1284, -0.1221 1.0946 0.1242, -0.1221 1.1004 0.1102, -0.1221 1.1004 0.0197, -0.0748 1.1004 0.0197, -0.0748 1.1201 0.0, -0.1221 1.1201 0.0, -0.1221 1.1791 0.0, -0.0748 1.1791 0.0, -0.0748 1.1988 0.0197, -0.1221 1.1988 0.0197, -0.0748 1.1988 0.1496, -0.1221 1.1988 0.1496, -0.1221 1.1638 0.2151, -0.0748 1.1758 0.2053, -0.1221 1.1758 0.2053, -0.1221 1.1502 0.2224, -0.0748 1.1638 0.2151, -0.0748 1.1502 0.2224, -0.1221 1.1354 0.2268, -0.1221 1.1201 0.2283, -0.0748 1.1354 0.2268, -0.0748 1.1201 0.2283, -0.0748 1.1855 0.1934, -0.0748 1.1928 0.1797, -0.1221 1.1855 0.1934, -0.0748 1.1973 0.165, -0.1221 1.1928 0.1797, -0.1221 1.1973 0.165, -0.0748 1.0295 0.2283, -0.1221 1.0295 0.2283, -0.0748 1.0195 0.2297, -0.0748 1.002 0.2396, -0.1221 1.0101 0.2335, -0.1221 1.002 0.2396, -0.0748 1.0101 0.2335, -0.1221 1.0195 0.2297, -0.0748 1.002 0.1299, -0.1221 1.002 0.1299, 0.122 0.3065 0.3057, 0.0748 0.4535 0.2835, 0.0748 0.3065 0.3057, 0.122 0.4535 0.2835, 0.122 0.296 0.3091, 0.122 0.2871 0.3155, 0.0748 0.296 0.3091, 0.0748 0.2871 0.3155, 0.122 0.2569 0.3457, 0.0748 0.2569 0.3457, 0.122 0.2439 0.3513, 0.0748 0.2439 0.3513, 0.0748 0.2368 0.3502, 0.0748 0.2305 0.3466, 0.122 0.2368 0.3502, 0.122 0.2305 0.3466, 0.122 0.251 0.3497, 0.0748 0.251 0.3497, 0.122 0.1575 0.2835, 0.0748 0.1575 0.2835, 0.0748 0.3563 0.6968, 0.122 0.1095 0.6968, 0.122 0.3563 0.6968, 0.0748 0.1095 0.6968, 0.122 0.0743 0.6783, 0.122 0.0912 0.6888, 0.0748 0.0743 0.6783, 0.0748 0.0591 0.6654, 0.122 0.0591 0.6654, 0.0748 0.0912 0.6888, 0.0748 0.0591 0.6491, 0.122 0.0591 0.6491, 0.122 0.3563 0.6491, 0.0748 0.3563 0.6491, 0.122 1.0882 0.1284, 0.122 1.0807 0.1299, 0.0748 1.0807 0.1299, 0.122 1.1004 0.1102, 0.122 1.0989 0.1178, 0.0748 1.0989 0.1178, 0.122 1.0946 0.1242, 0.0748 1.0882 0.1284, 0.0748 1.0946 0.1242, 0.0748 1.1004 0.1102, 0.0748 1.1004 0.0197, 0.122 1.1004 0.0197, 0.122 1.1201 0.0, 0.0748 1.1201 0.0, 0.0748 1.1791 0.0, 0.122 1.1791 0.0, 0.122 1.1988 0.0197, 0.0748 1.1988 0.0197, 0.122 1.1988 0.1496, 0.0748 1.1988 0.1496, 0.0748 1.1638 0.2151, 0.122 1.1758 0.2053, 0.0748 1.1758 0.2053, 0.0748 1.1502 0.2224, 0.122 1.1638 0.2151, 0.122 1.1502 0.2224, 0.0748 1.1354 0.2268, 0.0748 1.1201 0.2283, 0.122 1.1354 0.2268, 0.122 1.1201 0.2283, 0.122 1.1855 0.1934, 0.122 1.1928 0.1797, 0.0748 1.1855 0.1934, 0.122 1.1973 0.165, 0.0748 1.1928 0.1797, 0.0748 1.1973 0.165, 0.122 1.0295 0.2283, 0.0748 1.0295 0.2283, 0.122 1.0195 0.2297, 0.122 1.002 0.2396, 0.0748 1.0101 0.2335, 0.0748 1.002 0.2396, 0.122 1.0101 0.2335, 0.0748 1.0195 0.2297, 0.122 1.002 0.1299, 0.0748 1.002 0.1299, 0.3189 0.3065 0.3057, 0.2716 0.4535 0.2835, 0.2716 0.3065 0.3057, 0.3189 0.4535 0.2835, 0.3189 0.296 0.3091, 0.3189 0.2871 0.3155, 0.2716 0.296 0.3091, 0.2716 0.2871 0.3155, 0.3189 0.2569 0.3457, 0.2716 0.2569 0.3457, 0.3189 0.2439 0.3513, 0.2716 0.2439 0.3513, 0.2716 0.2368 0.3502, 0.2716 0.2305 0.3466, 0.3189 0.2368 0.3502, 0.3189 0.2305 0.3466, 0.3189 0.251 0.3497, 0.2716 0.251 0.3497, 0.3189 0.1575 0.2835, 0.2716 0.1575 0.2835, 0.2716 0.3563 0.6968, 0.3189 0.1095 0.6968, 0.3189 0.3563 0.6968, 0.2716 0.1095 0.6968, 0.3189 0.0743 0.6783, 0.3189 0.0912 0.6888, 0.2716 0.0743 0.6783, 0.2716 0.0591 0.6654, 0.3189 0.0591 0.6654, 0.2716 0.0912 0.6888, 0.2716 0.0591 0.6491, 0.3189 0.0591 0.6491, 0.3189 0.3563 0.6491, 0.2716 0.3563 0.6491, 0.3189 1.0882 0.1284, 0.3189 1.0807 0.1299, 0.2716 1.0807 0.1299, 0.3189 1.1004 0.1102, 0.3189 1.0989 0.1178, 0.2716 1.0989 0.1178, 0.3189 1.0946 0.1242, 0.2716 1.0882 0.1284, 0.2716 1.0946 0.1242, 0.2716 1.1004 0.1102, 0.2716 1.1004 0.0197, 0.3189 1.1004 0.0197, 0.3189 1.1201 0.0, 0.2716 1.1201 0.0, 0.2716 1.1791 0.0, 0.3189 1.1791 0.0, 0.3189 1.1988 0.0197, 0.2716 1.1988 0.0197, 0.3189 1.1988 0.1496, 0.2716 1.1988 0.1496, 0.2716 1.1638 0.2151, 0.3189 1.1758 0.2053, 0.2716 1.1758 0.2053, 0.2716 1.1502 0.2224, 0.3189 1.1638 0.2151, 0.3189 1.1502 0.2224, 0.2716 1.1354 0.2268, 0.2716 1.1201 0.2283, 0.3189 1.1354 0.2268, 0.3189 1.1201 0.2283, 0.3189 1.1855 0.1934, 0.3189 1.1928 0.1797, 0.2716 1.1855 0.1934, 0.3189 1.1973 0.165, 0.2716 1.1928 0.1797, 0.2716 1.1973 0.165, 0.3189 1.0295 0.2283, 0.2716 1.0295 0.2283, 0.3189 1.0195 0.2297, 0.3189 1.002 0.2396, 0.2716 1.0101 0.2335, 0.2716 1.002 0.2396, 0.3189 1.0101 0.2335, 0.2716 1.0195 0.2297, 0.3189 1.002 0.1299, 0.2716 1.002 0.1299, 0.5157 0.3065 0.3057, 0.4685 0.4535 0.2835, 0.4685 0.3065 0.3057, 0.5157 0.4535 0.2835, 0.5157 0.296 0.3091, 0.5157 0.2871 0.3155, 0.4685 0.296 0.3091, 0.4685 0.2871 0.3155, 0.5157 0.2569 0.3457, 0.4685 0.2569 0.3457, 0.5157 0.2439 0.3513, 0.4685 0.2439 0.3513, 0.4685 0.2368 0.3502, 0.4685 0.2305 0.3466, 0.5157 0.2368 0.3502, 0.5157 0.2305 0.3466, 0.5157 0.251 0.3497, 0.4685 0.251 0.3497, 0.5157 0.1575 0.2835, 0.4685 0.1575 0.2835, 0.4685 0.3563 0.6968, 0.5157 0.1095 0.6968, 0.5157 0.3563 0.6968, 0.4685 0.1095 0.6968, 0.5157 0.0743 0.6783, 0.5157 0.0912 0.6888, 0.4685 0.0743 0.6783, 0.4685 0.0591 0.6654, 0.5157 0.0591 0.6654, 0.4685 0.0912 0.6888, 0.4685 0.0591 0.6491, 0.5157 0.0591 0.6491, 0.5157 0.3563 0.6491, 0.4685 0.3563 0.6491, 0.5157 1.0882 0.1284, 0.5157 1.0807 0.1299, 0.4685 1.0807 0.1299, 0.5157 1.1004 0.1102, 0.5157 1.0989 0.1178, 0.4685 1.0989 0.1178, 0.5157 1.0946 0.1242, 0.4685 1.0882 0.1284, 0.4685 1.0946 0.1242, 0.4685 1.1004 0.1102, 0.4685 1.1004 0.0197, 0.5157 1.1004 0.0197, 0.5157 1.1201 0.0, 0.4685 1.1201 0.0, 0.4685 1.1791 0.0, 0.5157 1.1791 0.0, 0.5157 1.1988 0.0197, 0.4685 1.1988 0.0197, 0.5157 1.1988 0.1496, 0.4685 1.1988 0.1496, 0.4685 1.1638 0.2151, 0.5157 1.1758 0.2053, 0.4685 1.1758 0.2053, 0.4685 1.1502 0.2224, 0.5157 1.1638 0.2151, 0.5157 1.1502 0.2224, 0.4685 1.1354 0.2268, 0.4685 1.1201 0.2283, 0.5157 1.1354 0.2268, 0.5157 1.1201 0.2283, 0.5157 1.1855 0.1934, 0.5157 1.1928 0.1797, 0.4685 1.1855 0.1934, 0.5157 1.1973 0.165, 0.4685 1.1928 0.1797, 0.4685 1.1973 0.165, 0.5157 1.0295 0.2283, 0.4685 1.0295 0.2283, 0.5157 1.0195 0.2297, 0.5157 1.002 0.2396, 0.4685 1.0101 0.2335, 0.4685 1.002 0.2396, 0.5157 1.0101 0.2335, 0.4685 1.0195 0.2297, 0.5157 1.002 0.1299, 0.4685 1.002 0.1299, 0.7126 0.3065 0.3057, 0.6653 0.4535 0.2835, 0.6653 0.3065 0.3057, 0.7126 0.4535 0.2835, 0.7126 0.296 0.3091, 0.7126 0.2871 0.3155, 0.6653 0.296 0.3091, 0.6653 0.2871 0.3155, 0.7126 0.2569 0.3457, 0.6653 0.2569 0.3457, 0.7126 0.2439 0.3513, 0.6653 0.2439 0.3513, 0.6653 0.2368 0.3502, 0.6653 0.2305 0.3466, 0.7126 0.2368 0.3502, 0.7126 0.2305 0.3466, 0.7126 0.251 0.3497, 0.6653 0.251 0.3497, 0.7126 0.1575 0.2835, 0.6653 0.1575 0.2835, 0.6653 0.3563 0.6968, 0.7126 0.1095 0.6968, 0.7126 0.3563 0.6968, 0.6653 0.1095 0.6968, 0.7126 0.0743 0.6783, 0.7126 0.0912 0.6888, 0.6653 0.0743 0.6783, 0.6653 0.0591 0.6654, 0.7126 0.0591 0.6654, 0.6653 0.0912 0.6888, 0.6653 0.0591 0.6491, 0.7126 0.0591 0.6491, 0.7126 0.3563 0.6491, 0.6653 0.3563 0.6491, 0.7126 1.0882 0.1284, 0.7126 1.0807 0.1299, 0.6653 1.0807 0.1299, 0.7126 1.1004 0.1102, 0.7126 1.0989 0.1178, 0.6653 1.0989 0.1178, 0.7126 1.0946 0.1242, 0.6653 1.0882 0.1284, 0.6653 1.0946 0.1242, 0.6653 1.1004 0.1102, 0.6653 1.1004 0.0197, 0.7126 1.1004 0.0197, 0.7126 1.1201 0.0, 0.6653 1.1201 0.0, 0.6653 1.1791 0.0, 0.7126 1.1791 0.0, 0.7126 1.1988 0.0197, 0.6653 1.1988 0.0197, 0.7126 1.1988 0.1496, 0.6653 1.1988 0.1496, 0.6653 1.1638 0.2151, 0.7126 1.1758 0.2053, 0.6653 1.1758 0.2053, 0.6653 1.1502 0.2224, 0.7126 1.1638 0.2151, 0.7126 1.1502 0.2224, 0.6653 1.1354 0.2268, 0.6653 1.1201 0.2283, 0.7126 1.1354 0.2268, 0.7126 1.1201 0.2283, 0.7126 1.1855 0.1934, 0.7126 1.1928 0.1797, 0.6653 1.1855 0.1934, 0.7126 1.1973 0.165, 0.6653 1.1928 0.1797, 0.6653 1.1973 0.165, 0.7126 1.0295 0.2283, 0.6653 1.0295 0.2283, 0.7126 1.0195 0.2297, 0.7126 1.002 0.2396, 0.6653 1.0101 0.2335, 0.6653 1.002 0.2396, 0.7126 1.0101 0.2335, 0.6653 1.0195 0.2297, 0.7126 1.002 0.1299, 0.6653 1.002 0.1299, 0.9094 0.3065 0.3057, 0.8622 0.4535 0.2835, 0.8622 0.3065 0.3057, 0.9094 0.4535 0.2835, 0.9094 0.296 0.3091, 0.9094 0.2871 0.3155, 0.8622 0.296 0.3091, 0.8622 0.2871 0.3155, 0.9094 0.2569 0.3457, 0.8622 0.2569 0.3457, 0.9094 0.2439 0.3513, 0.8622 0.2439 0.3513, 0.8622 0.2368 0.3502, 0.8622 0.2305 0.3466, 0.9094 0.2368 0.3502, 0.9094 0.2305 0.3466, 0.9094 0.251 0.3497, 0.8622 0.251 0.3497, 0.9094 0.1575 0.2835, 0.8622 0.1575 0.2835, 0.8622 0.3563 0.6968, 0.9094 0.1095 0.6968, 0.9094 0.3563 0.6968, 0.8622 0.1095 0.6968, 0.9094 0.0743 0.6783, 0.9094 0.0912 0.6888, 0.8622 0.0743 0.6783, 0.8622 0.0591 0.6654, 0.9094 0.0591 0.6654, 0.8622 0.0912 0.6888, 0.8622 0.0591 0.6491, 0.9094 0.0591 0.6491, 0.9094 0.3563 0.6491, 0.8622 0.3563 0.6491, 0.9094 1.0882 0.1284, 0.9094 1.0807 0.1299, 0.8622 1.0807 0.1299, 0.9094 1.1004 0.1102, 0.9094 1.0989 0.1178, 0.8622 1.0989 0.1178, 0.9094 1.0946 0.1242, 0.8622 1.0882 0.1284, 0.8622 1.0946 0.1242, 0.8622 1.1004 0.1102, 0.8622 1.1004 0.0197, 0.9094 1.1004 0.0197, 0.9094 1.1201 0.0, 0.8622 1.1201 0.0, 0.8622 1.1791 0.0, 0.9094 1.1791 0.0, 0.9094 1.1988 0.0197, 0.8622 1.1988 0.0197, 0.9094 1.1988 0.1496, 0.8622 1.1988 0.1496, 0.8622 1.1638 0.2151, 0.9094 1.1758 0.2053, 0.8622 1.1758 0.2053, 0.8622 1.1502 0.2224, 0.9094 1.1638 0.2151, 0.9094 1.1502 0.2224, 0.8622 1.1354 0.2268, 0.8622 1.1201 0.2283, 0.9094 1.1354 0.2268, 0.9094 1.1201 0.2283, 0.9094 1.1855 0.1934, 0.9094 1.1928 0.1797, 0.8622 1.1855 0.1934, 0.9094 1.1973 0.165, 0.8622 1.1928 0.1797, 0.8622 1.1973 0.165, 0.9094 1.0295 0.2283, 0.8622 1.0295 0.2283, 0.9094 1.0195 0.2297, 0.9094 1.002 0.2396, 0.8622 1.0101 0.2335, 0.8622 1.002 0.2396, 0.9094 1.0101 0.2335, 0.8622 1.0195 0.2297, 0.9094 1.002 0.1299, 0.8622 1.002 0.1299, 1.1063 0.3065 0.3057, 1.059 0.4535 0.2835, 1.059 0.3065 0.3057, 1.1063 0.4535 0.2835, 1.1063 0.296 0.3091, 1.1063 0.2871 0.3155, 1.059 0.296 0.3091, 1.059 0.2871 0.3155, 1.1063 0.2569 0.3457, 1.059 0.2569 0.3457, 1.1063 0.2439 0.3513, 1.059 0.2439 0.3513, 1.059 0.2368 0.3502, 1.059 0.2305 0.3466, 1.1063 0.2368 0.3502, 1.1063 0.2305 0.3466, 1.1063 0.251 0.3497, 1.059 0.251 0.3497, 1.1063 0.1575 0.2835, 1.059 0.1575 0.2835, 1.059 0.3563 0.6968, 1.1063 0.1095 0.6968, 1.1063 0.3563 0.6968, 1.059 0.1095 0.6968, 1.1063 0.0743 0.6783, 1.1063 0.0912 0.6888, 1.059 0.0743 0.6783, 1.059 0.0591 0.6654, 1.1063 0.0591 0.6654, 1.059 0.0912 0.6888, 1.059 0.0591 0.6491, 1.1063 0.0591 0.6491, 1.1063 0.3563 0.6491, 1.059 0.3563 0.6491, 1.1063 1.0882 0.1284, 1.1063 1.0807 0.1299, 1.059 1.0807 0.1299, 1.1063 1.1004 0.1102, 1.1063 1.0989 0.1178, 1.059 1.0989 0.1178, 1.1063 1.0946 0.1242, 1.059 1.0882 0.1284, 1.059 1.0946 0.1242, 1.059 1.1004 0.1102, 1.059 1.1004 0.0197, 1.1063 1.1004 0.0197, 1.1063 1.1201 0.0, 1.059 1.1201 0.0, 1.059 1.1791 0.0, 1.1063 1.1791 0.0, 1.1063 1.1988 0.0197, 1.059 1.1988 0.0197, 1.1063 1.1988 0.1496, 1.059 1.1988 0.1496, 1.059 1.1638 0.2151, 1.1063 1.1758 0.2053, 1.059 1.1758 0.2053, 1.059 1.1502 0.2224, 1.1063 1.1638 0.2151, 1.1063 1.1502 0.2224, 1.059 1.1354 0.2268, 1.059 1.1201 0.2283, 1.1063 1.1354 0.2268, 1.1063 1.1201 0.2283, 1.1063 1.1855 0.1934, 1.1063 1.1928 0.1797, 1.059 1.1855 0.1934, 1.1063 1.1973 0.165, 1.059 1.1928 0.1797, 1.059 1.1973 0.165, 1.1063 1.0295 0.2283, 1.059 1.0295 0.2283, 1.1063 1.0195 0.2297, 1.1063 1.002 0.2396, 1.059 1.0101 0.2335, 1.059 1.002 0.2396, 1.1063 1.0101 0.2335, 1.059 1.0195 0.2297, 1.1063 1.002 0.1299, 1.059 1.002 0.1299, 1.3031 0.3065 0.3057, 1.2559 0.4535 0.2835, 1.2559 0.3065 0.3057, 1.3031 0.4535 0.2835, 1.3031 0.296 0.3091, 1.3031 0.2871 0.3155, 1.2559 0.296 0.3091, 1.2559 0.2871 0.3155, 1.3031 0.2569 0.3457, 1.2559 0.2569 0.3457, 1.3031 0.2439 0.3513, 1.2559 0.2439 0.3513, 1.2559 0.2368 0.3502, 1.2559 0.2305 0.3466, 1.3031 0.2368 0.3502, 1.3031 0.2305 0.3466, 1.3031 0.251 0.3497, 1.2559 0.251 0.3497, 1.3031 0.1575 0.2835, 1.2559 0.1575 0.2835, 1.2559 0.3563 0.6968, 1.3031 0.1095 0.6968, 1.3031 0.3563 0.6968, 1.2559 0.1095 0.6968, 1.3031 0.0743 0.6783, 1.3031 0.0912 0.6888, 1.2559 0.0743 0.6783, 1.2559 0.0591 0.6654, 1.3031 0.0591 0.6654, 1.2559 0.0912 0.6888, 1.2559 0.0591 0.6491, 1.3031 0.0591 0.6491, 1.3031 0.3563 0.6491, 1.2559 0.3563 0.6491, 1.3031 1.0882 0.1284, 1.3031 1.0807 0.1299, 1.2559 1.0807 0.1299, 1.3031 1.1004 0.1102, 1.3031 1.0989 0.1178, 1.2559 1.0989 0.1178, 1.3031 1.0946 0.1242, 1.2559 1.0882 0.1284, 1.2559 1.0946 0.1242, 1.2559 1.1004 0.1102, 1.2559 1.1004 0.0197, 1.3031 1.1004 0.0197, 1.3031 1.1201 0.0, 1.2559 1.1201 0.0, 1.2559 1.1791 0.0, 1.3031 1.1791 0.0, 1.3031 1.1988 0.0197, 1.2559 1.1988 0.0197, 1.3031 1.1988 0.1496, 1.2559 1.1988 0.1496, 1.2559 1.1638 0.2151, 1.3031 1.1758 0.2053, 1.2559 1.1758 0.2053, 1.2559 1.1502 0.2224, 1.3031 1.1638 0.2151, 1.3031 1.1502 0.2224, 1.2559 1.1354 0.2268, 1.2559 1.1201 0.2283, 1.3031 1.1354 0.2268, 1.3031 1.1201 0.2283, 1.3031 1.1855 0.1934, 1.3031 1.1928 0.1797, 1.2559 1.1855 0.1934, 1.3031 1.1973 0.165, 1.2559 1.1928 0.1797, 1.2559 1.1973 0.165, 1.3031 1.0295 0.2283, 1.2559 1.0295 0.2283, 1.3031 1.0195 0.2297, 1.3031 1.002 0.2396, 1.2559 1.0101 0.2335, 1.2559 1.002 0.2396, 1.3031 1.0101 0.2335, 1.2559 1.0195 0.2297, 1.3031 1.002 0.1299, 1.2559 1.002 0.1299, 1.5 0.3065 0.3057, 1.4527 0.4535 0.2835, 1.4527 0.3065 0.3057, 1.5 0.4535 0.2835, 1.5 0.296 0.3091, 1.5 0.2871 0.3155, 1.4527 0.296 0.3091, 1.4527 0.2871 0.3155, 1.5 0.2569 0.3457, 1.4527 0.2569 0.3457, 1.5 0.2439 0.3513, 1.4527 0.2439 0.3513, 1.4527 0.2368 0.3502, 1.4527 0.2305 0.3466, 1.5 0.2368 0.3502, 1.5 0.2305 0.3466, 1.5 0.251 0.3497, 1.4527 0.251 0.3497, 1.5 0.1575 0.2835, 1.4527 0.1575 0.2835, 1.4527 0.3563 0.6968, 1.5 0.1095 0.6968, 1.5 0.3563 0.6968, 1.4527 0.1095 0.6968, 1.5 0.0743 0.6783, 1.5 0.0912 0.6888, 1.4527 0.0743 0.6783, 1.4527 0.0591 0.6654, 1.5 0.0591 0.6654, 1.4527 0.0912 0.6888, 1.4527 0.0591 0.6491, 1.5 0.0591 0.6491, 1.5 0.3563 0.6491, 1.4527 0.3563 0.6491, 1.5 1.0882 0.1284, 1.5 1.0807 0.1299, 1.4527 1.0807 0.1299, 1.5 1.1004 0.1102, 1.5 1.0989 0.1178, 1.4527 1.0989 0.1178, 1.5 1.0946 0.1242, 1.4527 1.0882 0.1284, 1.4527 1.0946 0.1242, 1.4527 1.1004 0.1102, 1.4527 1.1004 0.0197, 1.5 1.1004 0.0197, 1.5 1.1201 0.0, 1.4527 1.1201 0.0, 1.4527 1.1791 0.0, 1.5 1.1791 0.0, 1.5 1.1988 0.0197, 1.4527 1.1988 0.0197, 1.5 1.1988 0.1496, 1.4527 1.1988 0.1496, 1.4527 1.1638 0.2151, 1.5 1.1758 0.2053, 1.4527 1.1758 0.2053, 1.4527 1.1502 0.2224, 1.5 1.1638 0.2151, 1.5 1.1502 0.2224, 1.4527 1.1354 0.2268, 1.4527 1.1201 0.2283, 1.5 1.1354 0.2268, 1.5 1.1201 0.2283, 1.5 1.1855 0.1934, 1.5 1.1928 0.1797, 1.4527 1.1855 0.1934, 1.5 1.1973 0.165, 1.4527 1.1928 0.1797, 1.4527 1.1973 0.165, 1.5 1.0295 0.2283, 1.4527 1.0295 0.2283, 1.5 1.0195 0.2297, 1.5 1.002 0.2396, 1.4527 1.0101 0.2335, 1.4527 1.002 0.2396, 1.5 1.0101 0.2335, 1.4527 1.0195 0.2297, 1.5 1.002 0.1299, 1.4527 1.002 0.1299, 1.6968 0.3065 0.3057, 1.6496 0.4535 0.2835, 1.6496 0.3065 0.3057, 1.6968 0.4535 0.2835, 1.6968 0.296 0.3091, 1.6968 0.2871 0.3155, 1.6496 0.296 0.3091, 1.6496 0.2871 0.3155, 1.6968 0.2569 0.3457, 1.6496 0.2569 0.3457, 1.6968 0.2439 0.3513, 1.6496 0.2439 0.3513, 1.6496 0.2368 0.3502, 1.6496 0.2305 0.3466, 1.6968 0.2368 0.3502, 1.6968 0.2305 0.3466, 1.6968 0.251 0.3497, 1.6496 0.251 0.3497, 1.6968 0.1575 0.2835, 1.6496 0.1575 0.2835, 1.6496 0.3563 0.6968, 1.6968 0.1095 0.6968, 1.6968 0.3563 0.6968, 1.6496 0.1095 0.6968, 1.6968 0.0743 0.6783, 1.6968 0.0912 0.6888, 1.6496 0.0743 0.6783, 1.6496 0.0591 0.6654, 1.6968 0.0591 0.6654, 1.6496 0.0912 0.6888, 1.6496 0.0591 0.6491, 1.6968 0.0591 0.6491, 1.6968 0.3563 0.6491, 1.6496 0.3563 0.6491, 1.6968 1.0882 0.1284, 1.6968 1.0807 0.1299, 1.6496 1.0807 0.1299, 1.6968 1.1004 0.1102, 1.6968 1.0989 0.1178, 1.6496 1.0989 0.1178, 1.6968 1.0946 0.1242, 1.6496 1.0882 0.1284, 1.6496 1.0946 0.1242, 1.6496 1.1004 0.1102, 1.6496 1.1004 0.0197, 1.6968 1.1004 0.0197, 1.6968 1.1201 0.0, 1.6496 1.1201 0.0, 1.6496 1.1791 0.0, 1.6968 1.1791 0.0, 1.6968 1.1988 0.0197, 1.6496 1.1988 0.0197, 1.6968 1.1988 0.1496, 1.6496 1.1988 0.1496, 1.6496 1.1638 0.2151, 1.6968 1.1758 0.2053, 1.6496 1.1758 0.2053, 1.6496 1.1502 0.2224, 1.6968 1.1638 0.2151, 1.6968 1.1502 0.2224, 1.6496 1.1354 0.2268, 1.6496 1.1201 0.2283, 1.6968 1.1354 0.2268, 1.6968 1.1201 0.2283, 1.6968 1.1855 0.1934, 1.6968 1.1928 0.1797, 1.6496 1.1855 0.1934, 1.6968 1.1973 0.165, 1.6496 1.1928 0.1797, 1.6496 1.1973 0.165, 1.6968 1.0295 0.2283, 1.6496 1.0295 0.2283, 1.6968 1.0195 0.2297, 1.6968 1.002 0.2396, 1.6496 1.0101 0.2335, 1.6496 1.002 0.2396, 1.6968 1.0101 0.2335, 1.6496 1.0195 0.2297, 1.6968 1.002 0.1299, 1.6496 1.002 0.1299, 1.8937 0.3065 0.3057, 1.8464 0.4535 0.2835, 1.8464 0.3065 0.3057, 1.8937 0.4535 0.2835, 1.8937 0.296 0.3091, 1.8937 0.2871 0.3155, 1.8464 0.296 0.3091, 1.8464 0.2871 0.3155, 1.8937 0.2569 0.3457, 1.8464 0.2569 0.3457, 1.8937 0.2439 0.3513, 1.8464 0.2439 0.3513, 1.8464 0.2368 0.3502, 1.8464 0.2305 0.3466, 1.8937 0.2368 0.3502, 1.8937 0.2305 0.3466, 1.8937 0.251 0.3497, 1.8464 0.251 0.3497, 1.8937 0.1575 0.2835, 1.8464 0.1575 0.2835, 1.8464 0.3563 0.6968, 1.8937 0.1095 0.6968, 1.8937 0.3563 0.6968, 1.8464 0.1095 0.6968, 1.8937 0.0743 0.6783, 1.8937 0.0912 0.6888, 1.8464 0.0743 0.6783, 1.8464 0.0591 0.6654, 1.8937 0.0591 0.6654, 1.8464 0.0912 0.6888, 1.8464 0.0591 0.6491, 1.8937 0.0591 0.6491, 1.8937 0.3563 0.6491, 1.8464 0.3563 0.6491, 1.8937 1.0882 0.1284, 1.8937 1.0807 0.1299, 1.8464 1.0807 0.1299, 1.8937 1.1004 0.1102, 1.8937 1.0989 0.1178, 1.8464 1.0989 0.1178, 1.8937 1.0946 0.1242, 1.8464 1.0882 0.1284, 1.8464 1.0946 0.1242, 1.8464 1.1004 0.1102, 1.8464 1.1004 0.0197, 1.8937 1.1004 0.0197, 1.8937 1.1201 0.0, 1.8464 1.1201 0.0, 1.8464 1.1791 0.0, 1.8937 1.1791 0.0, 1.8937 1.1988 0.0197, 1.8464 1.1988 0.0197, 1.8937 1.1988 0.1496, 1.8464 1.1988 0.1496, 1.8464 1.1638 0.2151, 1.8937 1.1758 0.2053, 1.8464 1.1758 0.2053, 1.8464 1.1502 0.2224, 1.8937 1.1638 0.2151, 1.8937 1.1502 0.2224, 1.8464 1.1354 0.2268, 1.8464 1.1201 0.2283, 1.8937 1.1354 0.2268, 1.8937 1.1201 0.2283, 1.8937 1.1855 0.1934, 1.8937 1.1928 0.1797, 1.8464 1.1855 0.1934, 1.8937 1.1973 0.165, 1.8464 1.1928 0.1797, 1.8464 1.1973 0.165, 1.8937 1.0295 0.2283, 1.8464 1.0295 0.2283, 1.8937 1.0195 0.2297, 1.8937 1.002 0.2396, 1.8464 1.0101 0.2335, 1.8464 1.002 0.2396, 1.8937 1.0101 0.2335, 1.8464 1.0195 0.2297, 1.8937 1.002 0.1299, 1.8464 1.002 0.1299, 2.0905 0.3065 0.3057, 2.0433 0.4535 0.2835, 2.0433 0.3065 0.3057, 2.0905 0.4535 0.2835, 2.0905 0.296 0.3091, 2.0905 0.2871 0.3155, 2.0433 0.296 0.3091, 2.0433 0.2871 0.3155, 2.0905 0.2569 0.3457, 2.0433 0.2569 0.3457, 2.0905 0.2439 0.3513, 2.0433 0.2439 0.3513, 2.0433 0.2368 0.3502, 2.0433 0.2305 0.3466, 2.0905 0.2368 0.3502, 2.0905 0.2305 0.3466, 2.0905 0.251 0.3497, 2.0433 0.251 0.3497, 2.0905 0.1575 0.2835, 2.0433 0.1575 0.2835, 2.0433 0.3563 0.6968, 2.0905 0.1095 0.6968, 2.0905 0.3563 0.6968, 2.0433 0.1095 0.6968, 2.0905 0.0743 0.6783, 2.0905 0.0912 0.6888, 2.0433 0.0743 0.6783, 2.0433 0.0591 0.6654, 2.0905 0.0591 0.6654, 2.0433 0.0912 0.6888, 2.0433 0.0591 0.6491, 2.0905 0.0591 0.6491, 2.0905 0.3563 0.6491, 2.0433 0.3563 0.6491, 2.0905 1.0882 0.1284, 2.0905 1.0807 0.1299, 2.0433 1.0807 0.1299, 2.0905 1.1004 0.1102, 2.0905 1.0989 0.1178, 2.0433 1.0989 0.1178, 2.0905 1.0946 0.1242, 2.0433 1.0882 0.1284, 2.0433 1.0946 0.1242, 2.0433 1.1004 0.1102, 2.0433 1.1004 0.0197, 2.0905 1.1004 0.0197, 2.0905 1.1201 0.0, 2.0433 1.1201 0.0, 2.0433 1.1791 0.0, 2.0905 1.1791 0.0, 2.0905 1.1988 0.0197, 2.0433 1.1988 0.0197, 2.0905 1.1988 0.1496, 2.0433 1.1988 0.1496, 2.0433 1.1638 0.2151, 2.0905 1.1758 0.2053, 2.0433 1.1758 0.2053, 2.0433 1.1502 0.2224, 2.0905 1.1638 0.2151, 2.0905 1.1502 0.2224, 2.0433 1.1354 0.2268, 2.0433 1.1201 0.2283, 2.0905 1.1354 0.2268, 2.0905 1.1201 0.2283, 2.0905 1.1855 0.1934, 2.0905 1.1928 0.1797, 2.0433 1.1855 0.1934, 2.0905 1.1973 0.165, 2.0433 1.1928 0.1797, 2.0433 1.1973 0.165, 2.0905 1.0295 0.2283, 2.0433 1.0295 0.2283, 2.0905 1.0195 0.2297, 2.0905 1.002 0.2396, 2.0433 1.0101 0.2335, 2.0433 1.002 0.2396, 2.0905 1.0101 0.2335, 2.0433 1.0195 0.2297, 2.0905 1.002 0.1299, 2.0433 1.002 0.1299, 2.2874 0.3065 0.3057, 2.2401 0.4535 0.2835, 2.2401 0.3065 0.3057, 2.2874 0.4535 0.2835, 2.2874 0.296 0.3091, 2.2874 0.2871 0.3155, 2.2401 0.296 0.3091, 2.2401 0.2871 0.3155, 2.2874 0.2569 0.3457, 2.2401 0.2569 0.3457, 2.2874 0.2439 0.3513, 2.2401 0.2439 0.3513, 2.2401 0.2368 0.3502, 2.2401 0.2305 0.3466, 2.2874 0.2368 0.3502, 2.2874 0.2305 0.3466, 2.2874 0.251 0.3497, 2.2401 0.251 0.3497, 2.2874 0.1575 0.2835, 2.2401 0.1575 0.2835, 2.2401 0.3563 0.6968, 2.2874 0.1095 0.6968, 2.2874 0.3563 0.6968, 2.2401 0.1095 0.6968, 2.2874 0.0743 0.6783, 2.2874 0.0912 0.6888, 2.2401 0.0743 0.6783, 2.2401 0.0591 0.6654, 2.2874 0.0591 0.6654, 2.2401 0.0912 0.6888, 2.2401 0.0591 0.6491, 2.2874 0.0591 0.6491, 2.2874 0.3563 0.6491, 2.2401 0.3563 0.6491, 2.2874 1.0882 0.1284, 2.2874 1.0807 0.1299, 2.2401 1.0807 0.1299, 2.2874 1.1004 0.1102, 2.2874 1.0989 0.1178, 2.2401 1.0989 0.1178, 2.2874 1.0946 0.1242, 2.2401 1.0882 0.1284, 2.2401 1.0946 0.1242, 2.2401 1.1004 0.1102, 2.2401 1.1004 0.0197, 2.2874 1.1004 0.0197, 2.2874 1.1201 0.0, 2.2401 1.1201 0.0, 2.2401 1.1791 0.0, 2.2874 1.1791 0.0, 2.2874 1.1988 0.0197, 2.2401 1.1988 0.0197, 2.2874 1.1988 0.1496, 2.2401 1.1988 0.1496, 2.2401 1.1638 0.2151, 2.2874 1.1758 0.2053, 2.2401 1.1758 0.2053, 2.2401 1.1502 0.2224, 2.2874 1.1638 0.2151, 2.2874 1.1502 0.2224, 2.2401 1.1354 0.2268, 2.2401 1.1201 0.2283, 2.2874 1.1354 0.2268, 2.2874 1.1201 0.2283, 2.2874 1.1855 0.1934, 2.2874 1.1928 0.1797, 2.2401 1.1855 0.1934, 2.2874 1.1973 0.165, 2.2401 1.1928 0.1797, 2.2401 1.1973 0.165, 2.2874 1.0295 0.2283, 2.2401 1.0295 0.2283, 2.2874 1.0195 0.2297, 2.2874 1.002 0.2396, 2.2401 1.0101 0.2335, 2.2401 1.002 0.2396, 2.2874 1.0101 0.2335, 2.2401 1.0195 0.2297, 2.2874 1.002 0.1299, 2.2401 1.002 0.1299, 2.4842 0.3065 0.3057, 2.437 0.4535 0.2835, 2.437 0.3065 0.3057, 2.4842 0.4535 0.2835, 2.4842 0.296 0.3091, 2.4842 0.2871 0.3155, 2.437 0.296 0.3091, 2.437 0.2871 0.3155, 2.4842 0.2569 0.3457, 2.437 0.2569 0.3457, 2.4842 0.2439 0.3513, 2.437 0.2439 0.3513, 2.437 0.2368 0.3502, 2.437 0.2305 0.3466, 2.4842 0.2368 0.3502, 2.4842 0.2305 0.3466, 2.4842 0.251 0.3497, 2.437 0.251 0.3497, 2.4842 0.1575 0.2835, 2.437 0.1575 0.2835, 2.437 0.3563 0.6968, 2.4842 0.1095 0.6968, 2.4842 0.3563 0.6968, 2.437 0.1095 0.6968, 2.4842 0.0743 0.6783, 2.4842 0.0912 0.6888, 2.437 0.0743 0.6783, 2.437 0.0591 0.6654, 2.4842 0.0591 0.6654, 2.437 0.0912 0.6888, 2.437 0.0591 0.6491, 2.4842 0.0591 0.6491, 2.4842 0.3563 0.6491, 2.437 0.3563 0.6491, 2.4842 1.0882 0.1284, 2.4842 1.0807 0.1299, 2.437 1.0807 0.1299, 2.4842 1.1004 0.1102, 2.4842 1.0989 0.1178, 2.437 1.0989 0.1178, 2.4842 1.0946 0.1242, 2.437 1.0882 0.1284, 2.437 1.0946 0.1242, 2.437 1.1004 0.1102, 2.437 1.1004 0.0197, 2.4842 1.1004 0.0197, 2.4842 1.1201 0.0, 2.437 1.1201 0.0, 2.437 1.1791 0.0, 2.4842 1.1791 0.0, 2.4842 1.1988 0.0197, 2.437 1.1988 0.0197, 2.4842 1.1988 0.1496, 2.437 1.1988 0.1496, 2.437 1.1638 0.2151, 2.4842 1.1758 0.2053, 2.437 1.1758 0.2053, 2.437 1.1502 0.2224, 2.4842 1.1638 0.2151, 2.4842 1.1502 0.2224, 2.437 1.1354 0.2268, 2.437 1.1201 0.2283, 2.4842 1.1354 0.2268, 2.4842 1.1201 0.2283, 2.4842 1.1855 0.1934, 2.4842 1.1928 0.1797, 2.437 1.1855 0.1934, 2.4842 1.1973 0.165, 2.437 1.1928 0.1797, 2.437 1.1973 0.165, 2.4842 1.0295 0.2283, 2.437 1.0295 0.2283, 2.4842 1.0195 0.2297, 2.4842 1.002 0.2396, 2.437 1.0101 0.2335, 2.437 1.002 0.2396, 2.4842 1.0101 0.2335, 2.437 1.0195 0.2297, 2.4842 1.002 0.1299, 2.437 1.002 0.1299, 2.6811 0.3065 0.3057, 2.6338 0.4535 0.2835, 2.6338 0.3065 0.3057, 2.6811 0.4535 0.2835, 2.6811 0.296 0.3091, 2.6811 0.2871 0.3155, 2.6338 0.296 0.3091, 2.6338 0.2871 0.3155, 2.6811 0.2569 0.3457, 2.6338 0.2569 0.3457, 2.6811 0.2439 0.3513, 2.6338 0.2439 0.3513, 2.6338 0.2368 0.3502, 2.6338 0.2305 0.3466, 2.6811 0.2368 0.3502, 2.6811 0.2305 0.3466, 2.6811 0.251 0.3497, 2.6338 0.251 0.3497, 2.6811 0.1575 0.2835, 2.6338 0.1575 0.2835, 2.6338 0.3563 0.6968, 2.6811 0.1095 0.6968, 2.6811 0.3563 0.6968, 2.6338 0.1095 0.6968, 2.6811 0.0743 0.6783, 2.6811 0.0912 0.6888, 2.6338 0.0743 0.6783, 2.6338 0.0591 0.6654, 2.6811 0.0591 0.6654, 2.6338 0.0912 0.6888, 2.6338 0.0591 0.6491, 2.6811 0.0591 0.6491, 2.6811 0.3563 0.6491, 2.6338 0.3563 0.6491, 2.6811 1.0882 0.1284, 2.6811 1.0807 0.1299, 2.6338 1.0807 0.1299, 2.6811 1.1004 0.1102, 2.6811 1.0989 0.1178, 2.6338 1.0989 0.1178, 2.6811 1.0946 0.1242, 2.6338 1.0882 0.1284, 2.6338 1.0946 0.1242, 2.6338 1.1004 0.1102, 2.6338 1.1004 0.0197, 2.6811 1.1004 0.0197, 2.6811 1.1201 0.0, 2.6338 1.1201 0.0, 2.6338 1.1791 0.0, 2.6811 1.1791 0.0, 2.6811 1.1988 0.0197, 2.6338 1.1988 0.0197, 2.6811 1.1988 0.1496, 2.6338 1.1988 0.1496, 2.6338 1.1638 0.2151, 2.6811 1.1758 0.2053, 2.6338 1.1758 0.2053, 2.6338 1.1502 0.2224, 2.6811 1.1638 0.2151, 2.6811 1.1502 0.2224, 2.6338 1.1354 0.2268, 2.6338 1.1201 0.2283, 2.6811 1.1354 0.2268, 2.6811 1.1201 0.2283, 2.6811 1.1855 0.1934, 2.6811 1.1928 0.1797, 2.6338 1.1855 0.1934, 2.6811 1.1973 0.165, 2.6338 1.1928 0.1797, 2.6338 1.1973 0.165, 2.6811 1.0295 0.2283, 2.6338 1.0295 0.2283, 2.6811 1.0195 0.2297, 2.6811 1.002 0.2396, 2.6338 1.0101 0.2335, 2.6338 1.002 0.2396, 2.6811 1.0101 0.2335, 2.6338 1.0195 0.2297, 2.6811 1.002 0.1299, 2.6338 1.002 0.1299, 2.8779 0.3065 0.3057, 2.8307 0.4535 0.2835, 2.8307 0.3065 0.3057, 2.8779 0.4535 0.2835, 2.8779 0.296 0.3091, 2.8779 0.2871 0.3155, 2.8307 0.296 0.3091, 2.8307 0.2871 0.3155, 2.8779 0.2569 0.3457, 2.8307 0.2569 0.3457, 2.8779 0.2439 0.3513, 2.8307 0.2439 0.3513, 2.8307 0.2368 0.3502, 2.8307 0.2305 0.3466, 2.8779 0.2368 0.3502, 2.8779 0.2305 0.3466, 2.8779 0.251 0.3497, 2.8307 0.251 0.3497, 2.8779 0.1575 0.2835, 2.8307 0.1575 0.2835, 2.8307 0.3563 0.6968, 2.8779 0.1095 0.6968, 2.8779 0.3563 0.6968, 2.8307 0.1095 0.6968, 2.8779 0.0743 0.6783, 2.8779 0.0912 0.6888, 2.8307 0.0743 0.6783, 2.8307 0.0591 0.6654, 2.8779 0.0591 0.6654, 2.8307 0.0912 0.6888, 2.8307 0.0591 0.6491, 2.8779 0.0591 0.6491, 2.8779 0.3563 0.6491, 2.8307 0.3563 0.6491, 2.8779 1.0882 0.1284, 2.8779 1.0807 0.1299, 2.8307 1.0807 0.1299, 2.8779 1.1004 0.1102, 2.8779 1.0989 0.1178, 2.8307 1.0989 0.1178, 2.8779 1.0946 0.1242, 2.8307 1.0882 0.1284, 2.8307 1.0946 0.1242, 2.8307 1.1004 0.1102, 2.8307 1.1004 0.0197, 2.8779 1.1004 0.0197, 2.8779 1.1201 0.0, 2.8307 1.1201 0.0, 2.8307 1.1791 0.0, 2.8779 1.1791 0.0, 2.8779 1.1988 0.0197, 2.8307 1.1988 0.0197, 2.8779 1.1988 0.1496, 2.8307 1.1988 0.1496, 2.8307 1.1638 0.2151, 2.8779 1.1758 0.2053, 2.8307 1.1758 0.2053, 2.8307 1.1502 0.2224, 2.8779 1.1638 0.2151, 2.8779 1.1502 0.2224, 2.8307 1.1354 0.2268, 2.8307 1.1201 0.2283, 2.8779 1.1354 0.2268, 2.8779 1.1201 0.2283, 2.8779 1.1855 0.1934, 2.8779 1.1928 0.1797, 2.8307 1.1855 0.1934, 2.8779 1.1973 0.165, 2.8307 1.1928 0.1797, 2.8307 1.1973 0.165, 2.8779 1.0295 0.2283, 2.8307 1.0295 0.2283, 2.8779 1.0195 0.2297, 2.8779 1.002 0.2396, 2.8307 1.0101 0.2335, 2.8307 1.002 0.2396, 2.8779 1.0101 0.2335, 2.8307 1.0195 0.2297, 2.8779 1.002 0.1299, 2.8307 1.002 0.1299, 3.0748 0.3065 0.3057, 3.0275 0.4535 0.2835, 3.0275 0.3065 0.3057, 3.0748 0.4535 0.2835, 3.0748 0.296 0.3091, 3.0748 0.2871 0.3155, 3.0275 0.296 0.3091, 3.0275 0.2871 0.3155, 3.0748 0.2569 0.3457, 3.0275 0.2569 0.3457, 3.0748 0.2439 0.3513, 3.0275 0.2439 0.3513, 3.0275 0.2368 0.3502, 3.0275 0.2305 0.3466, 3.0748 0.2368 0.3502, 3.0748 0.2305 0.3466, 3.0748 0.251 0.3497, 3.0275 0.251 0.3497, 3.0748 0.1575 0.2835, 3.0275 0.1575 0.2835, 3.0275 0.3563 0.6968, 3.0748 0.1095 0.6968, 3.0748 0.3563 0.6968, 3.0275 0.1095 0.6968, 3.0748 0.0743 0.6783, 3.0748 0.0912 0.6888, 3.0275 0.0743 0.6783, 3.0275 0.0591 0.6654, 3.0748 0.0591 0.6654, 3.0275 0.0912 0.6888, 3.0275 0.0591 0.6491, 3.0748 0.0591 0.6491, 3.0748 0.3563 0.6491, 3.0275 0.3563 0.6491, 3.0748 1.0882 0.1284, 3.0748 1.0807 0.1299, 3.0275 1.0807 0.1299, 3.0748 1.1004 0.1102, 3.0748 1.0989 0.1178, 3.0275 1.0989 0.1178, 3.0748 1.0946 0.1242, 3.0275 1.0882 0.1284, 3.0275 1.0946 0.1242, 3.0275 1.1004 0.1102, 3.0275 1.1004 0.0197, 3.0748 1.1004 0.0197, 3.0748 1.1201 0.0, 3.0275 1.1201 0.0, 3.0275 1.1791 0.0, 3.0748 1.1791 0.0, 3.0748 1.1988 0.0197, 3.0275 1.1988 0.0197, 3.0748 1.1988 0.1496, 3.0275 1.1988 0.1496, 3.0275 1.1638 0.2151, 3.0748 1.1758 0.2053, 3.0275 1.1758 0.2053, 3.0275 1.1502 0.2224, 3.0748 1.1638 0.2151, 3.0748 1.1502 0.2224, 3.0275 1.1354 0.2268, 3.0275 1.1201 0.2283, 3.0748 1.1354 0.2268, 3.0748 1.1201 0.2283, 3.0748 1.1855 0.1934, 3.0748 1.1928 0.1797, 3.0275 1.1855 0.1934, 3.0748 1.1973 0.165, 3.0275 1.1928 0.1797, 3.0275 1.1973 0.165, 3.0748 1.0295 0.2283, 3.0275 1.0295 0.2283, 3.0748 1.0195 0.2297, 3.0748 1.002 0.2396, 3.0275 1.0101 0.2335, 3.0275 1.002 0.2396, 3.0748 1.0101 0.2335, 3.0275 1.0195 0.2297, 3.0748 1.002 0.1299, 3.0275 1.002 0.1299, 3.2716 0.3065 0.3057, 3.2244 0.4535 0.2835, 3.2244 0.3065 0.3057, 3.2716 0.4535 0.2835, 3.2716 0.296 0.3091, 3.2716 0.2871 0.3155, 3.2244 0.296 0.3091, 3.2244 0.2871 0.3155, 3.2716 0.2569 0.3457, 3.2244 0.2569 0.3457, 3.2716 0.2439 0.3513, 3.2244 0.2439 0.3513, 3.2244 0.2368 0.3502, 3.2244 0.2305 0.3466, 3.2716 0.2368 0.3502, 3.2716 0.2305 0.3466, 3.2716 0.251 0.3497, 3.2244 0.251 0.3497, 3.2716 0.1575 0.2835, 3.2244 0.1575 0.2835, 3.2244 0.3563 0.6968, 3.2716 0.1095 0.6968, 3.2716 0.3563 0.6968, 3.2244 0.1095 0.6968, 3.2716 0.0743 0.6783, 3.2716 0.0912 0.6888, 3.2244 0.0743 0.6783, 3.2244 0.0591 0.6654, 3.2716 0.0591 0.6654, 3.2244 0.0912 0.6888, 3.2244 0.0591 0.6491, 3.2716 0.0591 0.6491, 3.2716 0.3563 0.6491, 3.2244 0.3563 0.6491, 3.2716 1.0882 0.1284, 3.2716 1.0807 0.1299, 3.2244 1.0807 0.1299, 3.2716 1.1004 0.1102, 3.2716 1.0989 0.1178, 3.2244 1.0989 0.1178, 3.2716 1.0946 0.1242, 3.2244 1.0882 0.1284, 3.2244 1.0946 0.1242, 3.2244 1.1004 0.1102, 3.2244 1.1004 0.0197, 3.2716 1.1004 0.0197, 3.2716 1.1201 0.0, 3.2244 1.1201 0.0, 3.2244 1.1791 0.0, 3.2716 1.1791 0.0, 3.2716 1.1988 0.0197, 3.2244 1.1988 0.0197, 3.2716 1.1988 0.1496, 3.2244 1.1988 0.1496, 3.2244 1.1638 0.2151, 3.2716 1.1758 0.2053, 3.2244 1.1758 0.2053, 3.2244 1.1502 0.2224, 3.2716 1.1638 0.2151, 3.2716 1.1502 0.2224, 3.2244 1.1354 0.2268, 3.2244 1.1201 0.2283, 3.2716 1.1354 0.2268, 3.2716 1.1201 0.2283, 3.2716 1.1855 0.1934, 3.2716 1.1928 0.1797, 3.2244 1.1855 0.1934, 3.2716 1.1973 0.165, 3.2244 1.1928 0.1797, 3.2244 1.1973 0.165, 3.2716 1.0295 0.2283, 3.2244 1.0295 0.2283, 3.2716 1.0195 0.2297, 3.2716 1.002 0.2396, 3.2244 1.0101 0.2335, 3.2244 1.002 0.2396, 3.2716 1.0101 0.2335, 3.2244 1.0195 0.2297, 3.2716 1.002 0.1299, 3.2244 1.002 0.1299, 3.4685 0.3065 0.3057, 3.4212 0.4535 0.2835, 3.4212 0.3065 0.3057, 3.4685 0.4535 0.2835, 3.4685 0.296 0.3091, 3.4685 0.2871 0.3155, 3.4212 0.296 0.3091, 3.4212 0.2871 0.3155, 3.4685 0.2569 0.3457, 3.4212 0.2569 0.3457, 3.4685 0.2439 0.3513, 3.4212 0.2439 0.3513, 3.4212 0.2368 0.3502, 3.4212 0.2305 0.3466, 3.4685 0.2368 0.3502, 3.4685 0.2305 0.3466, 3.4685 0.251 0.3497, 3.4212 0.251 0.3497, 3.4685 0.1575 0.2835, 3.4212 0.1575 0.2835, 3.4212 0.3563 0.6968, 3.4685 0.1095 0.6968, 3.4685 0.3563 0.6968, 3.4212 0.1095 0.6968, 3.4685 0.0743 0.6783, 3.4685 0.0912 0.6888, 3.4212 0.0743 0.6783, 3.4212 0.0591 0.6654, 3.4685 0.0591 0.6654, 3.4212 0.0912 0.6888, 3.4212 0.0591 0.6491, 3.4685 0.0591 0.6491, 3.4685 0.3563 0.6491, 3.4212 0.3563 0.6491, 3.4685 1.0882 0.1284, 3.4685 1.0807 0.1299, 3.4212 1.0807 0.1299, 3.4685 1.1004 0.1102, 3.4685 1.0989 0.1178, 3.4212 1.0989 0.1178, 3.4685 1.0946 0.1242, 3.4212 1.0882 0.1284, 3.4212 1.0946 0.1242, 3.4212 1.1004 0.1102, 3.4212 1.1004 0.0197, 3.4685 1.1004 0.0197, 3.4685 1.1201 0.0, 3.4212 1.1201 0.0, 3.4212 1.1791 0.0, 3.4685 1.1791 0.0, 3.4685 1.1988 0.0197, 3.4212 1.1988 0.0197, 3.4685 1.1988 0.1496, 3.4212 1.1988 0.1496, 3.4212 1.1638 0.2151, 3.4685 1.1758 0.2053, 3.4212 1.1758 0.2053, 3.4212 1.1502 0.2224, 3.4685 1.1638 0.2151, 3.4685 1.1502 0.2224, 3.4212 1.1354 0.2268, 3.4212 1.1201 0.2283, 3.4685 1.1354 0.2268, 3.4685 1.1201 0.2283, 3.4685 1.1855 0.1934, 3.4685 1.1928 0.1797, 3.4212 1.1855 0.1934, 3.4685 1.1973 0.165, 3.4212 1.1928 0.1797, 3.4212 1.1973 0.165, 3.4685 1.0295 0.2283, 3.4212 1.0295 0.2283, 3.4685 1.0195 0.2297, 3.4685 1.002 0.2396, 3.4212 1.0101 0.2335, 3.4212 1.002 0.2396, 3.4685 1.0101 0.2335, 3.4212 1.0195 0.2297, 3.4685 1.002 0.1299, 3.4212 1.002 0.1299, 3.6653 0.3065 0.3057, 3.6181 0.4535 0.2835, 3.6181 0.3065 0.3057, 3.6653 0.4535 0.2835, 3.6653 0.296 0.3091, 3.6653 0.2871 0.3155, 3.6181 0.296 0.3091, 3.6181 0.2871 0.3155, 3.6653 0.2569 0.3457, 3.6181 0.2569 0.3457, 3.6653 0.2439 0.3513, 3.6181 0.2439 0.3513, 3.6181 0.2368 0.3502, 3.6181 0.2305 0.3466, 3.6653 0.2368 0.3502, 3.6653 0.2305 0.3466, 3.6653 0.251 0.3497, 3.6181 0.251 0.3497, 3.6653 0.1575 0.2835, 3.6181 0.1575 0.2835, 3.6181 0.3563 0.6968, 3.6653 0.1095 0.6968, 3.6653 0.3563 0.6968, 3.6181 0.1095 0.6968, 3.6653 0.0743 0.6783, 3.6653 0.0912 0.6888, 3.6181 0.0743 0.6783, 3.6181 0.0591 0.6654, 3.6653 0.0591 0.6654, 3.6181 0.0912 0.6888, 3.6181 0.0591 0.6491, 3.6653 0.0591 0.6491, 3.6653 0.3563 0.6491, 3.6181 0.3563 0.6491, 3.6653 1.0882 0.1284, 3.6653 1.0807 0.1299, 3.6181 1.0807 0.1299, 3.6653 1.1004 0.1102, 3.6653 1.0989 0.1178, 3.6181 1.0989 0.1178, 3.6653 1.0946 0.1242, 3.6181 1.0882 0.1284, 3.6181 1.0946 0.1242, 3.6181 1.1004 0.1102, 3.6181 1.1004 0.0197, 3.6653 1.1004 0.0197, 3.6653 1.1201 0.0, 3.6181 1.1201 0.0, 3.6181 1.1791 0.0, 3.6653 1.1791 0.0, 3.6653 1.1988 0.0197, 3.6181 1.1988 0.0197, 3.6653 1.1988 0.1496, 3.6181 1.1988 0.1496, 3.6181 1.1638 0.2151, 3.6653 1.1758 0.2053, 3.6181 1.1758 0.2053, 3.6181 1.1502 0.2224, 3.6653 1.1638 0.2151, 3.6653 1.1502 0.2224, 3.6181 1.1354 0.2268, 3.6181 1.1201 0.2283, 3.6653 1.1354 0.2268, 3.6653 1.1201 0.2283, 3.6653 1.1855 0.1934, 3.6653 1.1928 0.1797, 3.6181 1.1855 0.1934, 3.6653 1.1973 0.165, 3.6181 1.1928 0.1797, 3.6181 1.1973 0.165, 3.6653 1.0295 0.2283, 3.6181 1.0295 0.2283, 3.6653 1.0195 0.2297, 3.6653 1.002 0.2396, 3.6181 1.0101 0.2335, 3.6181 1.002 0.2396, 3.6653 1.0101 0.2335, 3.6181 1.0195 0.2297, 3.6653 1.002 0.1299, 3.6181 1.002 0.1299, 3.8622 0.3065 0.3057, 3.8149 0.4535 0.2835, 3.8149 0.3065 0.3057, 3.8622 0.4535 0.2835, 3.8622 0.296 0.3091, 3.8622 0.2871 0.3155, 3.8149 0.296 0.3091, 3.8149 0.2871 0.3155, 3.8622 0.2569 0.3457, 3.8149 0.2569 0.3457, 3.8622 0.2439 0.3513, 3.8149 0.2439 0.3513, 3.8149 0.2368 0.3502, 3.8149 0.2305 0.3466, 3.8622 0.2368 0.3502, 3.8622 0.2305 0.3466, 3.8622 0.251 0.3497, 3.8149 0.251 0.3497, 3.8622 0.1575 0.2835, 3.8149 0.1575 0.2835, 3.8149 0.3563 0.6968, 3.8622 0.1095 0.6968, 3.8622 0.3563 0.6968, 3.8149 0.1095 0.6968, 3.8622 0.0743 0.6783, 3.8622 0.0912 0.6888, 3.8149 0.0743 0.6783, 3.8149 0.0591 0.6654, 3.8622 0.0591 0.6654, 3.8149 0.0912 0.6888, 3.8149 0.0591 0.6491, 3.8622 0.0591 0.6491, 3.8622 0.3563 0.6491, 3.8149 0.3563 0.6491, 3.8622 1.0882 0.1284, 3.8622 1.0807 0.1299, 3.8149 1.0807 0.1299, 3.8622 1.1004 0.1102, 3.8622 1.0989 0.1178, 3.8149 1.0989 0.1178, 3.8622 1.0946 0.1242, 3.8149 1.0882 0.1284, 3.8149 1.0946 0.1242, 3.8149 1.1004 0.1102, 3.8149 1.1004 0.0197, 3.8622 1.1004 0.0197, 3.8622 1.1201 0.0, 3.8149 1.1201 0.0, 3.8149 1.1791 0.0, 3.8622 1.1791 0.0, 3.8622 1.1988 0.0197, 3.8149 1.1988 0.0197, 3.8622 1.1988 0.1496, 3.8149 1.1988 0.1496, 3.8149 1.1638 0.2151, 3.8622 1.1758 0.2053, 3.8149 1.1758 0.2053, 3.8149 1.1502 0.2224, 3.8622 1.1638 0.2151, 3.8622 1.1502 0.2224, 3.8149 1.1354 0.2268, 3.8149 1.1201 0.2283, 3.8622 1.1354 0.2268, 3.8622 1.1201 0.2283, 3.8622 1.1855 0.1934, 3.8622 1.1928 0.1797, 3.8149 1.1855 0.1934, 3.8622 1.1973 0.165, 3.8149 1.1928 0.1797, 3.8149 1.1973 0.165, 3.8622 1.0295 0.2283, 3.8149 1.0295 0.2283, 3.8622 1.0195 0.2297, 3.8622 1.002 0.2396, 3.8149 1.0101 0.2335, 3.8149 1.002 0.2396, 3.8622 1.0101 0.2335, 3.8149 1.0195 0.2297, 3.8622 1.002 0.1299, 3.8149 1.002 0.1299
            ]
        }
        coordIndex [
            0,1,2,-1,3,4,2,-1,0,2,4,-1,5,4,3,-1,6,1,0,-1,7,6,8,-1,6,7,1,-1,7,8,9,-1,10,5,3,-1,11,12,13,-1,14,15,16,-1,17,11,13,-1,14,16,12,-1,13,12,16,-1,10,3,15,-1,14,10,15,-1,11,18,19,-1,11,17,18,-1,20,19,18,-1,21,22,23,-1,24,25,26,-1,27,21,23,-1,24,26,22,-1,23,22,26,-1,20,18,25,-1,24,20,25,-1,21,28,29,-1,21,27,28,-1,28,30,29,-1,28,31,30,-1,32,33,34,-1,35,33,32,-1,30,34,33,-1,34,30,31,-1,32,36,35,-1,32,37,36,-1,38,36,37,-1,39,40,41,-1,40,38,37,-1,39,38,40,-1,41,42,39,-1,41,43,42,-1,43,44,42,-1,43,45,44,-1,46,47,48,-1,49,50,46,-1,46,48,49,-1,48,47,51,-1,47,44,51,-1,51,44,45,-1,52,53,54,-1,52,55,53,-1,11,19,20,-1,4,5,8,-1,6,0,8,-1,29,35,36,-1,8,0,4,-1,5,10,8,-1,44,47,56,-1,42,44,56,-1,10,57,8,-1,54,21,58,-1,57,10,59,-1,60,59,10,-1,60,14,61,-1,14,60,10,-1,53,61,12,-1,14,12,61,-1,11,20,12,-1,12,20,53,-1,53,20,24,-1,62,63,64,-1,33,35,30,-1,30,35,29,-1,21,29,36,-1,38,21,36,-1,64,38,39,-1,21,38,64,-1,46,50,47,-1,42,64,39,-1,50,56,47,-1,63,21,64,-1,42,56,64,-1,54,22,21,-1,63,58,21,-1,53,24,54,-1,22,54,24,-1,9,1,7,-1,45,65,51,-1,9,2,1,-1,3,2,9,-1,15,3,9,-1,13,16,66,-1,15,9,67,-1,27,23,52,-1,25,17,13,-1,17,25,18,-1,68,27,69,-1,26,52,23,-1,37,27,40,-1,34,31,32,-1,31,28,32,-1,37,32,28,-1,37,28,27,-1,40,68,41,-1,27,68,40,-1,51,49,48,-1,43,65,45,-1,49,51,65,-1,65,43,68,-1,69,27,70,-1,71,16,15,-1,72,68,69,-1,43,41,68,-1,55,26,25,-1,26,55,52,-1,52,70,27,-1,55,25,13,-1,71,66,16,-1,55,13,66,-1,71,15,73,-1,15,67,73,-1,49,56,50,-1,49,65,56,-1,67,8,57,-1,67,9,8,-1,61,53,55,-1,59,71,73,-1,60,66,71,-1,61,66,60,-1,59,60,71,-1,55,66,61,-1,63,62,72,-1,54,70,52,-1,58,69,70,-1,63,69,58,-1,54,58,70,-1,72,69,63,-1,74,75,76,-1,77,78,79,-1,80,81,77,-1,77,82,83,-1,79,82,77,-1,84,80,77,-1,83,84,77,-1,74,76,85,-1,86,78,77,-1,87,85,76,-1,87,78,86,-1,85,87,86,-1,88,89,90,-1,91,92,93,-1,94,92,95,-1,91,95,92,-1,96,94,95,-1,88,97,98,-1,94,96,90,-1,89,88,99,-1,96,88,90,-1,88,100,101,-1,99,88,101,-1,100,88,98,-1,86,88,96,-1,86,77,88,-1,74,93,75,-1,76,75,92,-1,93,92,75,-1,94,87,76,-1,76,92,94,-1,93,74,91,-1,91,85,95,-1,85,91,74,-1,85,86,95,-1,95,86,96,-1,94,78,87,-1,94,90,78,-1,79,78,90,-1,84,83,101,-1,82,89,99,-1,80,100,98,-1,100,80,84,-1,101,83,99,-1,100,84,101,-1,82,79,89,-1,83,82,99,-1,90,89,79,-1,81,80,98,-1,98,97,81,-1,102,103,104,-1,105,106,104,-1,102,104,106,-1,107,106,105,-1,108,103,102,-1,109,108,110,-1,108,109,103,-1,109,110,111,-1,112,107,105,-1,113,114,115,-1,116,117,118,-1,119,113,115,-1,116,118,114,-1,115,114,118,-1,112,105,117,-1,116,112,117,-1,113,120,121,-1,113,119,120,-1,122,121,120,-1,123,124,125,-1,126,127,128,-1,129,123,125,-1,126,128,124,-1,125,124,128,-1,122,120,127,-1,126,122,127,-1,123,130,131,-1,123,129,130,-1,130,132,131,-1,130,133,132,-1,134,135,136,-1,137,135,134,-1,132,136,135,-1,136,132,133,-1,134,138,137,-1,134,139,138,-1,140,138,139,-1,141,142,143,-1,142,140,139,-1,141,140,142,-1,143,144,141,-1,143,145,144,-1,145,146,144,-1,145,147,146,-1,148,149,150,-1,151,152,148,-1,148,150,151,-1,150,149,153,-1,149,146,153,-1,153,146,147,-1,154,155,156,-1,154,157,155,-1,113,121,122,-1,106,107,110,-1,108,102,110,-1,131,137,138,-1,110,102,106,-1,107,112,110,-1,146,149,158,-1,144,146,158,-1,112,159,110,-1,156,123,160,-1,159,112,161,-1,162,161,112,-1,162,116,163,-1,116,162,112,-1,155,163,114,-1,116,114,163,-1,113,122,114,-1,114,122,155,-1,155,122,126,-1,164,165,166,-1,135,137,132,-1,132,137,131,-1,123,131,138,-1,140,123,138,-1,166,140,141,-1,123,140,166,-1,148,152,149,-1,144,166,141,-1,152,158,149,-1,165,123,166,-1,144,158,166,-1,156,124,123,-1,165,160,123,-1,155,126,156,-1,124,156,126,-1,111,103,109,-1,147,167,153,-1,111,104,103,-1,105,104,111,-1,117,105,111,-1,115,118,168,-1,117,111,169,-1,129,125,154,-1,127,119,115,-1,119,127,120,-1,170,129,171,-1,128,154,125,-1,139,129,142,-1,136,133,134,-1,133,130,134,-1,139,134,130,-1,139,130,129,-1,142,170,143,-1,129,170,142,-1,153,151,150,-1,145,167,147,-1,151,153,167,-1,167,145,170,-1,171,129,172,-1,173,118,117,-1,174,170,171,-1,145,143,170,-1,157,128,127,-1,128,157,154,-1,154,172,129,-1,157,127,115,-1,173,168,118,-1,157,115,168,-1,173,117,175,-1,117,169,175,-1,151,158,152,-1,151,167,158,-1,169,110,159,-1,169,111,110,-1,163,155,157,-1,161,173,175,-1,162,168,173,-1,163,168,162,-1,161,162,173,-1,157,168,163,-1,165,164,174,-1,156,172,154,-1,160,171,172,-1,165,171,160,-1,156,160,172,-1,174,171,165,-1,176,177,178,-1,179,180,181,-1,182,183,179,-1,179,184,185,-1,181,184,179,-1,186,182,179,-1,185,186,179,-1,176,178,187,-1,188,180,179,-1,189,187,178,-1,189,180,188,-1,187,189,188,-1,190,191,192,-1,193,194,195,-1,196,194,197,-1,193,197,194,-1,198,196,197,-1,190,199,200,-1,196,198,192,-1,191,190,201,-1,198,190,192,-1,190,202,203,-1,201,190,203,-1,202,190,200,-1,188,190,198,-1,188,179,190,-1,176,195,177,-1,178,177,194,-1,195,194,177,-1,196,189,178,-1,178,194,196,-1,195,176,193,-1,193,187,197,-1,187,193,176,-1,187,188,197,-1,197,188,198,-1,196,180,189,-1,196,192,180,-1,181,180,192,-1,186,185,203,-1,184,191,201,-1,182,202,200,-1,202,182,186,-1,203,185,201,-1,202,186,203,-1,184,181,191,-1,185,184,201,-1,192,191,181,-1,183,182,200,-1,200,199,183,-1,204,205,206,-1,207,208,206,-1,204,206,208,-1,209,208,207,-1,210,205,204,-1,211,210,212,-1,210,211,205,-1,211,212,213,-1,214,209,207,-1,215,216,217,-1,218,219,220,-1,221,215,217,-1,218,220,216,-1,217,216,220,-1,214,207,219,-1,218,214,219,-1,215,222,223,-1,215,221,222,-1,224,223,222,-1,225,226,227,-1,228,229,230,-1,231,225,227,-1,228,230,226,-1,227,226,230,-1,224,222,229,-1,228,224,229,-1,225,232,233,-1,225,231,232,-1,232,234,233,-1,232,235,234,-1,236,237,238,-1,239,237,236,-1,234,238,237,-1,238,234,235,-1,236,240,239,-1,236,241,240,-1,242,240,241,-1,243,244,245,-1,244,242,241,-1,243,242,244,-1,245,246,243,-1,245,247,246,-1,247,248,246,-1,247,249,248,-1,250,251,252,-1,253,254,250,-1,250,252,253,-1,252,251,255,-1,251,248,255,-1,255,248,249,-1,256,257,258,-1,256,259,257,-1,215,223,224,-1,208,209,212,-1,210,204,212,-1,233,239,240,-1,212,204,208,-1,209,214,212,-1,248,251,260,-1,246,248,260,-1,214,261,212,-1,258,225,262,-1,261,214,263,-1,264,263,214,-1,264,218,265,-1,218,264,214,-1,257,265,216,-1,218,216,265,-1,215,224,216,-1,216,224,257,-1,257,224,228,-1,266,267,268,-1,237,239,234,-1,234,239,233,-1,225,233,240,-1,242,225,240,-1,268,242,243,-1,225,242,268,-1,250,254,251,-1,246,268,243,-1,254,260,251,-1,267,225,268,-1,246,260,268,-1,258,226,225,-1,267,262,225,-1,257,228,258,-1,226,258,228,-1,213,205,211,-1,249,269,255,-1,213,206,205,-1,207,206,213,-1,219,207,213,-1,217,220,270,-1,219,213,271,-1,231,227,256,-1,229,221,217,-1,221,229,222,-1,272,231,273,-1,230,256,227,-1,241,231,244,-1,238,235,236,-1,235,232,236,-1,241,236,232,-1,241,232,231,-1,244,272,245,-1,231,272,244,-1,255,253,252,-1,247,269,249,-1,253,255,269,-1,269,247,272,-1,273,231,274,-1,275,220,219,-1,276,272,273,-1,247,245,272,-1,259,230,229,-1,230,259,256,-1,256,274,231,-1,259,229,217,-1,275,270,220,-1,259,217,270,-1,275,219,277,-1,219,271,277,-1,253,260,254,-1,253,269,260,-1,271,212,261,-1,271,213,212,-1,265,257,259,-1,263,275,277,-1,264,270,275,-1,265,270,264,-1,263,264,275,-1,259,270,265,-1,267,266,276,-1,258,274,256,-1,262,273,274,-1,267,273,262,-1,258,262,274,-1,276,273,267,-1,278,279,280,-1,281,282,283,-1,284,285,281,-1,281,286,287,-1,283,286,281,-1,288,284,281,-1,287,288,281,-1,278,280,289,-1,290,282,281,-1,291,289,280,-1,291,282,290,-1,289,291,290,-1,292,293,294,-1,295,296,297,-1,298,296,299,-1,295,299,296,-1,300,298,299,-1,292,301,302,-1,298,300,294,-1,293,292,303,-1,300,292,294,-1,292,304,305,-1,303,292,305,-1,304,292,302,-1,290,292,300,-1,290,281,292,-1,278,297,279,-1,280,279,296,-1,297,296,279,-1,298,291,280,-1,280,296,298,-1,297,278,295,-1,295,289,299,-1,289,295,278,-1,289,290,299,-1,299,290,300,-1,298,282,291,-1,298,294,282,-1,283,282,294,-1,288,287,305,-1,286,293,303,-1,284,304,302,-1,304,284,288,-1,305,287,303,-1,304,288,305,-1,286,283,293,-1,287,286,303,-1,294,293,283,-1,285,284,302,-1,302,301,285,-1,306,307,308,-1,309,310,308,-1,306,308,310,-1,311,310,309,-1,312,307,306,-1,313,312,314,-1,312,313,307,-1,313,314,315,-1,316,311,309,-1,317,318,319,-1,320,321,322,-1,323,317,319,-1,320,322,318,-1,319,318,322,-1,316,309,321,-1,320,316,321,-1,317,324,325,-1,317,323,324,-1,326,325,324,-1,327,328,329,-1,330,331,332,-1,333,327,329,-1,330,332,328,-1,329,328,332,-1,326,324,331,-1,330,326,331,-1,327,334,335,-1,327,333,334,-1,334,336,335,-1,334,337,336,-1,338,339,340,-1,341,339,338,-1,336,340,339,-1,340,336,337,-1,338,342,341,-1,338,343,342,-1,344,342,343,-1,345,346,347,-1,346,344,343,-1,345,344,346,-1,347,348,345,-1,347,349,348,-1,349,350,348,-1,349,351,350,-1,352,353,354,-1,355,356,352,-1,352,354,355,-1,354,353,357,-1,353,350,357,-1,357,350,351,-1,358,359,360,-1,358,361,359,-1,317,325,326,-1,310,311,314,-1,312,306,314,-1,335,341,342,-1,314,306,310,-1,311,316,314,-1,350,353,362,-1,348,350,362,-1,316,363,314,-1,360,327,364,-1,363,316,365,-1,366,365,316,-1,366,320,367,-1,320,366,316,-1,359,367,318,-1,320,318,367,-1,317,326,318,-1,318,326,359,-1,359,326,330,-1,368,369,370,-1,339,341,336,-1,336,341,335,-1,327,335,342,-1,344,327,342,-1,370,344,345,-1,327,344,370,-1,352,356,353,-1,348,370,345,-1,356,362,353,-1,369,327,370,-1,348,362,370,-1,360,328,327,-1,369,364,327,-1,359,330,360,-1,328,360,330,-1,315,307,313,-1,351,371,357,-1,315,308,307,-1,309,308,315,-1,321,309,315,-1,319,322,372,-1,321,315,373,-1,333,329,358,-1,331,323,319,-1,323,331,324,-1,374,333,375,-1,332,358,329,-1,343,333,346,-1,340,337,338,-1,337,334,338,-1,343,338,334,-1,343,334,333,-1,346,374,347,-1,333,374,346,-1,357,355,354,-1,349,371,351,-1,355,357,371,-1,371,349,374,-1,375,333,376,-1,377,322,321,-1,378,374,375,-1,349,347,374,-1,361,332,331,-1,332,361,358,-1,358,376,333,-1,361,331,319,-1,377,372,322,-1,361,319,372,-1,377,321,379,-1,321,373,379,-1,355,362,356,-1,355,371,362,-1,373,314,363,-1,373,315,314,-1,367,359,361,-1,365,377,379,-1,366,372,377,-1,367,372,366,-1,365,366,377,-1,361,372,367,-1,369,368,378,-1,360,376,358,-1,364,375,376,-1,369,375,364,-1,360,364,376,-1,378,375,369,-1,380,381,382,-1,383,384,385,-1,386,387,383,-1,383,388,389,-1,385,388,383,-1,390,386,383,-1,389,390,383,-1,380,382,391,-1,392,384,383,-1,393,391,382,-1,393,384,392,-1,391,393,392,-1,394,395,396,-1,397,398,399,-1,400,398,401,-1,397,401,398,-1,402,400,401,-1,394,403,404,-1,400,402,396,-1,395,394,405,-1,402,394,396,-1,394,406,407,-1,405,394,407,-1,406,394,404,-1,392,394,402,-1,392,383,394,-1,380,399,381,-1,382,381,398,-1,399,398,381,-1,400,393,382,-1,382,398,400,-1,399,380,397,-1,397,391,401,-1,391,397,380,-1,391,392,401,-1,401,392,402,-1,400,384,393,-1,400,396,384,-1,385,384,396,-1,390,389,407,-1,388,395,405,-1,386,406,404,-1,406,386,390,-1,407,389,405,-1,406,390,407,-1,388,385,395,-1,389,388,405,-1,396,395,385,-1,387,386,404,-1,404,403,387,-1,408,409,410,-1,411,412,410,-1,408,410,412,-1,413,412,411,-1,414,409,408,-1,415,414,416,-1,414,415,409,-1,415,416,417,-1,418,413,411,-1,419,420,421,-1,422,423,424,-1,425,419,421,-1,422,424,420,-1,421,420,424,-1,418,411,423,-1,422,418,423,-1,419,426,427,-1,419,425,426,-1,428,427,426,-1,429,430,431,-1,432,433,434,-1,435,429,431,-1,432,434,430,-1,431,430,434,-1,428,426,433,-1,432,428,433,-1,429,436,437,-1,429,435,436,-1,436,438,437,-1,436,439,438,-1,440,441,442,-1,443,441,440,-1,438,442,441,-1,442,438,439,-1,440,444,443,-1,440,445,444,-1,446,444,445,-1,447,448,449,-1,448,446,445,-1,447,446,448,-1,449,450,447,-1,449,451,450,-1,451,452,450,-1,451,453,452,-1,454,455,456,-1,457,458,454,-1,454,456,457,-1,456,455,459,-1,455,452,459,-1,459,452,453,-1,460,461,462,-1,460,463,461,-1,419,427,428,-1,412,413,416,-1,414,408,416,-1,437,443,444,-1,416,408,412,-1,413,418,416,-1,452,455,464,-1,450,452,464,-1,418,465,416,-1,462,429,466,-1,465,418,467,-1,468,467,418,-1,468,422,469,-1,422,468,418,-1,461,469,420,-1,422,420,469,-1,419,428,420,-1,420,428,461,-1,461,428,432,-1,470,471,472,-1,441,443,438,-1,438,443,437,-1,429,437,444,-1,446,429,444,-1,472,446,447,-1,429,446,472,-1,454,458,455,-1,450,472,447,-1,458,464,455,-1,471,429,472,-1,450,464,472,-1,462,430,429,-1,471,466,429,-1,461,432,462,-1,430,462,432,-1,417,409,415,-1,453,473,459,-1,417,410,409,-1,411,410,417,-1,423,411,417,-1,421,424,474,-1,423,417,475,-1,435,431,460,-1,433,425,421,-1,425,433,426,-1,476,435,477,-1,434,460,431,-1,445,435,448,-1,442,439,440,-1,439,436,440,-1,445,440,436,-1,445,436,435,-1,448,476,449,-1,435,476,448,-1,459,457,456,-1,451,473,453,-1,457,459,473,-1,473,451,476,-1,477,435,478,-1,479,424,423,-1,480,476,477,-1,451,449,476,-1,463,434,433,-1,434,463,460,-1,460,478,435,-1,463,433,421,-1,479,474,424,-1,463,421,474,-1,479,423,481,-1,423,475,481,-1,457,464,458,-1,457,473,464,-1,475,416,465,-1,475,417,416,-1,469,461,463,-1,467,479,481,-1,468,474,479,-1,469,474,468,-1,467,468,479,-1,463,474,469,-1,471,470,480,-1,462,478,460,-1,466,477,478,-1,471,477,466,-1,462,466,478,-1,480,477,471,-1,482,483,484,-1,485,486,487,-1,488,489,485,-1,485,490,491,-1,487,490,485,-1,492,488,485,-1,491,492,485,-1,482,484,493,-1,494,486,485,-1,495,493,484,-1,495,486,494,-1,493,495,494,-1,496,497,498,-1,499,500,501,-1,502,500,503,-1,499,503,500,-1,504,502,503,-1,496,505,506,-1,502,504,498,-1,497,496,507,-1,504,496,498,-1,496,508,509,-1,507,496,509,-1,508,496,506,-1,494,496,504,-1,494,485,496,-1,482,501,483,-1,484,483,500,-1,501,500,483,-1,502,495,484,-1,484,500,502,-1,501,482,499,-1,499,493,503,-1,493,499,482,-1,493,494,503,-1,503,494,504,-1,502,486,495,-1,502,498,486,-1,487,486,498,-1,492,491,509,-1,490,497,507,-1,488,508,506,-1,508,488,492,-1,509,491,507,-1,508,492,509,-1,490,487,497,-1,491,490,507,-1,498,497,487,-1,489,488,506,-1,506,505,489,-1,510,511,512,-1,513,514,512,-1,510,512,514,-1,515,514,513,-1,516,511,510,-1,517,516,518,-1,516,517,511,-1,517,518,519,-1,520,515,513,-1,521,522,523,-1,524,525,526,-1,527,521,523,-1,524,526,522,-1,523,522,526,-1,520,513,525,-1,524,520,525,-1,521,528,529,-1,521,527,528,-1,530,529,528,-1,531,532,533,-1,534,535,536,-1,537,531,533,-1,534,536,532,-1,533,532,536,-1,530,528,535,-1,534,530,535,-1,531,538,539,-1,531,537,538,-1,538,540,539,-1,538,541,540,-1,542,543,544,-1,545,543,542,-1,540,544,543,-1,544,540,541,-1,542,546,545,-1,542,547,546,-1,548,546,547,-1,549,550,551,-1,550,548,547,-1,549,548,550,-1,551,552,549,-1,551,553,552,-1,553,554,552,-1,553,555,554,-1,556,557,558,-1,559,560,556,-1,556,558,559,-1,558,557,561,-1,557,554,561,-1,561,554,555,-1,562,563,564,-1,562,565,563,-1,521,529,530,-1,514,515,518,-1,516,510,518,-1,539,545,546,-1,518,510,514,-1,515,520,518,-1,554,557,566,-1,552,554,566,-1,520,567,518,-1,564,531,568,-1,567,520,569,-1,570,569,520,-1,570,524,571,-1,524,570,520,-1,563,571,522,-1,524,522,571,-1,521,530,522,-1,522,530,563,-1,563,530,534,-1,572,573,574,-1,543,545,540,-1,540,545,539,-1,531,539,546,-1,548,531,546,-1,574,548,549,-1,531,548,574,-1,556,560,557,-1,552,574,549,-1,560,566,557,-1,573,531,574,-1,552,566,574,-1,564,532,531,-1,573,568,531,-1,563,534,564,-1,532,564,534,-1,519,511,517,-1,555,575,561,-1,519,512,511,-1,513,512,519,-1,525,513,519,-1,523,526,576,-1,525,519,577,-1,537,533,562,-1,535,527,523,-1,527,535,528,-1,578,537,579,-1,536,562,533,-1,547,537,550,-1,544,541,542,-1,541,538,542,-1,547,542,538,-1,547,538,537,-1,550,578,551,-1,537,578,550,-1,561,559,558,-1,553,575,555,-1,559,561,575,-1,575,553,578,-1,579,537,580,-1,581,526,525,-1,582,578,579,-1,553,551,578,-1,565,536,535,-1,536,565,562,-1,562,580,537,-1,565,535,523,-1,581,576,526,-1,565,523,576,-1,581,525,583,-1,525,577,583,-1,559,566,560,-1,559,575,566,-1,577,518,567,-1,577,519,518,-1,571,563,565,-1,569,581,583,-1,570,576,581,-1,571,576,570,-1,569,570,581,-1,565,576,571,-1,573,572,582,-1,564,580,562,-1,568,579,580,-1,573,579,568,-1,564,568,580,-1,582,579,573,-1,584,585,586,-1,587,588,589,-1,590,591,587,-1,587,592,593,-1,589,592,587,-1,594,590,587,-1,593,594,587,-1,584,586,595,-1,596,588,587,-1,597,595,586,-1,597,588,596,-1,595,597,596,-1,598,599,600,-1,601,602,603,-1,604,602,605,-1,601,605,602,-1,606,604,605,-1,598,607,608,-1,604,606,600,-1,599,598,609,-1,606,598,600,-1,598,610,611,-1,609,598,611,-1,610,598,608,-1,596,598,606,-1,596,587,598,-1,584,603,585,-1,586,585,602,-1,603,602,585,-1,604,597,586,-1,586,602,604,-1,603,584,601,-1,601,595,605,-1,595,601,584,-1,595,596,605,-1,605,596,606,-1,604,588,597,-1,604,600,588,-1,589,588,600,-1,594,593,611,-1,592,599,609,-1,590,610,608,-1,610,590,594,-1,611,593,609,-1,610,594,611,-1,592,589,599,-1,593,592,609,-1,600,599,589,-1,591,590,608,-1,608,607,591,-1,612,613,614,-1,615,616,614,-1,612,614,616,-1,617,616,615,-1,618,613,612,-1,619,618,620,-1,618,619,613,-1,619,620,621,-1,622,617,615,-1,623,624,625,-1,626,627,628,-1,629,623,625,-1,626,628,624,-1,625,624,628,-1,622,615,627,-1,626,622,627,-1,623,630,631,-1,623,629,630,-1,632,631,630,-1,633,634,635,-1,636,637,638,-1,639,633,635,-1,636,638,634,-1,635,634,638,-1,632,630,637,-1,636,632,637,-1,633,640,641,-1,633,639,640,-1,640,642,641,-1,640,643,642,-1,644,645,646,-1,647,645,644,-1,642,646,645,-1,646,642,643,-1,644,648,647,-1,644,649,648,-1,650,648,649,-1,651,652,653,-1,652,650,649,-1,651,650,652,-1,653,654,651,-1,653,655,654,-1,655,656,654,-1,655,657,656,-1,658,659,660,-1,661,662,658,-1,658,660,661,-1,660,659,663,-1,659,656,663,-1,663,656,657,-1,664,665,666,-1,664,667,665,-1,623,631,632,-1,616,617,620,-1,618,612,620,-1,641,647,648,-1,620,612,616,-1,617,622,620,-1,656,659,668,-1,654,656,668,-1,622,669,620,-1,666,633,670,-1,669,622,671,-1,672,671,622,-1,672,626,673,-1,626,672,622,-1,665,673,624,-1,626,624,673,-1,623,632,624,-1,624,632,665,-1,665,632,636,-1,674,675,676,-1,645,647,642,-1,642,647,641,-1,633,641,648,-1,650,633,648,-1,676,650,651,-1,633,650,676,-1,658,662,659,-1,654,676,651,-1,662,668,659,-1,675,633,676,-1,654,668,676,-1,666,634,633,-1,675,670,633,-1,665,636,666,-1,634,666,636,-1,621,613,619,-1,657,677,663,-1,621,614,613,-1,615,614,621,-1,627,615,621,-1,625,628,678,-1,627,621,679,-1,639,635,664,-1,637,629,625,-1,629,637,630,-1,680,639,681,-1,638,664,635,-1,649,639,652,-1,646,643,644,-1,643,640,644,-1,649,644,640,-1,649,640,639,-1,652,680,653,-1,639,680,652,-1,663,661,660,-1,655,677,657,-1,661,663,677,-1,677,655,680,-1,681,639,682,-1,683,628,627,-1,684,680,681,-1,655,653,680,-1,667,638,637,-1,638,667,664,-1,664,682,639,-1,667,637,625,-1,683,678,628,-1,667,625,678,-1,683,627,685,-1,627,679,685,-1,661,668,662,-1,661,677,668,-1,679,620,669,-1,679,621,620,-1,673,665,667,-1,671,683,685,-1,672,678,683,-1,673,678,672,-1,671,672,683,-1,667,678,673,-1,675,674,684,-1,666,682,664,-1,670,681,682,-1,675,681,670,-1,666,670,682,-1,684,681,675,-1,686,687,688,-1,689,690,691,-1,692,693,689,-1,689,694,695,-1,691,694,689,-1,696,692,689,-1,695,696,689,-1,686,688,697,-1,698,690,689,-1,699,697,688,-1,699,690,698,-1,697,699,698,-1,700,701,702,-1,703,704,705,-1,706,704,707,-1,703,707,704,-1,708,706,707,-1,700,709,710,-1,706,708,702,-1,701,700,711,-1,708,700,702,-1,700,712,713,-1,711,700,713,-1,712,700,710,-1,698,700,708,-1,698,689,700,-1,686,705,687,-1,688,687,704,-1,705,704,687,-1,706,699,688,-1,688,704,706,-1,705,686,703,-1,703,697,707,-1,697,703,686,-1,697,698,707,-1,707,698,708,-1,706,690,699,-1,706,702,690,-1,691,690,702,-1,696,695,713,-1,694,701,711,-1,692,712,710,-1,712,692,696,-1,713,695,711,-1,712,696,713,-1,694,691,701,-1,695,694,711,-1,702,701,691,-1,693,692,710,-1,710,709,693,-1,714,715,716,-1,717,718,716,-1,714,716,718,-1,719,718,717,-1,720,715,714,-1,721,720,722,-1,720,721,715,-1,721,722,723,-1,724,719,717,-1,725,726,727,-1,728,729,730,-1,731,725,727,-1,728,730,726,-1,727,726,730,-1,724,717,729,-1,728,724,729,-1,725,732,733,-1,725,731,732,-1,734,733,732,-1,735,736,737,-1,738,739,740,-1,741,735,737,-1,738,740,736,-1,737,736,740,-1,734,732,739,-1,738,734,739,-1,735,742,743,-1,735,741,742,-1,742,744,743,-1,742,745,744,-1,746,747,748,-1,749,747,746,-1,744,748,747,-1,748,744,745,-1,746,750,749,-1,746,751,750,-1,752,750,751,-1,753,754,755,-1,754,752,751,-1,753,752,754,-1,755,756,753,-1,755,757,756,-1,757,758,756,-1,757,759,758,-1,760,761,762,-1,763,764,760,-1,760,762,763,-1,762,761,765,-1,761,758,765,-1,765,758,759,-1,766,767,768,-1,766,769,767,-1,725,733,734,-1,718,719,722,-1,720,714,722,-1,743,749,750,-1,722,714,718,-1,719,724,722,-1,758,761,770,-1,756,758,770,-1,724,771,722,-1,768,735,772,-1,771,724,773,-1,774,773,724,-1,774,728,775,-1,728,774,724,-1,767,775,726,-1,728,726,775,-1,725,734,726,-1,726,734,767,-1,767,734,738,-1,776,777,778,-1,747,749,744,-1,744,749,743,-1,735,743,750,-1,752,735,750,-1,778,752,753,-1,735,752,778,-1,760,764,761,-1,756,778,753,-1,764,770,761,-1,777,735,778,-1,756,770,778,-1,768,736,735,-1,777,772,735,-1,767,738,768,-1,736,768,738,-1,723,715,721,-1,759,779,765,-1,723,716,715,-1,717,716,723,-1,729,717,723,-1,727,730,780,-1,729,723,781,-1,741,737,766,-1,739,731,727,-1,731,739,732,-1,782,741,783,-1,740,766,737,-1,751,741,754,-1,748,745,746,-1,745,742,746,-1,751,746,742,-1,751,742,741,-1,754,782,755,-1,741,782,754,-1,765,763,762,-1,757,779,759,-1,763,765,779,-1,779,757,782,-1,783,741,784,-1,785,730,729,-1,786,782,783,-1,757,755,782,-1,769,740,739,-1,740,769,766,-1,766,784,741,-1,769,739,727,-1,785,780,730,-1,769,727,780,-1,785,729,787,-1,729,781,787,-1,763,770,764,-1,763,779,770,-1,781,722,771,-1,781,723,722,-1,775,767,769,-1,773,785,787,-1,774,780,785,-1,775,780,774,-1,773,774,785,-1,769,780,775,-1,777,776,786,-1,768,784,766,-1,772,783,784,-1,777,783,772,-1,768,772,784,-1,786,783,777,-1,788,789,790,-1,791,792,793,-1,794,795,791,-1,791,796,797,-1,793,796,791,-1,798,794,791,-1,797,798,791,-1,788,790,799,-1,800,792,791,-1,801,799,790,-1,801,792,800,-1,799,801,800,-1,802,803,804,-1,805,806,807,-1,808,806,809,-1,805,809,806,-1,810,808,809,-1,802,811,812,-1,808,810,804,-1,803,802,813,-1,810,802,804,-1,802,814,815,-1,813,802,815,-1,814,802,812,-1,800,802,810,-1,800,791,802,-1,788,807,789,-1,790,789,806,-1,807,806,789,-1,808,801,790,-1,790,806,808,-1,807,788,805,-1,805,799,809,-1,799,805,788,-1,799,800,809,-1,809,800,810,-1,808,792,801,-1,808,804,792,-1,793,792,804,-1,798,797,815,-1,796,803,813,-1,794,814,812,-1,814,794,798,-1,815,797,813,-1,814,798,815,-1,796,793,803,-1,797,796,813,-1,804,803,793,-1,795,794,812,-1,812,811,795,-1,816,817,818,-1,816,819,817,-1,820,816,818,-1,821,822,823,-1,822,820,818,-1,821,820,822,-1,823,824,821,-1,823,825,824,-1,826,827,828,-1,829,830,828,-1,826,828,830,-1,831,830,829,-1,832,827,826,-1,833,832,824,-1,832,833,827,-1,833,824,825,-1,834,831,829,-1,829,835,834,-1,834,819,816,-1,830,832,826,-1,831,832,830,-1,832,831,824,-1,824,831,821,-1,820,821,834,-1,831,834,821,-1,834,816,820,-1,835,818,817,-1,829,828,833,-1,833,828,827,-1,825,823,829,-1,833,825,829,-1,822,835,823,-1,835,829,823,-1,818,835,822,-1,836,837,838,-1,836,839,837,-1,840,841,842,-1,843,844,840,-1,840,842,843,-1,842,841,845,-1,841,837,845,-1,845,837,839,-1,844,846,847,-1,844,843,846,-1,846,848,847,-1,846,849,848,-1,848,840,844,-1,838,837,841,-1,848,838,840,-1,841,840,838,-1,844,847,848,-1,836,845,839,-1,842,849,843,-1,845,836,842,-1,846,843,849,-1,849,842,836,-1,850,851,852,-1,853,854,855,-1,856,857,858,-1,859,853,855,-1,856,858,854,-1,855,854,858,-1,850,852,857,-1,856,850,857,-1,853,860,861,-1,853,859,860,-1,860,862,861,-1,860,863,862,-1,864,865,862,-1,862,863,864,-1,864,866,865,-1,864,867,866,-1,867,868,866,-1,867,869,868,-1,870,871,872,-1,870,873,874,-1,874,871,870,-1,875,873,876,-1,873,875,874,-1,877,878,876,-1,875,876,878,-1,879,878,877,-1,880,872,871,-1,881,882,880,-1,872,880,882,-1,881,883,884,-1,884,882,881,-1,885,883,868,-1,883,885,884,-1,885,868,869,-1,877,886,879,-1,877,887,886,-1,888,886,887,-1,889,890,891,-1,892,893,890,-1,888,893,892,-1,889,892,890,-1,887,893,888,-1,852,851,894,-1,894,895,852,-1,866,853,865,-1,881,880,854,-1,879,856,878,-1,888,894,886,-1,866,868,853,-1,883,881,854,-1,853,862,865,-1,862,853,861,-1,868,854,853,-1,883,854,868,-1,874,854,871,-1,854,880,871,-1,874,875,856,-1,856,854,874,-1,850,856,879,-1,878,856,875,-1,879,851,850,-1,879,886,851,-1,888,892,894,-1,886,894,851,-1,894,892,889,-1,887,877,852,-1,859,864,863,-1,887,895,893,-1,859,863,860,-1,864,859,867,-1,867,859,869,-1,855,884,885,-1,882,884,855,-1,872,855,870,-1,872,882,855,-1,858,873,870,-1,870,855,858,-1,877,876,858,-1,877,858,857,-1,852,895,887,-1,890,893,895,-1,891,890,895,-1,877,857,852,-1,858,876,873,-1,855,885,869,-1,859,855,869,-1,896,897,898,-1,896,899,897,-1,900,896,898,-1,901,902,903,-1,902,900,898,-1,901,900,902,-1,903,904,901,-1,903,905,904,-1,906,907,908,-1,909,910,908,-1,906,908,910,-1,911,910,909,-1,912,907,906,-1,913,912,904,-1,912,913,907,-1,913,904,905,-1,914,911,909,-1,909,915,914,-1,914,899,896,-1,910,912,906,-1,911,912,910,-1,912,911,904,-1,904,911,901,-1,900,901,914,-1,911,914,901,-1,914,896,900,-1,915,898,897,-1,909,908,913,-1,913,908,907,-1,905,903,909,-1,913,905,909,-1,902,915,903,-1,915,909,903,-1,898,915,902,-1,916,917,918,-1,916,919,917,-1,920,921,922,-1,923,924,920,-1,920,922,923,-1,922,921,925,-1,921,917,925,-1,925,917,919,-1,924,926,927,-1,924,923,926,-1,926,928,927,-1,926,929,928,-1,928,920,924,-1,918,917,921,-1,928,918,920,-1,921,920,918,-1,924,927,928,-1,916,925,919,-1,922,929,923,-1,925,916,922,-1,926,923,929,-1,929,922,916,-1,930,931,932,-1,933,934,935,-1,936,937,938,-1,939,933,935,-1,936,938,934,-1,935,934,938,-1,930,932,937,-1,936,930,937,-1,933,940,941,-1,933,939,940,-1,940,942,941,-1,940,943,942,-1,944,945,942,-1,942,943,944,-1,944,946,945,-1,944,947,946,-1,947,948,946,-1,947,949,948,-1,950,951,952,-1,950,953,954,-1,954,951,950,-1,955,953,956,-1,953,955,954,-1,957,958,956,-1,955,956,958,-1,959,958,957,-1,960,952,951,-1,961,962,960,-1,952,960,962,-1,961,963,964,-1,964,962,961,-1,965,963,948,-1,963,965,964,-1,965,948,949,-1,957,966,959,-1,957,967,966,-1,968,966,967,-1,969,970,971,-1,972,973,970,-1,968,973,972,-1,969,972,970,-1,967,973,968,-1,932,931,974,-1,974,975,932,-1,946,933,945,-1,961,960,934,-1,959,936,958,-1,968,974,966,-1,946,948,933,-1,963,961,934,-1,933,942,945,-1,942,933,941,-1,948,934,933,-1,963,934,948,-1,954,934,951,-1,934,960,951,-1,954,955,936,-1,936,934,954,-1,930,936,959,-1,958,936,955,-1,959,931,930,-1,959,966,931,-1,968,972,974,-1,966,974,931,-1,974,972,969,-1,967,957,932,-1,939,944,943,-1,967,975,973,-1,939,943,940,-1,944,939,947,-1,947,939,949,-1,935,964,965,-1,962,964,935,-1,952,935,950,-1,952,962,935,-1,938,953,950,-1,950,935,938,-1,957,956,938,-1,957,938,937,-1,932,975,967,-1,970,973,975,-1,971,970,975,-1,957,937,932,-1,938,956,953,-1,935,965,949,-1,939,935,949,-1,976,977,978,-1,976,979,977,-1,980,976,978,-1,981,982,983,-1,982,980,978,-1,981,980,982,-1,983,984,981,-1,983,985,984,-1,986,987,988,-1,989,990,988,-1,986,988,990,-1,991,990,989,-1,992,987,986,-1,993,992,984,-1,992,993,987,-1,993,984,985,-1,994,991,989,-1,989,995,994,-1,994,979,976,-1,990,992,986,-1,991,992,990,-1,992,991,984,-1,984,991,981,-1,980,981,994,-1,991,994,981,-1,994,976,980,-1,995,978,977,-1,989,988,993,-1,993,988,987,-1,985,983,989,-1,993,985,989,-1,982,995,983,-1,995,989,983,-1,978,995,982,-1,996,997,998,-1,996,999,997,-1,1000,1001,1002,-1,1003,1004,1000,-1,1000,1002,1003,-1,1002,1001,1005,-1,1001,997,1005,-1,1005,997,999,-1,1004,1006,1007,-1,1004,1003,1006,-1,1006,1008,1007,-1,1006,1009,1008,-1,1008,1000,1004,-1,998,997,1001,-1,1008,998,1000,-1,1001,1000,998,-1,1004,1007,1008,-1,996,1005,999,-1,1002,1009,1003,-1,1005,996,1002,-1,1006,1003,1009,-1,1009,1002,996,-1,1010,1011,1012,-1,1013,1014,1015,-1,1016,1017,1018,-1,1019,1013,1015,-1,1016,1018,1014,-1,1015,1014,1018,-1,1010,1012,1017,-1,1016,1010,1017,-1,1013,1020,1021,-1,1013,1019,1020,-1,1020,1022,1021,-1,1020,1023,1022,-1,1024,1025,1022,-1,1022,1023,1024,-1,1024,1026,1025,-1,1024,1027,1026,-1,1027,1028,1026,-1,1027,1029,1028,-1,1030,1031,1032,-1,1030,1033,1034,-1,1034,1031,1030,-1,1035,1033,1036,-1,1033,1035,1034,-1,1037,1038,1036,-1,1035,1036,1038,-1,1039,1038,1037,-1,1040,1032,1031,-1,1041,1042,1040,-1,1032,1040,1042,-1,1041,1043,1044,-1,1044,1042,1041,-1,1045,1043,1028,-1,1043,1045,1044,-1,1045,1028,1029,-1,1037,1046,1039,-1,1037,1047,1046,-1,1048,1046,1047,-1,1049,1050,1051,-1,1052,1053,1050,-1,1048,1053,1052,-1,1049,1052,1050,-1,1047,1053,1048,-1,1012,1011,1054,-1,1054,1055,1012,-1,1026,1013,1025,-1,1041,1040,1014,-1,1039,1016,1038,-1,1048,1054,1046,-1,1026,1028,1013,-1,1043,1041,1014,-1,1013,1022,1025,-1,1022,1013,1021,-1,1028,1014,1013,-1,1043,1014,1028,-1,1034,1014,1031,-1,1014,1040,1031,-1,1034,1035,1016,-1,1016,1014,1034,-1,1010,1016,1039,-1,1038,1016,1035,-1,1039,1011,1010,-1,1039,1046,1011,-1,1048,1052,1054,-1,1046,1054,1011,-1,1054,1052,1049,-1,1047,1037,1012,-1,1019,1024,1023,-1,1047,1055,1053,-1,1019,1023,1020,-1,1024,1019,1027,-1,1027,1019,1029,-1,1015,1044,1045,-1,1042,1044,1015,-1,1032,1015,1030,-1,1032,1042,1015,-1,1018,1033,1030,-1,1030,1015,1018,-1,1037,1036,1018,-1,1037,1018,1017,-1,1012,1055,1047,-1,1050,1053,1055,-1,1051,1050,1055,-1,1037,1017,1012,-1,1018,1036,1033,-1,1015,1045,1029,-1,1019,1015,1029,-1,1056,1057,1058,-1,1056,1059,1057,-1,1060,1056,1058,-1,1061,1062,1063,-1,1062,1060,1058,-1,1061,1060,1062,-1,1063,1064,1061,-1,1063,1065,1064,-1,1066,1067,1068,-1,1069,1070,1068,-1,1066,1068,1070,-1,1071,1070,1069,-1,1072,1067,1066,-1,1073,1072,1064,-1,1072,1073,1067,-1,1073,1064,1065,-1,1074,1071,1069,-1,1069,1075,1074,-1,1074,1059,1056,-1,1070,1072,1066,-1,1071,1072,1070,-1,1072,1071,1064,-1,1064,1071,1061,-1,1060,1061,1074,-1,1071,1074,1061,-1,1074,1056,1060,-1,1075,1058,1057,-1,1069,1068,1073,-1,1073,1068,1067,-1,1065,1063,1069,-1,1073,1065,1069,-1,1062,1075,1063,-1,1075,1069,1063,-1,1058,1075,1062,-1,1076,1077,1078,-1,1076,1079,1077,-1,1080,1081,1082,-1,1083,1084,1080,-1,1080,1082,1083,-1,1082,1081,1085,-1,1081,1077,1085,-1,1085,1077,1079,-1,1084,1086,1087,-1,1084,1083,1086,-1,1086,1088,1087,-1,1086,1089,1088,-1,1088,1080,1084,-1,1078,1077,1081,-1,1088,1078,1080,-1,1081,1080,1078,-1,1084,1087,1088,-1,1076,1085,1079,-1,1082,1089,1083,-1,1085,1076,1082,-1,1086,1083,1089,-1,1089,1082,1076,-1,1090,1091,1092,-1,1093,1094,1095,-1,1096,1097,1098,-1,1099,1093,1095,-1,1096,1098,1094,-1,1095,1094,1098,-1,1090,1092,1097,-1,1096,1090,1097,-1,1093,1100,1101,-1,1093,1099,1100,-1,1100,1102,1101,-1,1100,1103,1102,-1,1104,1105,1102,-1,1102,1103,1104,-1,1104,1106,1105,-1,1104,1107,1106,-1,1107,1108,1106,-1,1107,1109,1108,-1,1110,1111,1112,-1,1110,1113,1114,-1,1114,1111,1110,-1,1115,1113,1116,-1,1113,1115,1114,-1,1117,1118,1116,-1,1115,1116,1118,-1,1119,1118,1117,-1,1120,1112,1111,-1,1121,1122,1120,-1,1112,1120,1122,-1,1121,1123,1124,-1,1124,1122,1121,-1,1125,1123,1108,-1,1123,1125,1124,-1,1125,1108,1109,-1,1117,1126,1119,-1,1117,1127,1126,-1,1128,1126,1127,-1,1129,1130,1131,-1,1132,1133,1130,-1,1128,1133,1132,-1,1129,1132,1130,-1,1127,1133,1128,-1,1092,1091,1134,-1,1134,1135,1092,-1,1106,1093,1105,-1,1121,1120,1094,-1,1119,1096,1118,-1,1128,1134,1126,-1,1106,1108,1093,-1,1123,1121,1094,-1,1093,1102,1105,-1,1102,1093,1101,-1,1108,1094,1093,-1,1123,1094,1108,-1,1114,1094,1111,-1,1094,1120,1111,-1,1114,1115,1096,-1,1096,1094,1114,-1,1090,1096,1119,-1,1118,1096,1115,-1,1119,1091,1090,-1,1119,1126,1091,-1,1128,1132,1134,-1,1126,1134,1091,-1,1134,1132,1129,-1,1127,1117,1092,-1,1099,1104,1103,-1,1127,1135,1133,-1,1099,1103,1100,-1,1104,1099,1107,-1,1107,1099,1109,-1,1095,1124,1125,-1,1122,1124,1095,-1,1112,1095,1110,-1,1112,1122,1095,-1,1098,1113,1110,-1,1110,1095,1098,-1,1117,1116,1098,-1,1117,1098,1097,-1,1092,1135,1127,-1,1130,1133,1135,-1,1131,1130,1135,-1,1117,1097,1092,-1,1098,1116,1113,-1,1095,1125,1109,-1,1099,1095,1109,-1,1136,1137,1138,-1,1136,1139,1137,-1,1140,1136,1138,-1,1141,1142,1143,-1,1142,1140,1138,-1,1141,1140,1142,-1,1143,1144,1141,-1,1143,1145,1144,-1,1146,1147,1148,-1,1149,1150,1148,-1,1146,1148,1150,-1,1151,1150,1149,-1,1152,1147,1146,-1,1153,1152,1144,-1,1152,1153,1147,-1,1153,1144,1145,-1,1154,1151,1149,-1,1149,1155,1154,-1,1154,1139,1136,-1,1150,1152,1146,-1,1151,1152,1150,-1,1152,1151,1144,-1,1144,1151,1141,-1,1140,1141,1154,-1,1151,1154,1141,-1,1154,1136,1140,-1,1155,1138,1137,-1,1149,1148,1153,-1,1153,1148,1147,-1,1145,1143,1149,-1,1153,1145,1149,-1,1142,1155,1143,-1,1155,1149,1143,-1,1138,1155,1142,-1,1156,1157,1158,-1,1156,1159,1157,-1,1160,1161,1162,-1,1163,1164,1160,-1,1160,1162,1163,-1,1162,1161,1165,-1,1161,1157,1165,-1,1165,1157,1159,-1,1164,1166,1167,-1,1164,1163,1166,-1,1166,1168,1167,-1,1166,1169,1168,-1,1168,1160,1164,-1,1158,1157,1161,-1,1168,1158,1160,-1,1161,1160,1158,-1,1164,1167,1168,-1,1156,1165,1159,-1,1162,1169,1163,-1,1165,1156,1162,-1,1166,1163,1169,-1,1169,1162,1156,-1,1170,1171,1172,-1,1173,1174,1175,-1,1176,1177,1178,-1,1179,1173,1175,-1,1176,1178,1174,-1,1175,1174,1178,-1,1170,1172,1177,-1,1176,1170,1177,-1,1173,1180,1181,-1,1173,1179,1180,-1,1180,1182,1181,-1,1180,1183,1182,-1,1184,1185,1182,-1,1182,1183,1184,-1,1184,1186,1185,-1,1184,1187,1186,-1,1187,1188,1186,-1,1187,1189,1188,-1,1190,1191,1192,-1,1190,1193,1194,-1,1194,1191,1190,-1,1195,1193,1196,-1,1193,1195,1194,-1,1197,1198,1196,-1,1195,1196,1198,-1,1199,1198,1197,-1,1200,1192,1191,-1,1201,1202,1200,-1,1192,1200,1202,-1,1201,1203,1204,-1,1204,1202,1201,-1,1205,1203,1188,-1,1203,1205,1204,-1,1205,1188,1189,-1,1197,1206,1199,-1,1197,1207,1206,-1,1208,1206,1207,-1,1209,1210,1211,-1,1212,1213,1210,-1,1208,1213,1212,-1,1209,1212,1210,-1,1207,1213,1208,-1,1172,1171,1214,-1,1214,1215,1172,-1,1186,1173,1185,-1,1201,1200,1174,-1,1199,1176,1198,-1,1208,1214,1206,-1,1186,1188,1173,-1,1203,1201,1174,-1,1173,1182,1185,-1,1182,1173,1181,-1,1188,1174,1173,-1,1203,1174,1188,-1,1194,1174,1191,-1,1174,1200,1191,-1,1194,1195,1176,-1,1176,1174,1194,-1,1170,1176,1199,-1,1198,1176,1195,-1,1199,1171,1170,-1,1199,1206,1171,-1,1208,1212,1214,-1,1206,1214,1171,-1,1214,1212,1209,-1,1207,1197,1172,-1,1179,1184,1183,-1,1207,1215,1213,-1,1179,1183,1180,-1,1184,1179,1187,-1,1187,1179,1189,-1,1175,1204,1205,-1,1202,1204,1175,-1,1192,1175,1190,-1,1192,1202,1175,-1,1178,1193,1190,-1,1190,1175,1178,-1,1197,1196,1178,-1,1197,1178,1177,-1,1172,1215,1207,-1,1210,1213,1215,-1,1211,1210,1215,-1,1197,1177,1172,-1,1178,1196,1193,-1,1175,1205,1189,-1,1179,1175,1189,-1,1216,1217,1218,-1,1216,1219,1217,-1,1220,1216,1218,-1,1221,1222,1223,-1,1222,1220,1218,-1,1221,1220,1222,-1,1223,1224,1221,-1,1223,1225,1224,-1,1226,1227,1228,-1,1229,1230,1228,-1,1226,1228,1230,-1,1231,1230,1229,-1,1232,1227,1226,-1,1233,1232,1224,-1,1232,1233,1227,-1,1233,1224,1225,-1,1234,1231,1229,-1,1229,1235,1234,-1,1234,1219,1216,-1,1230,1232,1226,-1,1231,1232,1230,-1,1232,1231,1224,-1,1224,1231,1221,-1,1220,1221,1234,-1,1231,1234,1221,-1,1234,1216,1220,-1,1235,1218,1217,-1,1229,1228,1233,-1,1233,1228,1227,-1,1225,1223,1229,-1,1233,1225,1229,-1,1222,1235,1223,-1,1235,1229,1223,-1,1218,1235,1222,-1,1236,1237,1238,-1,1236,1239,1237,-1,1240,1241,1242,-1,1243,1244,1240,-1,1240,1242,1243,-1,1242,1241,1245,-1,1241,1237,1245,-1,1245,1237,1239,-1,1244,1246,1247,-1,1244,1243,1246,-1,1246,1248,1247,-1,1246,1249,1248,-1,1248,1240,1244,-1,1238,1237,1241,-1,1248,1238,1240,-1,1241,1240,1238,-1,1244,1247,1248,-1,1236,1245,1239,-1,1242,1249,1243,-1,1245,1236,1242,-1,1246,1243,1249,-1,1249,1242,1236,-1,1250,1251,1252,-1,1253,1254,1255,-1,1256,1257,1258,-1,1259,1253,1255,-1,1256,1258,1254,-1,1255,1254,1258,-1,1250,1252,1257,-1,1256,1250,1257,-1,1253,1260,1261,-1,1253,1259,1260,-1,1260,1262,1261,-1,1260,1263,1262,-1,1264,1265,1262,-1,1262,1263,1264,-1,1264,1266,1265,-1,1264,1267,1266,-1,1267,1268,1266,-1,1267,1269,1268,-1,1270,1271,1272,-1,1270,1273,1274,-1,1274,1271,1270,-1,1275,1273,1276,-1,1273,1275,1274,-1,1277,1278,1276,-1,1275,1276,1278,-1,1279,1278,1277,-1,1280,1272,1271,-1,1281,1282,1280,-1,1272,1280,1282,-1,1281,1283,1284,-1,1284,1282,1281,-1,1285,1283,1268,-1,1283,1285,1284,-1,1285,1268,1269,-1,1277,1286,1279,-1,1277,1287,1286,-1,1288,1286,1287,-1,1289,1290,1291,-1,1292,1293,1290,-1,1288,1293,1292,-1,1289,1292,1290,-1,1287,1293,1288,-1,1252,1251,1294,-1,1294,1295,1252,-1,1266,1253,1265,-1,1281,1280,1254,-1,1279,1256,1278,-1,1288,1294,1286,-1,1266,1268,1253,-1,1283,1281,1254,-1,1253,1262,1265,-1,1262,1253,1261,-1,1268,1254,1253,-1,1283,1254,1268,-1,1274,1254,1271,-1,1254,1280,1271,-1,1274,1275,1256,-1,1256,1254,1274,-1,1250,1256,1279,-1,1278,1256,1275,-1,1279,1251,1250,-1,1279,1286,1251,-1,1288,1292,1294,-1,1286,1294,1251,-1,1294,1292,1289,-1,1287,1277,1252,-1,1259,1264,1263,-1,1287,1295,1293,-1,1259,1263,1260,-1,1264,1259,1267,-1,1267,1259,1269,-1,1255,1284,1285,-1,1282,1284,1255,-1,1272,1255,1270,-1,1272,1282,1255,-1,1258,1273,1270,-1,1270,1255,1258,-1,1277,1276,1258,-1,1277,1258,1257,-1,1252,1295,1287,-1,1290,1293,1295,-1,1291,1290,1295,-1,1277,1257,1252,-1,1258,1276,1273,-1,1255,1285,1269,-1,1259,1255,1269,-1,1296,1297,1298,-1,1296,1299,1297,-1,1300,1296,1298,-1,1301,1302,1303,-1,1302,1300,1298,-1,1301,1300,1302,-1,1303,1304,1301,-1,1303,1305,1304,-1,1306,1307,1308,-1,1309,1310,1308,-1,1306,1308,1310,-1,1311,1310,1309,-1,1312,1307,1306,-1,1313,1312,1304,-1,1312,1313,1307,-1,1313,1304,1305,-1,1314,1311,1309,-1,1309,1315,1314,-1,1314,1299,1296,-1,1310,1312,1306,-1,1311,1312,1310,-1,1312,1311,1304,-1,1304,1311,1301,-1,1300,1301,1314,-1,1311,1314,1301,-1,1314,1296,1300,-1,1315,1298,1297,-1,1309,1308,1313,-1,1313,1308,1307,-1,1305,1303,1309,-1,1313,1305,1309,-1,1302,1315,1303,-1,1315,1309,1303,-1,1298,1315,1302,-1,1316,1317,1318,-1,1316,1319,1317,-1,1320,1321,1322,-1,1323,1324,1320,-1,1320,1322,1323,-1,1322,1321,1325,-1,1321,1317,1325,-1,1325,1317,1319,-1,1324,1326,1327,-1,1324,1323,1326,-1,1326,1328,1327,-1,1326,1329,1328,-1,1328,1320,1324,-1,1318,1317,1321,-1,1328,1318,1320,-1,1321,1320,1318,-1,1324,1327,1328,-1,1316,1325,1319,-1,1322,1329,1323,-1,1325,1316,1322,-1,1326,1323,1329,-1,1329,1322,1316,-1,1330,1331,1332,-1,1333,1334,1335,-1,1336,1337,1338,-1,1339,1333,1335,-1,1336,1338,1334,-1,1335,1334,1338,-1,1330,1332,1337,-1,1336,1330,1337,-1,1333,1340,1341,-1,1333,1339,1340,-1,1340,1342,1341,-1,1340,1343,1342,-1,1344,1345,1342,-1,1342,1343,1344,-1,1344,1346,1345,-1,1344,1347,1346,-1,1347,1348,1346,-1,1347,1349,1348,-1,1350,1351,1352,-1,1350,1353,1354,-1,1354,1351,1350,-1,1355,1353,1356,-1,1353,1355,1354,-1,1357,1358,1356,-1,1355,1356,1358,-1,1359,1358,1357,-1,1360,1352,1351,-1,1361,1362,1360,-1,1352,1360,1362,-1,1361,1363,1364,-1,1364,1362,1361,-1,1365,1363,1348,-1,1363,1365,1364,-1,1365,1348,1349,-1,1357,1366,1359,-1,1357,1367,1366,-1,1368,1366,1367,-1,1369,1370,1371,-1,1372,1373,1370,-1,1368,1373,1372,-1,1369,1372,1370,-1,1367,1373,1368,-1,1332,1331,1374,-1,1374,1375,1332,-1,1346,1333,1345,-1,1361,1360,1334,-1,1359,1336,1358,-1,1368,1374,1366,-1,1346,1348,1333,-1,1363,1361,1334,-1,1333,1342,1345,-1,1342,1333,1341,-1,1348,1334,1333,-1,1363,1334,1348,-1,1354,1334,1351,-1,1334,1360,1351,-1,1354,1355,1336,-1,1336,1334,1354,-1,1330,1336,1359,-1,1358,1336,1355,-1,1359,1331,1330,-1,1359,1366,1331,-1,1368,1372,1374,-1,1366,1374,1331,-1,1374,1372,1369,-1,1367,1357,1332,-1,1339,1344,1343,-1,1367,1375,1373,-1,1339,1343,1340,-1,1344,1339,1347,-1,1347,1339,1349,-1,1335,1364,1365,-1,1362,1364,1335,-1,1352,1335,1350,-1,1352,1362,1335,-1,1338,1353,1350,-1,1350,1335,1338,-1,1357,1356,1338,-1,1357,1338,1337,-1,1332,1375,1367,-1,1370,1373,1375,-1,1371,1370,1375,-1,1357,1337,1332,-1,1338,1356,1353,-1,1335,1365,1349,-1,1339,1335,1349,-1,1376,1377,1378,-1,1376,1379,1377,-1,1380,1376,1378,-1,1381,1382,1383,-1,1382,1380,1378,-1,1381,1380,1382,-1,1383,1384,1381,-1,1383,1385,1384,-1,1386,1387,1388,-1,1389,1390,1388,-1,1386,1388,1390,-1,1391,1390,1389,-1,1392,1387,1386,-1,1393,1392,1384,-1,1392,1393,1387,-1,1393,1384,1385,-1,1394,1391,1389,-1,1389,1395,1394,-1,1394,1379,1376,-1,1390,1392,1386,-1,1391,1392,1390,-1,1392,1391,1384,-1,1384,1391,1381,-1,1380,1381,1394,-1,1391,1394,1381,-1,1394,1376,1380,-1,1395,1378,1377,-1,1389,1388,1393,-1,1393,1388,1387,-1,1385,1383,1389,-1,1393,1385,1389,-1,1382,1395,1383,-1,1395,1389,1383,-1,1378,1395,1382,-1,1396,1397,1398,-1,1396,1399,1397,-1,1400,1401,1402,-1,1403,1404,1400,-1,1400,1402,1403,-1,1402,1401,1405,-1,1401,1397,1405,-1,1405,1397,1399,-1,1404,1406,1407,-1,1404,1403,1406,-1,1406,1408,1407,-1,1406,1409,1408,-1,1408,1400,1404,-1,1398,1397,1401,-1,1408,1398,1400,-1,1401,1400,1398,-1,1404,1407,1408,-1,1396,1405,1399,-1,1402,1409,1403,-1,1405,1396,1402,-1,1406,1403,1409,-1,1409,1402,1396,-1,1410,1411,1412,-1,1413,1414,1415,-1,1416,1417,1418,-1,1419,1413,1415,-1,1416,1418,1414,-1,1415,1414,1418,-1,1410,1412,1417,-1,1416,1410,1417,-1,1413,1420,1421,-1,1413,1419,1420,-1,1420,1422,1421,-1,1420,1423,1422,-1,1424,1425,1422,-1,1422,1423,1424,-1,1424,1426,1425,-1,1424,1427,1426,-1,1427,1428,1426,-1,1427,1429,1428,-1,1430,1431,1432,-1,1430,1433,1434,-1,1434,1431,1430,-1,1435,1433,1436,-1,1433,1435,1434,-1,1437,1438,1436,-1,1435,1436,1438,-1,1439,1438,1437,-1,1440,1432,1431,-1,1441,1442,1440,-1,1432,1440,1442,-1,1441,1443,1444,-1,1444,1442,1441,-1,1445,1443,1428,-1,1443,1445,1444,-1,1445,1428,1429,-1,1437,1446,1439,-1,1437,1447,1446,-1,1448,1446,1447,-1,1449,1450,1451,-1,1452,1453,1450,-1,1448,1453,1452,-1,1449,1452,1450,-1,1447,1453,1448,-1,1412,1411,1454,-1,1454,1455,1412,-1,1426,1413,1425,-1,1441,1440,1414,-1,1439,1416,1438,-1,1448,1454,1446,-1,1426,1428,1413,-1,1443,1441,1414,-1,1413,1422,1425,-1,1422,1413,1421,-1,1428,1414,1413,-1,1443,1414,1428,-1,1434,1414,1431,-1,1414,1440,1431,-1,1434,1435,1416,-1,1416,1414,1434,-1,1410,1416,1439,-1,1438,1416,1435,-1,1439,1411,1410,-1,1439,1446,1411,-1,1448,1452,1454,-1,1446,1454,1411,-1,1454,1452,1449,-1,1447,1437,1412,-1,1419,1424,1423,-1,1447,1455,1453,-1,1419,1423,1420,-1,1424,1419,1427,-1,1427,1419,1429,-1,1415,1444,1445,-1,1442,1444,1415,-1,1432,1415,1430,-1,1432,1442,1415,-1,1418,1433,1430,-1,1430,1415,1418,-1,1437,1436,1418,-1,1437,1418,1417,-1,1412,1455,1447,-1,1450,1453,1455,-1,1451,1450,1455,-1,1437,1417,1412,-1,1418,1436,1433,-1,1415,1445,1429,-1,1419,1415,1429,-1,1456,1457,1458,-1,1456,1459,1457,-1,1460,1456,1458,-1,1461,1462,1463,-1,1462,1460,1458,-1,1461,1460,1462,-1,1463,1464,1461,-1,1463,1465,1464,-1,1466,1467,1468,-1,1469,1470,1468,-1,1466,1468,1470,-1,1471,1470,1469,-1,1472,1467,1466,-1,1473,1472,1464,-1,1472,1473,1467,-1,1473,1464,1465,-1,1474,1471,1469,-1,1469,1475,1474,-1,1474,1459,1456,-1,1470,1472,1466,-1,1471,1472,1470,-1,1472,1471,1464,-1,1464,1471,1461,-1,1460,1461,1474,-1,1471,1474,1461,-1,1474,1456,1460,-1,1475,1458,1457,-1,1469,1468,1473,-1,1473,1468,1467,-1,1465,1463,1469,-1,1473,1465,1469,-1,1462,1475,1463,-1,1475,1469,1463,-1,1458,1475,1462,-1,1476,1477,1478,-1,1476,1479,1477,-1,1480,1481,1482,-1,1483,1484,1480,-1,1480,1482,1483,-1,1482,1481,1485,-1,1481,1477,1485,-1,1485,1477,1479,-1,1484,1486,1487,-1,1484,1483,1486,-1,1486,1488,1487,-1,1486,1489,1488,-1,1488,1480,1484,-1,1478,1477,1481,-1,1488,1478,1480,-1,1481,1480,1478,-1,1484,1487,1488,-1,1476,1485,1479,-1,1482,1489,1483,-1,1485,1476,1482,-1,1486,1483,1489,-1,1489,1482,1476,-1,1490,1491,1492,-1,1493,1494,1495,-1,1496,1497,1498,-1,1499,1493,1495,-1,1496,1498,1494,-1,1495,1494,1498,-1,1490,1492,1497,-1,1496,1490,1497,-1,1493,1500,1501,-1,1493,1499,1500,-1,1500,1502,1501,-1,1500,1503,1502,-1,1504,1505,1502,-1,1502,1503,1504,-1,1504,1506,1505,-1,1504,1507,1506,-1,1507,1508,1506,-1,1507,1509,1508,-1,1510,1511,1512,-1,1510,1513,1514,-1,1514,1511,1510,-1,1515,1513,1516,-1,1513,1515,1514,-1,1517,1518,1516,-1,1515,1516,1518,-1,1519,1518,1517,-1,1520,1512,1511,-1,1521,1522,1520,-1,1512,1520,1522,-1,1521,1523,1524,-1,1524,1522,1521,-1,1525,1523,1508,-1,1523,1525,1524,-1,1525,1508,1509,-1,1517,1526,1519,-1,1517,1527,1526,-1,1528,1526,1527,-1,1529,1530,1531,-1,1532,1533,1530,-1,1528,1533,1532,-1,1529,1532,1530,-1,1527,1533,1528,-1,1492,1491,1534,-1,1534,1535,1492,-1,1506,1493,1505,-1,1521,1520,1494,-1,1519,1496,1518,-1,1528,1534,1526,-1,1506,1508,1493,-1,1523,1521,1494,-1,1493,1502,1505,-1,1502,1493,1501,-1,1508,1494,1493,-1,1523,1494,1508,-1,1514,1494,1511,-1,1494,1520,1511,-1,1514,1515,1496,-1,1496,1494,1514,-1,1490,1496,1519,-1,1518,1496,1515,-1,1519,1491,1490,-1,1519,1526,1491,-1,1528,1532,1534,-1,1526,1534,1491,-1,1534,1532,1529,-1,1527,1517,1492,-1,1499,1504,1503,-1,1527,1535,1533,-1,1499,1503,1500,-1,1504,1499,1507,-1,1507,1499,1509,-1,1495,1524,1525,-1,1522,1524,1495,-1,1512,1495,1510,-1,1512,1522,1495,-1,1498,1513,1510,-1,1510,1495,1498,-1,1517,1516,1498,-1,1517,1498,1497,-1,1492,1535,1527,-1,1530,1533,1535,-1,1531,1530,1535,-1,1517,1497,1492,-1,1498,1516,1513,-1,1495,1525,1509,-1,1499,1495,1509,-1,1536,1537,1538,-1,1536,1539,1537,-1,1540,1536,1538,-1,1541,1542,1543,-1,1542,1540,1538,-1,1541,1540,1542,-1,1543,1544,1541,-1,1543,1545,1544,-1,1546,1547,1548,-1,1549,1550,1548,-1,1546,1548,1550,-1,1551,1550,1549,-1,1552,1547,1546,-1,1553,1552,1544,-1,1552,1553,1547,-1,1553,1544,1545,-1,1554,1551,1549,-1,1549,1555,1554,-1,1554,1539,1536,-1,1550,1552,1546,-1,1551,1552,1550,-1,1552,1551,1544,-1,1544,1551,1541,-1,1540,1541,1554,-1,1551,1554,1541,-1,1554,1536,1540,-1,1555,1538,1537,-1,1549,1548,1553,-1,1553,1548,1547,-1,1545,1543,1549,-1,1553,1545,1549,-1,1542,1555,1543,-1,1555,1549,1543,-1,1538,1555,1542,-1,1556,1557,1558,-1,1556,1559,1557,-1,1560,1561,1562,-1,1563,1564,1560,-1,1560,1562,1563,-1,1562,1561,1565,-1,1561,1557,1565,-1,1565,1557,1559,-1,1564,1566,1567,-1,1564,1563,1566,-1,1566,1568,1567,-1,1566,1569,1568,-1,1568,1560,1564,-1,1558,1557,1561,-1,1568,1558,1560,-1,1561,1560,1558,-1,1564,1567,1568,-1,1556,1565,1559,-1,1562,1569,1563,-1,1565,1556,1562,-1,1566,1563,1569,-1,1569,1562,1556,-1,1570,1571,1572,-1,1573,1574,1575,-1,1576,1577,1578,-1,1579,1573,1575,-1,1576,1578,1574,-1,1575,1574,1578,-1,1570,1572,1577,-1,1576,1570,1577,-1,1573,1580,1581,-1,1573,1579,1580,-1,1580,1582,1581,-1,1580,1583,1582,-1,1584,1585,1582,-1,1582,1583,1584,-1,1584,1586,1585,-1,1584,1587,1586,-1,1587,1588,1586,-1,1587,1589,1588,-1,1590,1591,1592,-1,1590,1593,1594,-1,1594,1591,1590,-1,1595,1593,1596,-1,1593,1595,1594,-1,1597,1598,1596,-1,1595,1596,1598,-1,1599,1598,1597,-1,1600,1592,1591,-1,1601,1602,1600,-1,1592,1600,1602,-1,1601,1603,1604,-1,1604,1602,1601,-1,1605,1603,1588,-1,1603,1605,1604,-1,1605,1588,1589,-1,1597,1606,1599,-1,1597,1607,1606,-1,1608,1606,1607,-1,1609,1610,1611,-1,1612,1613,1610,-1,1608,1613,1612,-1,1609,1612,1610,-1,1607,1613,1608,-1,1572,1571,1614,-1,1614,1615,1572,-1,1586,1573,1585,-1,1601,1600,1574,-1,1599,1576,1598,-1,1608,1614,1606,-1,1586,1588,1573,-1,1603,1601,1574,-1,1573,1582,1585,-1,1582,1573,1581,-1,1588,1574,1573,-1,1603,1574,1588,-1,1594,1574,1591,-1,1574,1600,1591,-1,1594,1595,1576,-1,1576,1574,1594,-1,1570,1576,1599,-1,1598,1576,1595,-1,1599,1571,1570,-1,1599,1606,1571,-1,1608,1612,1614,-1,1606,1614,1571,-1,1614,1612,1609,-1,1607,1597,1572,-1,1579,1584,1583,-1,1607,1615,1613,-1,1579,1583,1580,-1,1584,1579,1587,-1,1587,1579,1589,-1,1575,1604,1605,-1,1602,1604,1575,-1,1592,1575,1590,-1,1592,1602,1575,-1,1578,1593,1590,-1,1590,1575,1578,-1,1597,1596,1578,-1,1597,1578,1577,-1,1572,1615,1607,-1,1610,1613,1615,-1,1611,1610,1615,-1,1597,1577,1572,-1,1578,1596,1593,-1,1575,1605,1589,-1,1579,1575,1589,-1,1616,1617,1618,-1,1616,1619,1617,-1,1620,1616,1618,-1,1621,1622,1623,-1,1622,1620,1618,-1,1621,1620,1622,-1,1623,1624,1621,-1,1623,1625,1624,-1,1626,1627,1628,-1,1629,1630,1628,-1,1626,1628,1630,-1,1631,1630,1629,-1,1632,1627,1626,-1,1633,1632,1624,-1,1632,1633,1627,-1,1633,1624,1625,-1,1634,1631,1629,-1,1629,1635,1634,-1,1634,1619,1616,-1,1630,1632,1626,-1,1631,1632,1630,-1,1632,1631,1624,-1,1624,1631,1621,-1,1620,1621,1634,-1,1631,1634,1621,-1,1634,1616,1620,-1,1635,1618,1617,-1,1629,1628,1633,-1,1633,1628,1627,-1,1625,1623,1629,-1,1633,1625,1629,-1,1622,1635,1623,-1,1635,1629,1623,-1,1618,1635,1622,-1,1636,1637,1638,-1,1636,1639,1637,-1,1640,1641,1642,-1,1643,1644,1640,-1,1640,1642,1643,-1,1642,1641,1645,-1,1641,1637,1645,-1,1645,1637,1639,-1,1644,1646,1647,-1,1644,1643,1646,-1,1646,1648,1647,-1,1646,1649,1648,-1,1648,1640,1644,-1,1638,1637,1641,-1,1648,1638,1640,-1,1641,1640,1638,-1,1644,1647,1648,-1,1636,1645,1639,-1,1642,1649,1643,-1,1645,1636,1642,-1,1646,1643,1649,-1,1649,1642,1636,-1,1650,1651,1652,-1,1653,1654,1655,-1,1656,1657,1658,-1,1659,1653,1655,-1,1656,1658,1654,-1,1655,1654,1658,-1,1650,1652,1657,-1,1656,1650,1657,-1,1653,1660,1661,-1,1653,1659,1660,-1,1660,1662,1661,-1,1660,1663,1662,-1,1664,1665,1662,-1,1662,1663,1664,-1,1664,1666,1665,-1,1664,1667,1666,-1,1667,1668,1666,-1,1667,1669,1668,-1,1670,1671,1672,-1,1670,1673,1674,-1,1674,1671,1670,-1,1675,1673,1676,-1,1673,1675,1674,-1,1677,1678,1676,-1,1675,1676,1678,-1,1679,1678,1677,-1,1680,1672,1671,-1,1681,1682,1680,-1,1672,1680,1682,-1,1681,1683,1684,-1,1684,1682,1681,-1,1685,1683,1668,-1,1683,1685,1684,-1,1685,1668,1669,-1,1677,1686,1679,-1,1677,1687,1686,-1,1688,1686,1687,-1,1689,1690,1691,-1,1692,1693,1690,-1,1688,1693,1692,-1,1689,1692,1690,-1,1687,1693,1688,-1,1652,1651,1694,-1,1694,1695,1652,-1,1666,1653,1665,-1,1681,1680,1654,-1,1679,1656,1678,-1,1688,1694,1686,-1,1666,1668,1653,-1,1683,1681,1654,-1,1653,1662,1665,-1,1662,1653,1661,-1,1668,1654,1653,-1,1683,1654,1668,-1,1674,1654,1671,-1,1654,1680,1671,-1,1674,1675,1656,-1,1656,1654,1674,-1,1650,1656,1679,-1,1678,1656,1675,-1,1679,1651,1650,-1,1679,1686,1651,-1,1688,1692,1694,-1,1686,1694,1651,-1,1694,1692,1689,-1,1687,1677,1652,-1,1659,1664,1663,-1,1687,1695,1693,-1,1659,1663,1660,-1,1664,1659,1667,-1,1667,1659,1669,-1,1655,1684,1685,-1,1682,1684,1655,-1,1672,1655,1670,-1,1672,1682,1655,-1,1658,1673,1670,-1,1670,1655,1658,-1,1677,1676,1658,-1,1677,1658,1657,-1,1652,1695,1687,-1,1690,1693,1695,-1,1691,1690,1695,-1,1677,1657,1652,-1,1658,1676,1673,-1,1655,1685,1669,-1,1659,1655,1669,-1,1696,1697,1698,-1,1696,1699,1697,-1,1700,1696,1698,-1,1701,1702,1703,-1,1702,1700,1698,-1,1701,1700,1702,-1,1703,1704,1701,-1,1703,1705,1704,-1,1706,1707,1708,-1,1709,1710,1708,-1,1706,1708,1710,-1,1711,1710,1709,-1,1712,1707,1706,-1,1713,1712,1704,-1,1712,1713,1707,-1,1713,1704,1705,-1,1714,1711,1709,-1,1709,1715,1714,-1,1714,1699,1696,-1,1710,1712,1706,-1,1711,1712,1710,-1,1712,1711,1704,-1,1704,1711,1701,-1,1700,1701,1714,-1,1711,1714,1701,-1,1714,1696,1700,-1,1715,1698,1697,-1,1709,1708,1713,-1,1713,1708,1707,-1,1705,1703,1709,-1,1713,1705,1709,-1,1702,1715,1703,-1,1715,1709,1703,-1,1698,1715,1702,-1,1716,1717,1718,-1,1716,1719,1717,-1,1720,1721,1722,-1,1723,1724,1720,-1,1720,1722,1723,-1,1722,1721,1725,-1,1721,1717,1725,-1,1725,1717,1719,-1,1724,1726,1727,-1,1724,1723,1726,-1,1726,1728,1727,-1,1726,1729,1728,-1,1728,1720,1724,-1,1718,1717,1721,-1,1728,1718,1720,-1,1721,1720,1718,-1,1724,1727,1728,-1,1716,1725,1719,-1,1722,1729,1723,-1,1725,1716,1722,-1,1726,1723,1729,-1,1729,1722,1716,-1,1730,1731,1732,-1,1733,1734,1735,-1,1736,1737,1738,-1,1739,1733,1735,-1,1736,1738,1734,-1,1735,1734,1738,-1,1730,1732,1737,-1,1736,1730,1737,-1,1733,1740,1741,-1,1733,1739,1740,-1,1740,1742,1741,-1,1740,1743,1742,-1,1744,1745,1742,-1,1742,1743,1744,-1,1744,1746,1745,-1,1744,1747,1746,-1,1747,1748,1746,-1,1747,1749,1748,-1,1750,1751,1752,-1,1750,1753,1754,-1,1754,1751,1750,-1,1755,1753,1756,-1,1753,1755,1754,-1,1757,1758,1756,-1,1755,1756,1758,-1,1759,1758,1757,-1,1760,1752,1751,-1,1761,1762,1760,-1,1752,1760,1762,-1,1761,1763,1764,-1,1764,1762,1761,-1,1765,1763,1748,-1,1763,1765,1764,-1,1765,1748,1749,-1,1757,1766,1759,-1,1757,1767,1766,-1,1768,1766,1767,-1,1769,1770,1771,-1,1772,1773,1770,-1,1768,1773,1772,-1,1769,1772,1770,-1,1767,1773,1768,-1,1732,1731,1774,-1,1774,1775,1732,-1,1746,1733,1745,-1,1761,1760,1734,-1,1759,1736,1758,-1,1768,1774,1766,-1,1746,1748,1733,-1,1763,1761,1734,-1,1733,1742,1745,-1,1742,1733,1741,-1,1748,1734,1733,-1,1763,1734,1748,-1,1754,1734,1751,-1,1734,1760,1751,-1,1754,1755,1736,-1,1736,1734,1754,-1,1730,1736,1759,-1,1758,1736,1755,-1,1759,1731,1730,-1,1759,1766,1731,-1,1768,1772,1774,-1,1766,1774,1731,-1,1774,1772,1769,-1,1767,1757,1732,-1,1739,1744,1743,-1,1767,1775,1773,-1,1739,1743,1740,-1,1744,1739,1747,-1,1747,1739,1749,-1,1735,1764,1765,-1,1762,1764,1735,-1,1752,1735,1750,-1,1752,1762,1735,-1,1738,1753,1750,-1,1750,1735,1738,-1,1757,1756,1738,-1,1757,1738,1737,-1,1732,1775,1767,-1,1770,1773,1775,-1,1771,1770,1775,-1,1757,1737,1732,-1,1738,1756,1753,-1,1735,1765,1749,-1,1739,1735,1749,-1,1776,1777,1778,-1,1776,1779,1777,-1,1780,1776,1778,-1,1781,1782,1783,-1,1782,1780,1778,-1,1781,1780,1782,-1,1783,1784,1781,-1,1783,1785,1784,-1,1786,1787,1788,-1,1789,1790,1788,-1,1786,1788,1790,-1,1791,1790,1789,-1,1792,1787,1786,-1,1793,1792,1784,-1,1792,1793,1787,-1,1793,1784,1785,-1,1794,1791,1789,-1,1789,1795,1794,-1,1794,1779,1776,-1,1790,1792,1786,-1,1791,1792,1790,-1,1792,1791,1784,-1,1784,1791,1781,-1,1780,1781,1794,-1,1791,1794,1781,-1,1794,1776,1780,-1,1795,1778,1777,-1,1789,1788,1793,-1,1793,1788,1787,-1,1785,1783,1789,-1,1793,1785,1789,-1,1782,1795,1783,-1,1795,1789,1783,-1,1778,1795,1782,-1,1796,1797,1798,-1,1796,1799,1797,-1,1800,1801,1802,-1,1803,1804,1800,-1,1800,1802,1803,-1,1802,1801,1805,-1,1801,1797,1805,-1,1805,1797,1799,-1,1804,1806,1807,-1,1804,1803,1806,-1,1806,1808,1807,-1,1806,1809,1808,-1,1808,1800,1804,-1,1798,1797,1801,-1,1808,1798,1800,-1,1801,1800,1798,-1,1804,1807,1808,-1,1796,1805,1799,-1,1802,1809,1803,-1,1805,1796,1802,-1,1806,1803,1809,-1,1809,1802,1796,-1,1810,1811,1812,-1,1813,1814,1815,-1,1816,1817,1818,-1,1819,1813,1815,-1,1816,1818,1814,-1,1815,1814,1818,-1,1810,1812,1817,-1,1816,1810,1817,-1,1813,1820,1821,-1,1813,1819,1820,-1,1820,1822,1821,-1,1820,1823,1822,-1,1824,1825,1822,-1,1822,1823,1824,-1,1824,1826,1825,-1,1824,1827,1826,-1,1827,1828,1826,-1,1827,1829,1828,-1,1830,1831,1832,-1,1830,1833,1834,-1,1834,1831,1830,-1,1835,1833,1836,-1,1833,1835,1834,-1,1837,1838,1836,-1,1835,1836,1838,-1,1839,1838,1837,-1,1840,1832,1831,-1,1841,1842,1840,-1,1832,1840,1842,-1,1841,1843,1844,-1,1844,1842,1841,-1,1845,1843,1828,-1,1843,1845,1844,-1,1845,1828,1829,-1,1837,1846,1839,-1,1837,1847,1846,-1,1848,1846,1847,-1,1849,1850,1851,-1,1852,1853,1850,-1,1848,1853,1852,-1,1849,1852,1850,-1,1847,1853,1848,-1,1812,1811,1854,-1,1854,1855,1812,-1,1826,1813,1825,-1,1841,1840,1814,-1,1839,1816,1838,-1,1848,1854,1846,-1,1826,1828,1813,-1,1843,1841,1814,-1,1813,1822,1825,-1,1822,1813,1821,-1,1828,1814,1813,-1,1843,1814,1828,-1,1834,1814,1831,-1,1814,1840,1831,-1,1834,1835,1816,-1,1816,1814,1834,-1,1810,1816,1839,-1,1838,1816,1835,-1,1839,1811,1810,-1,1839,1846,1811,-1,1848,1852,1854,-1,1846,1854,1811,-1,1854,1852,1849,-1,1847,1837,1812,-1,1819,1824,1823,-1,1847,1855,1853,-1,1819,1823,1820,-1,1824,1819,1827,-1,1827,1819,1829,-1,1815,1844,1845,-1,1842,1844,1815,-1,1832,1815,1830,-1,1832,1842,1815,-1,1818,1833,1830,-1,1830,1815,1818,-1,1837,1836,1818,-1,1837,1818,1817,-1,1812,1855,1847,-1,1850,1853,1855,-1,1851,1850,1855,-1,1837,1817,1812,-1,1818,1836,1833,-1,1815,1845,1829,-1,1819,1815,1829,-1,1856,1857,1858,-1,1856,1859,1857,-1,1860,1856,1858,-1,1861,1862,1863,-1,1862,1860,1858,-1,1861,1860,1862,-1,1863,1864,1861,-1,1863,1865,1864,-1,1866,1867,1868,-1,1869,1870,1868,-1,1866,1868,1870,-1,1871,1870,1869,-1,1872,1867,1866,-1,1873,1872,1864,-1,1872,1873,1867,-1,1873,1864,1865,-1,1874,1871,1869,-1,1869,1875,1874,-1,1874,1859,1856,-1,1870,1872,1866,-1,1871,1872,1870,-1,1872,1871,1864,-1,1864,1871,1861,-1,1860,1861,1874,-1,1871,1874,1861,-1,1874,1856,1860,-1,1875,1858,1857,-1,1869,1868,1873,-1,1873,1868,1867,-1,1865,1863,1869,-1,1873,1865,1869,-1,1862,1875,1863,-1,1875,1869,1863,-1,1858,1875,1862,-1,1876,1877,1878,-1,1876,1879,1877,-1,1880,1881,1882,-1,1883,1884,1880,-1,1880,1882,1883,-1,1882,1881,1885,-1,1881,1877,1885,-1,1885,1877,1879,-1,1884,1886,1887,-1,1884,1883,1886,-1,1886,1888,1887,-1,1886,1889,1888,-1,1888,1880,1884,-1,1878,1877,1881,-1,1888,1878,1880,-1,1881,1880,1878,-1,1884,1887,1888,-1,1876,1885,1879,-1,1882,1889,1883,-1,1885,1876,1882,-1,1886,1883,1889,-1,1889,1882,1876,-1,1890,1891,1892,-1,1893,1894,1895,-1,1896,1897,1898,-1,1899,1893,1895,-1,1896,1898,1894,-1,1895,1894,1898,-1,1890,1892,1897,-1,1896,1890,1897,-1,1893,1900,1901,-1,1893,1899,1900,-1,1900,1902,1901,-1,1900,1903,1902,-1,1904,1905,1902,-1,1902,1903,1904,-1,1904,1906,1905,-1,1904,1907,1906,-1,1907,1908,1906,-1,1907,1909,1908,-1,1910,1911,1912,-1,1910,1913,1914,-1,1914,1911,1910,-1,1915,1913,1916,-1,1913,1915,1914,-1,1917,1918,1916,-1,1915,1916,1918,-1,1919,1918,1917,-1,1920,1912,1911,-1,1921,1922,1920,-1,1912,1920,1922,-1,1921,1923,1924,-1,1924,1922,1921,-1,1925,1923,1908,-1,1923,1925,1924,-1,1925,1908,1909,-1,1917,1926,1919,-1,1917,1927,1926,-1,1928,1926,1927,-1,1929,1930,1931,-1,1932,1933,1930,-1,1928,1933,1932,-1,1929,1932,1930,-1,1927,1933,1928,-1,1892,1891,1934,-1,1934,1935,1892,-1,1906,1893,1905,-1,1921,1920,1894,-1,1919,1896,1918,-1,1928,1934,1926,-1,1906,1908,1893,-1,1923,1921,1894,-1,1893,1902,1905,-1,1902,1893,1901,-1,1908,1894,1893,-1,1923,1894,1908,-1,1914,1894,1911,-1,1894,1920,1911,-1,1914,1915,1896,-1,1896,1894,1914,-1,1890,1896,1919,-1,1918,1896,1915,-1,1919,1891,1890,-1,1919,1926,1891,-1,1928,1932,1934,-1,1926,1934,1891,-1,1934,1932,1929,-1,1927,1917,1892,-1,1899,1904,1903,-1,1927,1935,1933,-1,1899,1903,1900,-1,1904,1899,1907,-1,1907,1899,1909,-1,1895,1924,1925,-1,1922,1924,1895,-1,1912,1895,1910,-1,1912,1922,1895,-1,1898,1913,1910,-1,1910,1895,1898,-1,1917,1916,1898,-1,1917,1898,1897,-1,1892,1935,1927,-1,1930,1933,1935,-1,1931,1930,1935,-1,1917,1897,1892,-1,1898,1916,1913,-1,1895,1925,1909,-1,1899,1895,1909,-1,1936,1937,1938,-1,1936,1939,1937,-1,1940,1936,1938,-1,1941,1942,1943,-1,1942,1940,1938,-1,1941,1940,1942,-1,1943,1944,1941,-1,1943,1945,1944,-1,1946,1947,1948,-1,1949,1950,1948,-1,1946,1948,1950,-1,1951,1950,1949,-1,1952,1947,1946,-1,1953,1952,1944,-1,1952,1953,1947,-1,1953,1944,1945,-1,1954,1951,1949,-1,1949,1955,1954,-1,1954,1939,1936,-1,1950,1952,1946,-1,1951,1952,1950,-1,1952,1951,1944,-1,1944,1951,1941,-1,1940,1941,1954,-1,1951,1954,1941,-1,1954,1936,1940,-1,1955,1938,1937,-1,1949,1948,1953,-1,1953,1948,1947,-1,1945,1943,1949,-1,1953,1945,1949,-1,1942,1955,1943,-1,1955,1949,1943,-1,1938,1955,1942,-1,1956,1957,1958,-1,1956,1959,1957,-1,1960,1961,1962,-1,1963,1964,1960,-1,1960,1962,1963,-1,1962,1961,1965,-1,1961,1957,1965,-1,1965,1957,1959,-1,1964,1966,1967,-1,1964,1963,1966,-1,1966,1968,1967,-1,1966,1969,1968,-1,1968,1960,1964,-1,1958,1957,1961,-1,1968,1958,1960,-1,1961,1960,1958,-1,1964,1967,1968,-1,1956,1965,1959,-1,1962,1969,1963,-1,1965,1956,1962,-1,1966,1963,1969,-1,1969,1962,1956,-1,1970,1971,1972,-1,1973,1974,1975,-1,1976,1977,1978,-1,1979,1973,1975,-1,1976,1978,1974,-1,1975,1974,1978,-1,1970,1972,1977,-1,1976,1970,1977,-1,1973,1980,1981,-1,1973,1979,1980,-1,1980,1982,1981,-1,1980,1983,1982,-1,1984,1985,1982,-1,1982,1983,1984,-1,1984,1986,1985,-1,1984,1987,1986,-1,1987,1988,1986,-1,1987,1989,1988,-1,1990,1991,1992,-1,1990,1993,1994,-1,1994,1991,1990,-1,1995,1993,1996,-1,1993,1995,1994,-1,1997,1998,1996,-1,1995,1996,1998,-1,1999,1998,1997,-1,2000,1992,1991,-1,2001,2002,2000,-1,1992,2000,2002,-1,2001,2003,2004,-1,2004,2002,2001,-1,2005,2003,1988,-1,2003,2005,2004,-1,2005,1988,1989,-1,1997,2006,1999,-1,1997,2007,2006,-1,2008,2006,2007,-1,2009,2010,2011,-1,2012,2013,2010,-1,2008,2013,2012,-1,2009,2012,2010,-1,2007,2013,2008,-1,1972,1971,2014,-1,2014,2015,1972,-1,1986,1973,1985,-1,2001,2000,1974,-1,1999,1976,1998,-1,2008,2014,2006,-1,1986,1988,1973,-1,2003,2001,1974,-1,1973,1982,1985,-1,1982,1973,1981,-1,1988,1974,1973,-1,2003,1974,1988,-1,1994,1974,1991,-1,1974,2000,1991,-1,1994,1995,1976,-1,1976,1974,1994,-1,1970,1976,1999,-1,1998,1976,1995,-1,1999,1971,1970,-1,1999,2006,1971,-1,2008,2012,2014,-1,2006,2014,1971,-1,2014,2012,2009,-1,2007,1997,1972,-1,1979,1984,1983,-1,2007,2015,2013,-1,1979,1983,1980,-1,1984,1979,1987,-1,1987,1979,1989,-1,1975,2004,2005,-1,2002,2004,1975,-1,1992,1975,1990,-1,1992,2002,1975,-1,1978,1993,1990,-1,1990,1975,1978,-1,1997,1996,1978,-1,1997,1978,1977,-1,1972,2015,2007,-1,2010,2013,2015,-1,2011,2010,2015,-1,1997,1977,1972,-1,1978,1996,1993,-1,1975,2005,1989,-1,1979,1975,1989,-1,2016,2017,2018,-1,2016,2019,2017,-1,2020,2016,2018,-1,2021,2022,2023,-1,2022,2020,2018,-1,2021,2020,2022,-1,2023,2024,2021,-1,2023,2025,2024,-1,2026,2027,2028,-1,2029,2030,2028,-1,2026,2028,2030,-1,2031,2030,2029,-1,2032,2027,2026,-1,2033,2032,2024,-1,2032,2033,2027,-1,2033,2024,2025,-1,2034,2031,2029,-1,2029,2035,2034,-1,2034,2019,2016,-1,2030,2032,2026,-1,2031,2032,2030,-1,2032,2031,2024,-1,2024,2031,2021,-1,2020,2021,2034,-1,2031,2034,2021,-1,2034,2016,2020,-1,2035,2018,2017,-1,2029,2028,2033,-1,2033,2028,2027,-1,2025,2023,2029,-1,2033,2025,2029,-1,2022,2035,2023,-1,2035,2029,2023,-1,2018,2035,2022,-1,2036,2037,2038,-1,2036,2039,2037,-1,2040,2041,2042,-1,2043,2044,2040,-1,2040,2042,2043,-1,2042,2041,2045,-1,2041,2037,2045,-1,2045,2037,2039,-1,2044,2046,2047,-1,2044,2043,2046,-1,2046,2048,2047,-1,2046,2049,2048,-1,2048,2040,2044,-1,2038,2037,2041,-1,2048,2038,2040,-1,2041,2040,2038,-1,2044,2047,2048,-1,2036,2045,2039,-1,2042,2049,2043,-1,2045,2036,2042,-1,2046,2043,2049,-1,2049,2042,2036,-1,2050,2051,2052,-1,2053,2054,2055,-1,2056,2057,2058,-1,2059,2053,2055,-1,2056,2058,2054,-1,2055,2054,2058,-1,2050,2052,2057,-1,2056,2050,2057,-1,2053,2060,2061,-1,2053,2059,2060,-1,2060,2062,2061,-1,2060,2063,2062,-1,2064,2065,2062,-1,2062,2063,2064,-1,2064,2066,2065,-1,2064,2067,2066,-1,2067,2068,2066,-1,2067,2069,2068,-1,2070,2071,2072,-1,2070,2073,2074,-1,2074,2071,2070,-1,2075,2073,2076,-1,2073,2075,2074,-1,2077,2078,2076,-1,2075,2076,2078,-1,2079,2078,2077,-1,2080,2072,2071,-1,2081,2082,2080,-1,2072,2080,2082,-1,2081,2083,2084,-1,2084,2082,2081,-1,2085,2083,2068,-1,2083,2085,2084,-1,2085,2068,2069,-1,2077,2086,2079,-1,2077,2087,2086,-1,2088,2086,2087,-1,2089,2090,2091,-1,2092,2093,2090,-1,2088,2093,2092,-1,2089,2092,2090,-1,2087,2093,2088,-1,2052,2051,2094,-1,2094,2095,2052,-1,2066,2053,2065,-1,2081,2080,2054,-1,2079,2056,2078,-1,2088,2094,2086,-1,2066,2068,2053,-1,2083,2081,2054,-1,2053,2062,2065,-1,2062,2053,2061,-1,2068,2054,2053,-1,2083,2054,2068,-1,2074,2054,2071,-1,2054,2080,2071,-1,2074,2075,2056,-1,2056,2054,2074,-1,2050,2056,2079,-1,2078,2056,2075,-1,2079,2051,2050,-1,2079,2086,2051,-1,2088,2092,2094,-1,2086,2094,2051,-1,2094,2092,2089,-1,2087,2077,2052,-1,2059,2064,2063,-1,2087,2095,2093,-1,2059,2063,2060,-1,2064,2059,2067,-1,2067,2059,2069,-1,2055,2084,2085,-1,2082,2084,2055,-1,2072,2055,2070,-1,2072,2082,2055,-1,2058,2073,2070,-1,2070,2055,2058,-1,2077,2076,2058,-1,2077,2058,2057,-1,2052,2095,2087,-1,2090,2093,2095,-1,2091,2090,2095,-1,2077,2057,2052,-1,2058,2076,2073,-1,2055,2085,2069,-1,2059,2055,2069,-1,2096,2097,2098,-1,2096,2099,2097,-1,2100,2096,2098,-1,2101,2102,2103,-1,2102,2100,2098,-1,2101,2100,2102,-1,2103,2104,2101,-1,2103,2105,2104,-1,2106,2107,2108,-1,2109,2110,2108,-1,2106,2108,2110,-1,2111,2110,2109,-1,2112,2107,2106,-1,2113,2112,2104,-1,2112,2113,2107,-1,2113,2104,2105,-1,2114,2111,2109,-1,2109,2115,2114,-1,2114,2099,2096,-1,2110,2112,2106,-1,2111,2112,2110,-1,2112,2111,2104,-1,2104,2111,2101,-1,2100,2101,2114,-1,2111,2114,2101,-1,2114,2096,2100,-1,2115,2098,2097,-1,2109,2108,2113,-1,2113,2108,2107,-1,2105,2103,2109,-1,2113,2105,2109,-1,2102,2115,2103,-1,2115,2109,2103,-1,2098,2115,2102,-1,2116,2117,2118,-1,2116,2119,2117,-1,2120,2121,2122,-1,2123,2124,2120,-1,2120,2122,2123,-1,2122,2121,2125,-1,2121,2117,2125,-1,2125,2117,2119,-1,2124,2126,2127,-1,2124,2123,2126,-1,2126,2128,2127,-1,2126,2129,2128,-1,2128,2120,2124,-1,2118,2117,2121,-1,2128,2118,2120,-1,2121,2120,2118,-1,2124,2127,2128,-1,2116,2125,2119,-1,2122,2129,2123,-1,2125,2116,2122,-1,2126,2123,2129,-1,2129,2122,2116,-1,2130,2131,2132,-1,2133,2134,2135,-1,2136,2137,2138,-1,2139,2133,2135,-1,2136,2138,2134,-1,2135,2134,2138,-1,2130,2132,2137,-1,2136,2130,2137,-1,2133,2140,2141,-1,2133,2139,2140,-1,2140,2142,2141,-1,2140,2143,2142,-1,2144,2145,2142,-1,2142,2143,2144,-1,2144,2146,2145,-1,2144,2147,2146,-1,2147,2148,2146,-1,2147,2149,2148,-1,2150,2151,2152,-1,2150,2153,2154,-1,2154,2151,2150,-1,2155,2153,2156,-1,2153,2155,2154,-1,2157,2158,2156,-1,2155,2156,2158,-1,2159,2158,2157,-1,2160,2152,2151,-1,2161,2162,2160,-1,2152,2160,2162,-1,2161,2163,2164,-1,2164,2162,2161,-1,2165,2163,2148,-1,2163,2165,2164,-1,2165,2148,2149,-1,2157,2166,2159,-1,2157,2167,2166,-1,2168,2166,2167,-1,2169,2170,2171,-1,2172,2173,2170,-1,2168,2173,2172,-1,2169,2172,2170,-1,2167,2173,2168,-1,2132,2131,2174,-1,2174,2175,2132,-1,2146,2133,2145,-1,2161,2160,2134,-1,2159,2136,2158,-1,2168,2174,2166,-1,2146,2148,2133,-1,2163,2161,2134,-1,2133,2142,2145,-1,2142,2133,2141,-1,2148,2134,2133,-1,2163,2134,2148,-1,2154,2134,2151,-1,2134,2160,2151,-1,2154,2155,2136,-1,2136,2134,2154,-1,2130,2136,2159,-1,2158,2136,2155,-1,2159,2131,2130,-1,2159,2166,2131,-1,2168,2172,2174,-1,2166,2174,2131,-1,2174,2172,2169,-1,2167,2157,2132,-1,2139,2144,2143,-1,2167,2175,2173,-1,2139,2143,2140,-1,2144,2139,2147,-1,2147,2139,2149,-1,2135,2164,2165,-1,2162,2164,2135,-1,2152,2135,2150,-1,2152,2162,2135,-1,2138,2153,2150,-1,2150,2135,2138,-1,2157,2156,2138,-1,2157,2138,2137,-1,2132,2175,2167,-1,2170,2173,2175,-1,2171,2170,2175,-1,2157,2137,2132,-1,2138,2156,2153,-1,2135,2165,2149,-1,2139,2135,2149,-1,2176,2177,2178,-1,2176,2179,2177,-1,2180,2176,2178,-1,2181,2182,2183,-1,2182,2180,2178,-1,2181,2180,2182,-1,2183,2184,2181,-1,2183,2185,2184,-1,2186,2187,2188,-1,2189,2190,2188,-1,2186,2188,2190,-1,2191,2190,2189,-1,2192,2187,2186,-1,2193,2192,2184,-1,2192,2193,2187,-1,2193,2184,2185,-1,2194,2191,2189,-1,2189,2195,2194,-1,2194,2179,2176,-1,2190,2192,2186,-1,2191,2192,2190,-1,2192,2191,2184,-1,2184,2191,2181,-1,2180,2181,2194,-1,2191,2194,2181,-1,2194,2176,2180,-1,2195,2178,2177,-1,2189,2188,2193,-1,2193,2188,2187,-1,2185,2183,2189,-1,2193,2185,2189,-1,2182,2195,2183,-1,2195,2189,2183,-1,2178,2195,2182,-1,2196,2197,2198,-1,2196,2199,2197,-1,2200,2201,2202,-1,2203,2204,2200,-1,2200,2202,2203,-1,2202,2201,2205,-1,2201,2197,2205,-1,2205,2197,2199,-1,2204,2206,2207,-1,2204,2203,2206,-1,2206,2208,2207,-1,2206,2209,2208,-1,2208,2200,2204,-1,2198,2197,2201,-1,2208,2198,2200,-1,2201,2200,2198,-1,2204,2207,2208,-1,2196,2205,2199,-1,2202,2209,2203,-1,2205,2196,2202,-1,2206,2203,2209,-1,2209,2202,2196,-1,2210,2211,2212,-1,2213,2214,2215,-1,2216,2217,2218,-1,2219,2213,2215,-1,2216,2218,2214,-1,2215,2214,2218,-1,2210,2212,2217,-1,2216,2210,2217,-1,2213,2220,2221,-1,2213,2219,2220,-1,2220,2222,2221,-1,2220,2223,2222,-1,2224,2225,2222,-1,2222,2223,2224,-1,2224,2226,2225,-1,2224,2227,2226,-1,2227,2228,2226,-1,2227,2229,2228,-1,2230,2231,2232,-1,2230,2233,2234,-1,2234,2231,2230,-1,2235,2233,2236,-1,2233,2235,2234,-1,2237,2238,2236,-1,2235,2236,2238,-1,2239,2238,2237,-1,2240,2232,2231,-1,2241,2242,2240,-1,2232,2240,2242,-1,2241,2243,2244,-1,2244,2242,2241,-1,2245,2243,2228,-1,2243,2245,2244,-1,2245,2228,2229,-1,2237,2246,2239,-1,2237,2247,2246,-1,2248,2246,2247,-1,2249,2250,2251,-1,2252,2253,2250,-1,2248,2253,2252,-1,2249,2252,2250,-1,2247,2253,2248,-1,2212,2211,2254,-1,2254,2255,2212,-1,2226,2213,2225,-1,2241,2240,2214,-1,2239,2216,2238,-1,2248,2254,2246,-1,2226,2228,2213,-1,2243,2241,2214,-1,2213,2222,2225,-1,2222,2213,2221,-1,2228,2214,2213,-1,2243,2214,2228,-1,2234,2214,2231,-1,2214,2240,2231,-1,2234,2235,2216,-1,2216,2214,2234,-1,2210,2216,2239,-1,2238,2216,2235,-1,2239,2211,2210,-1,2239,2246,2211,-1,2248,2252,2254,-1,2246,2254,2211,-1,2254,2252,2249,-1,2247,2237,2212,-1,2219,2224,2223,-1,2247,2255,2253,-1,2219,2223,2220,-1,2224,2219,2227,-1,2227,2219,2229,-1,2215,2244,2245,-1,2242,2244,2215,-1,2232,2215,2230,-1,2232,2242,2215,-1,2218,2233,2230,-1,2230,2215,2218,-1,2237,2236,2218,-1,2237,2218,2217,-1,2212,2255,2247,-1,2250,2253,2255,-1,2251,2250,2255,-1,2237,2217,2212,-1,2218,2236,2233,-1,2215,2245,2229,-1,2219,2215,2229,-1,2256,2257,2258,-1,2256,2259,2257,-1,2260,2256,2258,-1,2261,2262,2263,-1,2262,2260,2258,-1,2261,2260,2262,-1,2263,2264,2261,-1,2263,2265,2264,-1,2266,2267,2268,-1,2269,2270,2268,-1,2266,2268,2270,-1,2271,2270,2269,-1,2272,2267,2266,-1,2273,2272,2264,-1,2272,2273,2267,-1,2273,2264,2265,-1,2274,2271,2269,-1,2269,2275,2274,-1,2274,2259,2256,-1,2270,2272,2266,-1,2271,2272,2270,-1,2272,2271,2264,-1,2264,2271,2261,-1,2260,2261,2274,-1,2271,2274,2261,-1,2274,2256,2260,-1,2275,2258,2257,-1,2269,2268,2273,-1,2273,2268,2267,-1,2265,2263,2269,-1,2273,2265,2269,-1,2262,2275,2263,-1,2275,2269,2263,-1,2258,2275,2262,-1,2276,2277,2278,-1,2276,2279,2277,-1,2280,2281,2282,-1,2283,2284,2280,-1,2280,2282,2283,-1,2282,2281,2285,-1,2281,2277,2285,-1,2285,2277,2279,-1,2284,2286,2287,-1,2284,2283,2286,-1,2286,2288,2287,-1,2286,2289,2288,-1,2288,2280,2284,-1,2278,2277,2281,-1,2288,2278,2280,-1,2281,2280,2278,-1,2284,2287,2288,-1,2276,2285,2279,-1,2282,2289,2283,-1,2285,2276,2282,-1,2286,2283,2289,-1,2289,2282,2276,-1,2290,2291,2292,-1,2293,2294,2295,-1,2296,2297,2298,-1,2299,2293,2295,-1,2296,2298,2294,-1,2295,2294,2298,-1,2290,2292,2297,-1,2296,2290,2297,-1,2293,2300,2301,-1,2293,2299,2300,-1,2300,2302,2301,-1,2300,2303,2302,-1,2304,2305,2302,-1,2302,2303,2304,-1,2304,2306,2305,-1,2304,2307,2306,-1,2307,2308,2306,-1,2307,2309,2308,-1,2310,2311,2312,-1,2310,2313,2314,-1,2314,2311,2310,-1,2315,2313,2316,-1,2313,2315,2314,-1,2317,2318,2316,-1,2315,2316,2318,-1,2319,2318,2317,-1,2320,2312,2311,-1,2321,2322,2320,-1,2312,2320,2322,-1,2321,2323,2324,-1,2324,2322,2321,-1,2325,2323,2308,-1,2323,2325,2324,-1,2325,2308,2309,-1,2317,2326,2319,-1,2317,2327,2326,-1,2328,2326,2327,-1,2329,2330,2331,-1,2332,2333,2330,-1,2328,2333,2332,-1,2329,2332,2330,-1,2327,2333,2328,-1,2292,2291,2334,-1,2334,2335,2292,-1,2306,2293,2305,-1,2321,2320,2294,-1,2319,2296,2318,-1,2328,2334,2326,-1,2306,2308,2293,-1,2323,2321,2294,-1,2293,2302,2305,-1,2302,2293,2301,-1,2308,2294,2293,-1,2323,2294,2308,-1,2314,2294,2311,-1,2294,2320,2311,-1,2314,2315,2296,-1,2296,2294,2314,-1,2290,2296,2319,-1,2318,2296,2315,-1,2319,2291,2290,-1,2319,2326,2291,-1,2328,2332,2334,-1,2326,2334,2291,-1,2334,2332,2329,-1,2327,2317,2292,-1,2299,2304,2303,-1,2327,2335,2333,-1,2299,2303,2300,-1,2304,2299,2307,-1,2307,2299,2309,-1,2295,2324,2325,-1,2322,2324,2295,-1,2312,2295,2310,-1,2312,2322,2295,-1,2298,2313,2310,-1,2310,2295,2298,-1,2317,2316,2298,-1,2317,2298,2297,-1,2292,2335,2327,-1,2330,2333,2335,-1,2331,2330,2335,-1,2317,2297,2292,-1,2298,2316,2313,-1,2295,2325,2309,-1,2299,2295,2309,-1,2336,2337,2338,-1,2336,2339,2337,-1,2340,2336,2338,-1,2341,2342,2343,-1,2342,2340,2338,-1,2341,2340,2342,-1,2343,2344,2341,-1,2343,2345,2344,-1,2346,2347,2348,-1,2349,2350,2348,-1,2346,2348,2350,-1,2351,2350,2349,-1,2352,2347,2346,-1,2353,2352,2344,-1,2352,2353,2347,-1,2353,2344,2345,-1,2354,2351,2349,-1,2349,2355,2354,-1,2354,2339,2336,-1,2350,2352,2346,-1,2351,2352,2350,-1,2352,2351,2344,-1,2344,2351,2341,-1,2340,2341,2354,-1,2351,2354,2341,-1,2354,2336,2340,-1,2355,2338,2337,-1,2349,2348,2353,-1,2353,2348,2347,-1,2345,2343,2349,-1,2353,2345,2349,-1,2342,2355,2343,-1,2355,2349,2343,-1,2338,2355,2342,-1,2356,2357,2358,-1,2356,2359,2357,-1,2360,2361,2362,-1,2363,2364,2360,-1,2360,2362,2363,-1,2362,2361,2365,-1,2361,2357,2365,-1,2365,2357,2359,-1,2364,2366,2367,-1,2364,2363,2366,-1,2366,2368,2367,-1,2366,2369,2368,-1,2368,2360,2364,-1,2358,2357,2361,-1,2368,2358,2360,-1,2361,2360,2358,-1,2364,2367,2368,-1,2356,2365,2359,-1,2362,2369,2363,-1,2365,2356,2362,-1,2366,2363,2369,-1,2369,2362,2356,-1,2370,2371,2372,-1,2373,2374,2375,-1,2376,2377,2378,-1,2379,2373,2375,-1,2376,2378,2374,-1,2375,2374,2378,-1,2370,2372,2377,-1,2376,2370,2377,-1,2373,2380,2381,-1,2373,2379,2380,-1,2380,2382,2381,-1,2380,2383,2382,-1,2384,2385,2382,-1,2382,2383,2384,-1,2384,2386,2385,-1,2384,2387,2386,-1,2387,2388,2386,-1,2387,2389,2388,-1,2390,2391,2392,-1,2390,2393,2394,-1,2394,2391,2390,-1,2395,2393,2396,-1,2393,2395,2394,-1,2397,2398,2396,-1,2395,2396,2398,-1,2399,2398,2397,-1,2400,2392,2391,-1,2401,2402,2400,-1,2392,2400,2402,-1,2401,2403,2404,-1,2404,2402,2401,-1,2405,2403,2388,-1,2403,2405,2404,-1,2405,2388,2389,-1,2397,2406,2399,-1,2397,2407,2406,-1,2408,2406,2407,-1,2409,2410,2411,-1,2412,2413,2410,-1,2408,2413,2412,-1,2409,2412,2410,-1,2407,2413,2408,-1,2372,2371,2414,-1,2414,2415,2372,-1,2386,2373,2385,-1,2401,2400,2374,-1,2399,2376,2398,-1,2408,2414,2406,-1,2386,2388,2373,-1,2403,2401,2374,-1,2373,2382,2385,-1,2382,2373,2381,-1,2388,2374,2373,-1,2403,2374,2388,-1,2394,2374,2391,-1,2374,2400,2391,-1,2394,2395,2376,-1,2376,2374,2394,-1,2370,2376,2399,-1,2398,2376,2395,-1,2399,2371,2370,-1,2399,2406,2371,-1,2408,2412,2414,-1,2406,2414,2371,-1,2414,2412,2409,-1,2407,2397,2372,-1,2379,2384,2383,-1,2407,2415,2413,-1,2379,2383,2380,-1,2384,2379,2387,-1,2387,2379,2389,-1,2375,2404,2405,-1,2402,2404,2375,-1,2392,2375,2390,-1,2392,2402,2375,-1,2378,2393,2390,-1,2390,2375,2378,-1,2397,2396,2378,-1,2397,2378,2377,-1,2372,2415,2407,-1,2410,2413,2415,-1,2411,2410,2415,-1,2397,2377,2372,-1,2378,2396,2393,-1,2375,2405,2389,-1,2379,2375,2389,-1,2416,2417,2418,-1,2416,2419,2417,-1,2420,2416,2418,-1,2421,2422,2423,-1,2422,2420,2418,-1,2421,2420,2422,-1,2423,2424,2421,-1,2423,2425,2424,-1,2426,2427,2428,-1,2429,2430,2428,-1,2426,2428,2430,-1,2431,2430,2429,-1,2432,2427,2426,-1,2433,2432,2424,-1,2432,2433,2427,-1,2433,2424,2425,-1,2434,2431,2429,-1,2429,2435,2434,-1,2434,2419,2416,-1,2430,2432,2426,-1,2431,2432,2430,-1,2432,2431,2424,-1,2424,2431,2421,-1,2420,2421,2434,-1,2431,2434,2421,-1,2434,2416,2420,-1,2435,2418,2417,-1,2429,2428,2433,-1,2433,2428,2427,-1,2425,2423,2429,-1,2433,2425,2429,-1,2422,2435,2423,-1,2435,2429,2423,-1,2418,2435,2422,-1,2436,2437,2438,-1,2436,2439,2437,-1,2440,2441,2442,-1,2443,2444,2440,-1,2440,2442,2443,-1,2442,2441,2445,-1,2441,2437,2445,-1,2445,2437,2439,-1,2444,2446,2447,-1,2444,2443,2446,-1,2446,2448,2447,-1,2446,2449,2448,-1,2448,2440,2444,-1,2438,2437,2441,-1,2448,2438,2440,-1,2441,2440,2438,-1,2444,2447,2448,-1,2436,2445,2439,-1,2442,2449,2443,-1,2445,2436,2442,-1,2446,2443,2449,-1,2449,2442,2436,-1,2450,2451,2452,-1,2453,2454,2455,-1,2456,2457,2458,-1,2459,2453,2455,-1,2456,2458,2454,-1,2455,2454,2458,-1,2450,2452,2457,-1,2456,2450,2457,-1,2453,2460,2461,-1,2453,2459,2460,-1,2460,2462,2461,-1,2460,2463,2462,-1,2464,2465,2462,-1,2462,2463,2464,-1,2464,2466,2465,-1,2464,2467,2466,-1,2467,2468,2466,-1,2467,2469,2468,-1,2470,2471,2472,-1,2470,2473,2474,-1,2474,2471,2470,-1,2475,2473,2476,-1,2473,2475,2474,-1,2477,2478,2476,-1,2475,2476,2478,-1,2479,2478,2477,-1,2480,2472,2471,-1,2481,2482,2480,-1,2472,2480,2482,-1,2481,2483,2484,-1,2484,2482,2481,-1,2485,2483,2468,-1,2483,2485,2484,-1,2485,2468,2469,-1,2477,2486,2479,-1,2477,2487,2486,-1,2488,2486,2487,-1,2489,2490,2491,-1,2492,2493,2490,-1,2488,2493,2492,-1,2489,2492,2490,-1,2487,2493,2488,-1,2452,2451,2494,-1,2494,2495,2452,-1,2466,2453,2465,-1,2481,2480,2454,-1,2479,2456,2478,-1,2488,2494,2486,-1,2466,2468,2453,-1,2483,2481,2454,-1,2453,2462,2465,-1,2462,2453,2461,-1,2468,2454,2453,-1,2483,2454,2468,-1,2474,2454,2471,-1,2454,2480,2471,-1,2474,2475,2456,-1,2456,2454,2474,-1,2450,2456,2479,-1,2478,2456,2475,-1,2479,2451,2450,-1,2479,2486,2451,-1,2488,2492,2494,-1,2486,2494,2451,-1,2494,2492,2489,-1,2487,2477,2452,-1,2459,2464,2463,-1,2487,2495,2493,-1,2459,2463,2460,-1,2464,2459,2467,-1,2467,2459,2469,-1,2455,2484,2485,-1,2482,2484,2455,-1,2472,2455,2470,-1,2472,2482,2455,-1,2458,2473,2470,-1,2470,2455,2458,-1,2477,2476,2458,-1,2477,2458,2457,-1,2452,2495,2487,-1,2490,2493,2495,-1,2491,2490,2495,-1,2477,2457,2452,-1,2458,2476,2473,-1,2455,2485,2469,-1,2459,2455,2469,-1,2496,2497,2498,-1,2496,2499,2497,-1,2500,2496,2498,-1,2501,2502,2503,-1,2502,2500,2498,-1,2501,2500,2502,-1,2503,2504,2501,-1,2503,2505,2504,-1,2506,2507,2508,-1,2509,2510,2508,-1,2506,2508,2510,-1,2511,2510,2509,-1,2512,2507,2506,-1,2513,2512,2504,-1,2512,2513,2507,-1,2513,2504,2505,-1,2514,2511,2509,-1,2509,2515,2514,-1,2514,2499,2496,-1,2510,2512,2506,-1,2511,2512,2510,-1,2512,2511,2504,-1,2504,2511,2501,-1,2500,2501,2514,-1,2511,2514,2501,-1,2514,2496,2500,-1,2515,2498,2497,-1,2509,2508,2513,-1,2513,2508,2507,-1,2505,2503,2509,-1,2513,2505,2509,-1,2502,2515,2503,-1,2515,2509,2503,-1,2498,2515,2502,-1,2516,2517,2518,-1,2516,2519,2517,-1,2520,2521,2522,-1,2523,2524,2520,-1,2520,2522,2523,-1,2522,2521,2525,-1,2521,2517,2525,-1,2525,2517,2519,-1,2524,2526,2527,-1,2524,2523,2526,-1,2526,2528,2527,-1,2526,2529,2528,-1,2528,2520,2524,-1,2518,2517,2521,-1,2528,2518,2520,-1,2521,2520,2518,-1,2524,2527,2528,-1,2516,2525,2519,-1,2522,2529,2523,-1,2525,2516,2522,-1,2526,2523,2529,-1,2529,2522,2516,-1,2530,2531,2532,-1,2533,2534,2535,-1,2536,2537,2538,-1,2539,2533,2535,-1,2536,2538,2534,-1,2535,2534,2538,-1,2530,2532,2537,-1,2536,2530,2537,-1,2533,2540,2541,-1,2533,2539,2540,-1,2540,2542,2541,-1,2540,2543,2542,-1,2544,2545,2542,-1,2542,2543,2544,-1,2544,2546,2545,-1,2544,2547,2546,-1,2547,2548,2546,-1,2547,2549,2548,-1,2550,2551,2552,-1,2550,2553,2554,-1,2554,2551,2550,-1,2555,2553,2556,-1,2553,2555,2554,-1,2557,2558,2556,-1,2555,2556,2558,-1,2559,2558,2557,-1,2560,2552,2551,-1,2561,2562,2560,-1,2552,2560,2562,-1,2561,2563,2564,-1,2564,2562,2561,-1,2565,2563,2548,-1,2563,2565,2564,-1,2565,2548,2549,-1,2557,2566,2559,-1,2557,2567,2566,-1,2568,2566,2567,-1,2569,2570,2571,-1,2572,2573,2570,-1,2568,2573,2572,-1,2569,2572,2570,-1,2567,2573,2568,-1,2532,2531,2574,-1,2574,2575,2532,-1,2546,2533,2545,-1,2561,2560,2534,-1,2559,2536,2558,-1,2568,2574,2566,-1,2546,2548,2533,-1,2563,2561,2534,-1,2533,2542,2545,-1,2542,2533,2541,-1,2548,2534,2533,-1,2563,2534,2548,-1,2554,2534,2551,-1,2534,2560,2551,-1,2554,2555,2536,-1,2536,2534,2554,-1,2530,2536,2559,-1,2558,2536,2555,-1,2559,2531,2530,-1,2559,2566,2531,-1,2568,2572,2574,-1,2566,2574,2531,-1,2574,2572,2569,-1,2567,2557,2532,-1,2539,2544,2543,-1,2567,2575,2573,-1,2539,2543,2540,-1,2544,2539,2547,-1,2547,2539,2549,-1,2535,2564,2565,-1,2562,2564,2535,-1,2552,2535,2550,-1,2552,2562,2535,-1,2538,2553,2550,-1,2550,2535,2538,-1,2557,2556,2538,-1,2557,2538,2537,-1,2532,2575,2567,-1,2570,2573,2575,-1,2571,2570,2575,-1,2557,2537,2532,-1,2538,2556,2553,-1,2535,2565,2549,-1,2539,2535,2549,-1,2576,2577,2578,-1,2576,2579,2577,-1,2580,2576,2578,-1,2581,2582,2583,-1,2582,2580,2578,-1,2581,2580,2582,-1,2583,2584,2581,-1,2583,2585,2584,-1,2586,2587,2588,-1,2589,2590,2588,-1,2586,2588,2590,-1,2591,2590,2589,-1,2592,2587,2586,-1,2593,2592,2584,-1,2592,2593,2587,-1,2593,2584,2585,-1,2594,2591,2589,-1,2589,2595,2594,-1,2594,2579,2576,-1,2590,2592,2586,-1,2591,2592,2590,-1,2592,2591,2584,-1,2584,2591,2581,-1,2580,2581,2594,-1,2591,2594,2581,-1,2594,2576,2580,-1,2595,2578,2577,-1,2589,2588,2593,-1,2593,2588,2587,-1,2585,2583,2589,-1,2593,2585,2589,-1,2582,2595,2583,-1,2595,2589,2583,-1,2578,2595,2582,-1,2596,2597,2598,-1,2596,2599,2597,-1,2600,2601,2602,-1,2603,2604,2600,-1,2600,2602,2603,-1,2602,2601,2605,-1,2601,2597,2605,-1,2605,2597,2599,-1,2604,2606,2607,-1,2604,2603,2606,-1,2606,2608,2607,-1,2606,2609,2608,-1,2608,2600,2604,-1,2598,2597,2601,-1,2608,2598,2600,-1,2601,2600,2598,-1,2604,2607,2608,-1,2596,2605,2599,-1,2602,2609,2603,-1,2605,2596,2602,-1,2606,2603,2609,-1,2609,2602,2596,-1,2610,2611,2612,-1,2613,2614,2615,-1,2616,2617,2618,-1,2619,2613,2615,-1,2616,2618,2614,-1,2615,2614,2618,-1,2610,2612,2617,-1,2616,2610,2617,-1,2613,2620,2621,-1,2613,2619,2620,-1,2620,2622,2621,-1,2620,2623,2622,-1,2624,2625,2622,-1,2622,2623,2624,-1,2624,2626,2625,-1,2624,2627,2626,-1,2627,2628,2626,-1,2627,2629,2628,-1,2630,2631,2632,-1,2630,2633,2634,-1,2634,2631,2630,-1,2635,2633,2636,-1,2633,2635,2634,-1,2637,2638,2636,-1,2635,2636,2638,-1,2639,2638,2637,-1,2640,2632,2631,-1,2641,2642,2640,-1,2632,2640,2642,-1,2641,2643,2644,-1,2644,2642,2641,-1,2645,2643,2628,-1,2643,2645,2644,-1,2645,2628,2629,-1,2637,2646,2639,-1,2637,2647,2646,-1,2648,2646,2647,-1,2649,2650,2651,-1,2652,2653,2650,-1,2648,2653,2652,-1,2649,2652,2650,-1,2647,2653,2648,-1,2612,2611,2654,-1,2654,2655,2612,-1,2626,2613,2625,-1,2641,2640,2614,-1,2639,2616,2638,-1,2648,2654,2646,-1,2626,2628,2613,-1,2643,2641,2614,-1,2613,2622,2625,-1,2622,2613,2621,-1,2628,2614,2613,-1,2643,2614,2628,-1,2634,2614,2631,-1,2614,2640,2631,-1,2634,2635,2616,-1,2616,2614,2634,-1,2610,2616,2639,-1,2638,2616,2635,-1,2639,2611,2610,-1,2639,2646,2611,-1,2648,2652,2654,-1,2646,2654,2611,-1,2654,2652,2649,-1,2647,2637,2612,-1,2619,2624,2623,-1,2647,2655,2653,-1,2619,2623,2620,-1,2624,2619,2627,-1,2627,2619,2629,-1,2615,2644,2645,-1,2642,2644,2615,-1,2632,2615,2630,-1,2632,2642,2615,-1,2618,2633,2630,-1,2630,2615,2618,-1,2637,2636,2618,-1,2637,2618,2617,-1,2612,2655,2647,-1,2650,2653,2655,-1,2651,2650,2655,-1,2637,2617,2612,-1,2618,2636,2633,-1,2615,2645,2629,-1,2619,2615,2629,-1,2656,2657,2658,-1,2656,2659,2657,-1,2660,2656,2658,-1,2661,2662,2663,-1,2662,2660,2658,-1,2661,2660,2662,-1,2663,2664,2661,-1,2663,2665,2664,-1,2666,2667,2668,-1,2669,2670,2668,-1,2666,2668,2670,-1,2671,2670,2669,-1,2672,2667,2666,-1,2673,2672,2664,-1,2672,2673,2667,-1,2673,2664,2665,-1,2674,2671,2669,-1,2669,2675,2674,-1,2674,2659,2656,-1,2670,2672,2666,-1,2671,2672,2670,-1,2672,2671,2664,-1,2664,2671,2661,-1,2660,2661,2674,-1,2671,2674,2661,-1,2674,2656,2660,-1,2675,2658,2657,-1,2669,2668,2673,-1,2673,2668,2667,-1,2665,2663,2669,-1,2673,2665,2669,-1,2662,2675,2663,-1,2675,2669,2663,-1,2658,2675,2662,-1,2676,2677,2678,-1,2676,2679,2677,-1,2680,2681,2682,-1,2683,2684,2680,-1,2680,2682,2683,-1,2682,2681,2685,-1,2681,2677,2685,-1,2685,2677,2679,-1,2684,2686,2687,-1,2684,2683,2686,-1,2686,2688,2687,-1,2686,2689,2688,-1,2688,2680,2684,-1,2678,2677,2681,-1,2688,2678,2680,-1,2681,2680,2678,-1,2684,2687,2688,-1,2676,2685,2679,-1,2682,2689,2683,-1,2685,2676,2682,-1,2686,2683,2689,-1,2689,2682,2676,-1,2690,2691,2692,-1,2693,2694,2695,-1,2696,2697,2698,-1,2699,2693,2695,-1,2696,2698,2694,-1,2695,2694,2698,-1,2690,2692,2697,-1,2696,2690,2697,-1,2693,2700,2701,-1,2693,2699,2700,-1,2700,2702,2701,-1,2700,2703,2702,-1,2704,2705,2702,-1,2702,2703,2704,-1,2704,2706,2705,-1,2704,2707,2706,-1,2707,2708,2706,-1,2707,2709,2708,-1,2710,2711,2712,-1,2710,2713,2714,-1,2714,2711,2710,-1,2715,2713,2716,-1,2713,2715,2714,-1,2717,2718,2716,-1,2715,2716,2718,-1,2719,2718,2717,-1,2720,2712,2711,-1,2721,2722,2720,-1,2712,2720,2722,-1,2721,2723,2724,-1,2724,2722,2721,-1,2725,2723,2708,-1,2723,2725,2724,-1,2725,2708,2709,-1,2717,2726,2719,-1,2717,2727,2726,-1,2728,2726,2727,-1,2729,2730,2731,-1,2732,2733,2730,-1,2728,2733,2732,-1,2729,2732,2730,-1,2727,2733,2728,-1,2692,2691,2734,-1,2734,2735,2692,-1,2706,2693,2705,-1,2721,2720,2694,-1,2719,2696,2718,-1,2728,2734,2726,-1,2706,2708,2693,-1,2723,2721,2694,-1,2693,2702,2705,-1,2702,2693,2701,-1,2708,2694,2693,-1,2723,2694,2708,-1,2714,2694,2711,-1,2694,2720,2711,-1,2714,2715,2696,-1,2696,2694,2714,-1,2690,2696,2719,-1,2718,2696,2715,-1,2719,2691,2690,-1,2719,2726,2691,-1,2728,2732,2734,-1,2726,2734,2691,-1,2734,2732,2729,-1,2727,2717,2692,-1,2699,2704,2703,-1,2727,2735,2733,-1,2699,2703,2700,-1,2704,2699,2707,-1,2707,2699,2709,-1,2695,2724,2725,-1,2722,2724,2695,-1,2712,2695,2710,-1,2712,2722,2695,-1,2698,2713,2710,-1,2710,2695,2698,-1,2717,2716,2698,-1,2717,2698,2697,-1,2692,2735,2727,-1,2730,2733,2735,-1,2731,2730,2735,-1,2717,2697,2692,-1,2698,2716,2713,-1,2695,2725,2709,-1,2699,2695,2709,-1,2736,2737,2738,-1,2736,2739,2737,-1,2740,2736,2738,-1,2741,2742,2743,-1,2742,2740,2738,-1,2741,2740,2742,-1,2743,2744,2741,-1,2743,2745,2744,-1,2746,2747,2748,-1,2749,2750,2748,-1,2746,2748,2750,-1,2751,2750,2749,-1,2752,2747,2746,-1,2753,2752,2744,-1,2752,2753,2747,-1,2753,2744,2745,-1,2754,2751,2749,-1,2749,2755,2754,-1,2754,2739,2736,-1,2750,2752,2746,-1,2751,2752,2750,-1,2752,2751,2744,-1,2744,2751,2741,-1,2740,2741,2754,-1,2751,2754,2741,-1,2754,2736,2740,-1,2755,2738,2737,-1,2749,2748,2753,-1,2753,2748,2747,-1,2745,2743,2749,-1,2753,2745,2749,-1,2742,2755,2743,-1,2755,2749,2743,-1,2738,2755,2742,-1,2756,2757,2758,-1,2756,2759,2757,-1,2760,2761,2762,-1,2763,2764,2760,-1,2760,2762,2763,-1,2762,2761,2765,-1,2761,2757,2765,-1,2765,2757,2759,-1,2764,2766,2767,-1,2764,2763,2766,-1,2766,2768,2767,-1,2766,2769,2768,-1,2768,2760,2764,-1,2758,2757,2761,-1,2768,2758,2760,-1,2761,2760,2758,-1,2764,2767,2768,-1,2756,2765,2759,-1,2762,2769,2763,-1,2765,2756,2762,-1,2766,2763,2769,-1,2769,2762,2756,-1,2770,2771,2772,-1,2773,2774,2775,-1,2776,2777,2778,-1,2779,2773,2775,-1,2776,2778,2774,-1,2775,2774,2778,-1,2770,2772,2777,-1,2776,2770,2777,-1,2773,2780,2781,-1,2773,2779,2780,-1,2780,2782,2781,-1,2780,2783,2782,-1,2784,2785,2782,-1,2782,2783,2784,-1,2784,2786,2785,-1,2784,2787,2786,-1,2787,2788,2786,-1,2787,2789,2788,-1,2790,2791,2792,-1,2790,2793,2794,-1,2794,2791,2790,-1,2795,2793,2796,-1,2793,2795,2794,-1,2797,2798,2796,-1,2795,2796,2798,-1,2799,2798,2797,-1,2800,2792,2791,-1,2801,2802,2800,-1,2792,2800,2802,-1,2801,2803,2804,-1,2804,2802,2801,-1,2805,2803,2788,-1,2803,2805,2804,-1,2805,2788,2789,-1,2797,2806,2799,-1,2797,2807,2806,-1,2808,2806,2807,-1,2809,2810,2811,-1,2812,2813,2810,-1,2808,2813,2812,-1,2809,2812,2810,-1,2807,2813,2808,-1,2772,2771,2814,-1,2814,2815,2772,-1,2786,2773,2785,-1,2801,2800,2774,-1,2799,2776,2798,-1,2808,2814,2806,-1,2786,2788,2773,-1,2803,2801,2774,-1,2773,2782,2785,-1,2782,2773,2781,-1,2788,2774,2773,-1,2803,2774,2788,-1,2794,2774,2791,-1,2774,2800,2791,-1,2794,2795,2776,-1,2776,2774,2794,-1,2770,2776,2799,-1,2798,2776,2795,-1,2799,2771,2770,-1,2799,2806,2771,-1,2808,2812,2814,-1,2806,2814,2771,-1,2814,2812,2809,-1,2807,2797,2772,-1,2779,2784,2783,-1,2807,2815,2813,-1,2779,2783,2780,-1,2784,2779,2787,-1,2787,2779,2789,-1,2775,2804,2805,-1,2802,2804,2775,-1,2792,2775,2790,-1,2792,2802,2775,-1,2778,2793,2790,-1,2790,2775,2778,-1,2797,2796,2778,-1,2797,2778,2777,-1,2772,2815,2807,-1,2810,2813,2815,-1,2811,2810,2815,-1,2797,2777,2772,-1,2778,2796,2793,-1,2775,2805,2789,-1,2779,2775,2789,-1,2816,2817,2818,-1,2816,2819,2817,-1,2820,2816,2818,-1,2821,2822,2823,-1,2822,2820,2818,-1,2821,2820,2822,-1,2823,2824,2821,-1,2823,2825,2824,-1,2826,2827,2828,-1,2829,2830,2828,-1,2826,2828,2830,-1,2831,2830,2829,-1,2832,2827,2826,-1,2833,2832,2824,-1,2832,2833,2827,-1,2833,2824,2825,-1,2834,2831,2829,-1,2829,2835,2834,-1,2834,2819,2816,-1,2830,2832,2826,-1,2831,2832,2830,-1,2832,2831,2824,-1,2824,2831,2821,-1,2820,2821,2834,-1,2831,2834,2821,-1,2834,2816,2820,-1,2835,2818,2817,-1,2829,2828,2833,-1,2833,2828,2827,-1,2825,2823,2829,-1,2833,2825,2829,-1,2822,2835,2823,-1,2835,2829,2823,-1,2818,2835,2822,-1,2836,2837,2838,-1,2836,2839,2837,-1,2840,2841,2842,-1,2843,2844,2840,-1,2840,2842,2843,-1,2842,2841,2845,-1,2841,2837,2845,-1,2845,2837,2839,-1,2844,2846,2847,-1,2844,2843,2846,-1,2846,2848,2847,-1,2846,2849,2848,-1,2848,2840,2844,-1,2838,2837,2841,-1,2848,2838,2840,-1,2841,2840,2838,-1,2844,2847,2848,-1,2836,2845,2839,-1,2842,2849,2843,-1,2845,2836,2842,-1,2846,2843,2849,-1,2849,2842,2836,-1,2850,2851,2852,-1,2853,2854,2855,-1,2856,2857,2858,-1,2859,2853,2855,-1,2856,2858,2854,-1,2855,2854,2858,-1,2850,2852,2857,-1,2856,2850,2857,-1,2853,2860,2861,-1,2853,2859,2860,-1,2860,2862,2861,-1,2860,2863,2862,-1,2864,2865,2862,-1,2862,2863,2864,-1,2864,2866,2865,-1,2864,2867,2866,-1,2867,2868,2866,-1,2867,2869,2868,-1,2870,2871,2872,-1,2870,2873,2874,-1,2874,2871,2870,-1,2875,2873,2876,-1,2873,2875,2874,-1,2877,2878,2876,-1,2875,2876,2878,-1,2879,2878,2877,-1,2880,2872,2871,-1,2881,2882,2880,-1,2872,2880,2882,-1,2881,2883,2884,-1,2884,2882,2881,-1,2885,2883,2868,-1,2883,2885,2884,-1,2885,2868,2869,-1,2877,2886,2879,-1,2877,2887,2886,-1,2888,2886,2887,-1,2889,2890,2891,-1,2892,2893,2890,-1,2888,2893,2892,-1,2889,2892,2890,-1,2887,2893,2888,-1,2852,2851,2894,-1,2894,2895,2852,-1,2866,2853,2865,-1,2881,2880,2854,-1,2879,2856,2878,-1,2888,2894,2886,-1,2866,2868,2853,-1,2883,2881,2854,-1,2853,2862,2865,-1,2862,2853,2861,-1,2868,2854,2853,-1,2883,2854,2868,-1,2874,2854,2871,-1,2854,2880,2871,-1,2874,2875,2856,-1,2856,2854,2874,-1,2850,2856,2879,-1,2878,2856,2875,-1,2879,2851,2850,-1,2879,2886,2851,-1,2888,2892,2894,-1,2886,2894,2851,-1,2894,2892,2889,-1,2887,2877,2852,-1,2859,2864,2863,-1,2887,2895,2893,-1,2859,2863,2860,-1,2864,2859,2867,-1,2867,2859,2869,-1,2855,2884,2885,-1,2882,2884,2855,-1,2872,2855,2870,-1,2872,2882,2855,-1,2858,2873,2870,-1,2870,2855,2858,-1,2877,2876,2858,-1,2877,2858,2857,-1,2852,2895,2887,-1,2890,2893,2895,-1,2891,2890,2895,-1,2877,2857,2852,-1,2858,2876,2873,-1,2855,2885,2869,-1,2859,2855,2869,-1,2896,2897,2898,-1,2896,2899,2897,-1,2900,2896,2898,-1,2901,2902,2903,-1,2902,2900,2898,-1,2901,2900,2902,-1,2903,2904,2901,-1,2903,2905,2904,-1,2906,2907,2908,-1,2909,2910,2908,-1,2906,2908,2910,-1,2911,2910,2909,-1,2912,2907,2906,-1,2913,2912,2904,-1,2912,2913,2907,-1,2913,2904,2905,-1,2914,2911,2909,-1,2909,2915,2914,-1,2914,2899,2896,-1,2910,2912,2906,-1,2911,2912,2910,-1,2912,2911,2904,-1,2904,2911,2901,-1,2900,2901,2914,-1,2911,2914,2901,-1,2914,2896,2900,-1,2915,2898,2897,-1,2909,2908,2913,-1,2913,2908,2907,-1,2905,2903,2909,-1,2913,2905,2909,-1,2902,2915,2903,-1,2915,2909,2903,-1,2898,2915,2902,-1,2916,2917,2918,-1,2916,2919,2917,-1,2920,2921,2922,-1,2923,2924,2920,-1,2920,2922,2923,-1,2922,2921,2925,-1,2921,2917,2925,-1,2925,2917,2919,-1,2924,2926,2927,-1,2924,2923,2926,-1,2926,2928,2927,-1,2926,2929,2928,-1,2928,2920,2924,-1,2918,2917,2921,-1,2928,2918,2920,-1,2921,2920,2918,-1,2924,2927,2928,-1,2916,2925,2919,-1,2922,2929,2923,-1,2925,2916,2922,-1,2926,2923,2929,-1,2929,2922,2916,-1,2930,2931,2932,-1,2933,2934,2935,-1,2936,2937,2938,-1,2939,2933,2935,-1,2936,2938,2934,-1,2935,2934,2938,-1,2930,2932,2937,-1,2936,2930,2937,-1,2933,2940,2941,-1,2933,2939,2940,-1,2940,2942,2941,-1,2940,2943,2942,-1,2944,2945,2942,-1,2942,2943,2944,-1,2944,2946,2945,-1,2944,2947,2946,-1,2947,2948,2946,-1,2947,2949,2948,-1,2950,2951,2952,-1,2950,2953,2954,-1,2954,2951,2950,-1,2955,2953,2956,-1,2953,2955,2954,-1,2957,2958,2956,-1,2955,2956,2958,-1,2959,2958,2957,-1,2960,2952,2951,-1,2961,2962,2960,-1,2952,2960,2962,-1,2961,2963,2964,-1,2964,2962,2961,-1,2965,2963,2948,-1,2963,2965,2964,-1,2965,2948,2949,-1,2957,2966,2959,-1,2957,2967,2966,-1,2968,2966,2967,-1,2969,2970,2971,-1,2972,2973,2970,-1,2968,2973,2972,-1,2969,2972,2970,-1,2967,2973,2968,-1,2932,2931,2974,-1,2974,2975,2932,-1,2946,2933,2945,-1,2961,2960,2934,-1,2959,2936,2958,-1,2968,2974,2966,-1,2946,2948,2933,-1,2963,2961,2934,-1,2933,2942,2945,-1,2942,2933,2941,-1,2948,2934,2933,-1,2963,2934,2948,-1,2954,2934,2951,-1,2934,2960,2951,-1,2954,2955,2936,-1,2936,2934,2954,-1,2930,2936,2959,-1,2958,2936,2955,-1,2959,2931,2930,-1,2959,2966,2931,-1,2968,2972,2974,-1,2966,2974,2931,-1,2974,2972,2969,-1,2967,2957,2932,-1,2939,2944,2943,-1,2967,2975,2973,-1,2939,2943,2940,-1,2944,2939,2947,-1,2947,2939,2949,-1,2935,2964,2965,-1,2962,2964,2935,-1,2952,2935,2950,-1,2952,2962,2935,-1,2938,2953,2950,-1,2950,2935,2938,-1,2957,2956,2938,-1,2957,2938,2937,-1,2932,2975,2967,-1,2970,2973,2975,-1,2971,2970,2975,-1,2957,2937,2932,-1,2938,2956,2953,-1,2935,2965,2949,-1,2939,2935,2949,-1,2976,2977,2978,-1,2976,2979,2977,-1,2980,2976,2978,-1,2981,2982,2983,-1,2982,2980,2978,-1,2981,2980,2982,-1,2983,2984,2981,-1,2983,2985,2984,-1,2986,2987,2988,-1,2989,2990,2988,-1,2986,2988,2990,-1,2991,2990,2989,-1,2992,2987,2986,-1,2993,2992,2984,-1,2992,2993,2987,-1,2993,2984,2985,-1,2994,2991,2989,-1,2989,2995,2994,-1,2994,2979,2976,-1,2990,2992,2986,-1,2991,2992,2990,-1,2992,2991,2984,-1,2984,2991,2981,-1,2980,2981,2994,-1,2991,2994,2981,-1,2994,2976,2980,-1,2995,2978,2977,-1,2989,2988,2993,-1,2993,2988,2987,-1,2985,2983,2989,-1,2993,2985,2989,-1,2982,2995,2983,-1,2995,2989,2983,-1,2978,2995,2982,-1,2996,2997,2998,-1,2996,2999,2997,-1,3000,3001,3002,-1,3003,3004,3000,-1,3000,3002,3003,-1,3002,3001,3005,-1,3001,2997,3005,-1,3005,2997,2999,-1,3004,3006,3007,-1,3004,3003,3006,-1,3006,3008,3007,-1,3006,3009,3008,-1,3008,3000,3004,-1,2998,2997,3001,-1,3008,2998,3000,-1,3001,3000,2998,-1,3004,3007,3008,-1,2996,3005,2999,-1,3002,3009,3003,-1,3005,2996,3002,-1,3006,3003,3009,-1,3009,3002,2996,-1,3010,3011,3012,-1,3013,3014,3015,-1,3016,3017,3018,-1,3019,3013,3015,-1,3016,3018,3014,-1,3015,3014,3018,-1,3010,3012,3017,-1,3016,3010,3017,-1,3013,3020,3021,-1,3013,3019,3020,-1,3020,3022,3021,-1,3020,3023,3022,-1,3024,3025,3022,-1,3022,3023,3024,-1,3024,3026,3025,-1,3024,3027,3026,-1,3027,3028,3026,-1,3027,3029,3028,-1,3030,3031,3032,-1,3030,3033,3034,-1,3034,3031,3030,-1,3035,3033,3036,-1,3033,3035,3034,-1,3037,3038,3036,-1,3035,3036,3038,-1,3039,3038,3037,-1,3040,3032,3031,-1,3041,3042,3040,-1,3032,3040,3042,-1,3041,3043,3044,-1,3044,3042,3041,-1,3045,3043,3028,-1,3043,3045,3044,-1,3045,3028,3029,-1,3037,3046,3039,-1,3037,3047,3046,-1,3048,3046,3047,-1,3049,3050,3051,-1,3052,3053,3050,-1,3048,3053,3052,-1,3049,3052,3050,-1,3047,3053,3048,-1,3012,3011,3054,-1,3054,3055,3012,-1,3026,3013,3025,-1,3041,3040,3014,-1,3039,3016,3038,-1,3048,3054,3046,-1,3026,3028,3013,-1,3043,3041,3014,-1,3013,3022,3025,-1,3022,3013,3021,-1,3028,3014,3013,-1,3043,3014,3028,-1,3034,3014,3031,-1,3014,3040,3031,-1,3034,3035,3016,-1,3016,3014,3034,-1,3010,3016,3039,-1,3038,3016,3035,-1,3039,3011,3010,-1,3039,3046,3011,-1,3048,3052,3054,-1,3046,3054,3011,-1,3054,3052,3049,-1,3047,3037,3012,-1,3019,3024,3023,-1,3047,3055,3053,-1,3019,3023,3020,-1,3024,3019,3027,-1,3027,3019,3029,-1,3015,3044,3045,-1,3042,3044,3015,-1,3032,3015,3030,-1,3032,3042,3015,-1,3018,3033,3030,-1,3030,3015,3018,-1,3037,3036,3018,-1,3037,3018,3017,-1,3012,3055,3047,-1,3050,3053,3055,-1,3051,3050,3055,-1,3037,3017,3012,-1,3018,3036,3033,-1,3015,3045,3029,-1,3019,3015,3029,-1,3056,3057,3058,-1,3056,3059,3057,-1,3060,3056,3058,-1,3061,3062,3063,-1,3062,3060,3058,-1,3061,3060,3062,-1,3063,3064,3061,-1,3063,3065,3064,-1,3066,3067,3068,-1,3069,3070,3068,-1,3066,3068,3070,-1,3071,3070,3069,-1,3072,3067,3066,-1,3073,3072,3064,-1,3072,3073,3067,-1,3073,3064,3065,-1,3074,3071,3069,-1,3069,3075,3074,-1,3074,3059,3056,-1,3070,3072,3066,-1,3071,3072,3070,-1,3072,3071,3064,-1,3064,3071,3061,-1,3060,3061,3074,-1,3071,3074,3061,-1,3074,3056,3060,-1,3075,3058,3057,-1,3069,3068,3073,-1,3073,3068,3067,-1,3065,3063,3069,-1,3073,3065,3069,-1,3062,3075,3063,-1,3075,3069,3063,-1,3058,3075,3062,-1,3076,3077,3078,-1,3076,3079,3077,-1,3080,3081,3082,-1,3083,3084,3080,-1,3080,3082,3083,-1,3082,3081,3085,-1,3081,3077,3085,-1,3085,3077,3079,-1,3084,3086,3087,-1,3084,3083,3086,-1,3086,3088,3087,-1,3086,3089,3088,-1,3088,3080,3084,-1,3078,3077,3081,-1,3088,3078,3080,-1,3081,3080,3078,-1,3084,3087,3088,-1,3076,3085,3079,-1,3082,3089,3083,-1,3085,3076,3082,-1,3086,3083,3089,-1,3089,3082,3076,-1,3090,3091,3092,-1,3093,3094,3095,-1,3096,3097,3098,-1,3099,3093,3095,-1,3096,3098,3094,-1,3095,3094,3098,-1,3090,3092,3097,-1,3096,3090,3097,-1,3093,3100,3101,-1,3093,3099,3100,-1,3100,3102,3101,-1,3100,3103,3102,-1,3104,3105,3102,-1,3102,3103,3104,-1,3104,3106,3105,-1,3104,3107,3106,-1,3107,3108,3106,-1,3107,3109,3108,-1,3110,3111,3112,-1,3110,3113,3114,-1,3114,3111,3110,-1,3115,3113,3116,-1,3113,3115,3114,-1,3117,3118,3116,-1,3115,3116,3118,-1,3119,3118,3117,-1,3120,3112,3111,-1,3121,3122,3120,-1,3112,3120,3122,-1,3121,3123,3124,-1,3124,3122,3121,-1,3125,3123,3108,-1,3123,3125,3124,-1,3125,3108,3109,-1,3117,3126,3119,-1,3117,3127,3126,-1,3128,3126,3127,-1,3129,3130,3131,-1,3132,3133,3130,-1,3128,3133,3132,-1,3129,3132,3130,-1,3127,3133,3128,-1,3092,3091,3134,-1,3134,3135,3092,-1,3106,3093,3105,-1,3121,3120,3094,-1,3119,3096,3118,-1,3128,3134,3126,-1,3106,3108,3093,-1,3123,3121,3094,-1,3093,3102,3105,-1,3102,3093,3101,-1,3108,3094,3093,-1,3123,3094,3108,-1,3114,3094,3111,-1,3094,3120,3111,-1,3114,3115,3096,-1,3096,3094,3114,-1,3090,3096,3119,-1,3118,3096,3115,-1,3119,3091,3090,-1,3119,3126,3091,-1,3128,3132,3134,-1,3126,3134,3091,-1,3134,3132,3129,-1,3127,3117,3092,-1,3099,3104,3103,-1,3127,3135,3133,-1,3099,3103,3100,-1,3104,3099,3107,-1,3107,3099,3109,-1,3095,3124,3125,-1,3122,3124,3095,-1,3112,3095,3110,-1,3112,3122,3095,-1,3098,3113,3110,-1,3110,3095,3098,-1,3117,3116,3098,-1,3117,3098,3097,-1,3092,3135,3127,-1,3130,3133,3135,-1,3131,3130,3135,-1,3117,3097,3092,-1,3098,3116,3113,-1,3095,3125,3109,-1,3099,3095,3109,-1,3136,3137,3138,-1,3136,3139,3137,-1,3140,3136,3138,-1,3141,3142,3143,-1,3142,3140,3138,-1,3141,3140,3142,-1,3143,3144,3141,-1,3143,3145,3144,-1,3146,3147,3148,-1,3149,3150,3148,-1,3146,3148,3150,-1,3151,3150,3149,-1,3152,3147,3146,-1,3153,3152,3144,-1,3152,3153,3147,-1,3153,3144,3145,-1,3154,3151,3149,-1,3149,3155,3154,-1,3154,3139,3136,-1,3150,3152,3146,-1,3151,3152,3150,-1,3152,3151,3144,-1,3144,3151,3141,-1,3140,3141,3154,-1,3151,3154,3141,-1,3154,3136,3140,-1,3155,3138,3137,-1,3149,3148,3153,-1,3153,3148,3147,-1,3145,3143,3149,-1,3153,3145,3149,-1,3142,3155,3143,-1,3155,3149,3143,-1,3138,3155,3142,-1,3156,3157,3158,-1,3156,3159,3157,-1,3160,3161,3162,-1,3163,3164,3160,-1,3160,3162,3163,-1,3162,3161,3165,-1,3161,3157,3165,-1,3165,3157,3159,-1,3164,3166,3167,-1,3164,3163,3166,-1,3166,3168,3167,-1,3166,3169,3168,-1,3168,3160,3164,-1,3158,3157,3161,-1,3168,3158,3160,-1,3161,3160,3158,-1,3164,3167,3168,-1,3156,3165,3159,-1,3162,3169,3163,-1,3165,3156,3162,-1,3166,3163,3169,-1,3169,3162,3156,-1,3170,3171,3172,-1,3173,3174,3175,-1,3176,3177,3178,-1,3179,3173,3175,-1,3176,3178,3174,-1,3175,3174,3178,-1,3170,3172,3177,-1,3176,3170,3177,-1,3173,3180,3181,-1,3173,3179,3180,-1,3180,3182,3181,-1,3180,3183,3182,-1,3184,3185,3182,-1,3182,3183,3184,-1,3184,3186,3185,-1,3184,3187,3186,-1,3187,3188,3186,-1,3187,3189,3188,-1,3190,3191,3192,-1,3190,3193,3194,-1,3194,3191,3190,-1,3195,3193,3196,-1,3193,3195,3194,-1,3197,3198,3196,-1,3195,3196,3198,-1,3199,3198,3197,-1,3200,3192,3191,-1,3201,3202,3200,-1,3192,3200,3202,-1,3201,3203,3204,-1,3204,3202,3201,-1,3205,3203,3188,-1,3203,3205,3204,-1,3205,3188,3189,-1,3197,3206,3199,-1,3197,3207,3206,-1,3208,3206,3207,-1,3209,3210,3211,-1,3212,3213,3210,-1,3208,3213,3212,-1,3209,3212,3210,-1,3207,3213,3208,-1,3172,3171,3214,-1,3214,3215,3172,-1,3186,3173,3185,-1,3201,3200,3174,-1,3199,3176,3198,-1,3208,3214,3206,-1,3186,3188,3173,-1,3203,3201,3174,-1,3173,3182,3185,-1,3182,3173,3181,-1,3188,3174,3173,-1,3203,3174,3188,-1,3194,3174,3191,-1,3174,3200,3191,-1,3194,3195,3176,-1,3176,3174,3194,-1,3170,3176,3199,-1,3198,3176,3195,-1,3199,3171,3170,-1,3199,3206,3171,-1,3208,3212,3214,-1,3206,3214,3171,-1,3214,3212,3209,-1,3207,3197,3172,-1,3179,3184,3183,-1,3207,3215,3213,-1,3179,3183,3180,-1,3184,3179,3187,-1,3187,3179,3189,-1,3175,3204,3205,-1,3202,3204,3175,-1,3192,3175,3190,-1,3192,3202,3175,-1,3178,3193,3190,-1,3190,3175,3178,-1,3197,3196,3178,-1,3197,3178,3177,-1,3172,3215,3207,-1,3210,3213,3215,-1,3211,3210,3215,-1,3197,3177,3172,-1,3178,3196,3193,-1,3175,3205,3189,-1,3179,3175,3189,-1,3216,3217,3218,-1,3216,3219,3217,-1,3220,3216,3218,-1,3221,3222,3223,-1,3222,3220,3218,-1,3221,3220,3222,-1,3223,3224,3221,-1,3223,3225,3224,-1,3226,3227,3228,-1,3229,3230,3228,-1,3226,3228,3230,-1,3231,3230,3229,-1,3232,3227,3226,-1,3233,3232,3224,-1,3232,3233,3227,-1,3233,3224,3225,-1,3234,3231,3229,-1,3229,3235,3234,-1,3234,3219,3216,-1,3230,3232,3226,-1,3231,3232,3230,-1,3232,3231,3224,-1,3224,3231,3221,-1,3220,3221,3234,-1,3231,3234,3221,-1,3234,3216,3220,-1,3235,3218,3217,-1,3229,3228,3233,-1,3233,3228,3227,-1,3225,3223,3229,-1,3233,3225,3229,-1,3222,3235,3223,-1,3235,3229,3223,-1,3218,3235,3222,-1,3236,3237,3238,-1,3236,3239,3237,-1,3240,3241,3242,-1,3243,3244,3240,-1,3240,3242,3243,-1,3242,3241,3245,-1,3241,3237,3245,-1,3245,3237,3239,-1,3244,3246,3247,-1,3244,3243,3246,-1,3246,3248,3247,-1,3246,3249,3248,-1,3248,3240,3244,-1,3238,3237,3241,-1,3248,3238,3240,-1,3241,3240,3238,-1,3244,3247,3248,-1,3236,3245,3239,-1,3242,3249,3243,-1,3245,3236,3242,-1,3246,3243,3249,-1,3249,3242,3236,-1,3250,3251,3252,-1,3253,3254,3255,-1,3256,3257,3258,-1,3259,3253,3255,-1,3256,3258,3254,-1,3255,3254,3258,-1,3250,3252,3257,-1,3256,3250,3257,-1,3253,3260,3261,-1,3253,3259,3260,-1,3260,3262,3261,-1,3260,3263,3262,-1,3264,3265,3262,-1,3262,3263,3264,-1,3264,3266,3265,-1,3264,3267,3266,-1,3267,3268,3266,-1,3267,3269,3268,-1,3270,3271,3272,-1,3270,3273,3274,-1,3274,3271,3270,-1,3275,3273,3276,-1,3273,3275,3274,-1,3277,3278,3276,-1,3275,3276,3278,-1,3279,3278,3277,-1,3280,3272,3271,-1,3281,3282,3280,-1,3272,3280,3282,-1,3281,3283,3284,-1,3284,3282,3281,-1,3285,3283,3268,-1,3283,3285,3284,-1,3285,3268,3269,-1,3277,3286,3279,-1,3277,3287,3286,-1,3288,3286,3287,-1,3289,3290,3291,-1,3292,3293,3290,-1,3288,3293,3292,-1,3289,3292,3290,-1,3287,3293,3288,-1,3252,3251,3294,-1,3294,3295,3252,-1,3266,3253,3265,-1,3281,3280,3254,-1,3279,3256,3278,-1,3288,3294,3286,-1,3266,3268,3253,-1,3283,3281,3254,-1,3253,3262,3265,-1,3262,3253,3261,-1,3268,3254,3253,-1,3283,3254,3268,-1,3274,3254,3271,-1,3254,3280,3271,-1,3274,3275,3256,-1,3256,3254,3274,-1,3250,3256,3279,-1,3278,3256,3275,-1,3279,3251,3250,-1,3279,3286,3251,-1,3288,3292,3294,-1,3286,3294,3251,-1,3294,3292,3289,-1,3287,3277,3252,-1,3259,3264,3263,-1,3287,3295,3293,-1,3259,3263,3260,-1,3264,3259,3267,-1,3267,3259,3269,-1,3255,3284,3285,-1,3282,3284,3255,-1,3272,3255,3270,-1,3272,3282,3255,-1,3258,3273,3270,-1,3270,3255,3258,-1,3277,3276,3258,-1,3277,3258,3257,-1,3252,3295,3287,-1,3290,3293,3295,-1,3291,3290,3295,-1,3277,3257,3252,-1,3258,3276,3273,-1,3255,3285,3269,-1,3259,3255,3269,-1,3296,3297,3298,-1,3296,3299,3297,-1,3300,3296,3298,-1,3301,3302,3303,-1,3302,3300,3298,-1,3301,3300,3302,-1,3303,3304,3301,-1,3303,3305,3304,-1,3306,3307,3308,-1,3309,3310,3308,-1,3306,3308,3310,-1,3311,3310,3309,-1,3312,3307,3306,-1,3313,3312,3304,-1,3312,3313,3307,-1,3313,3304,3305,-1,3314,3311,3309,-1,3309,3315,3314,-1,3314,3299,3296,-1,3310,3312,3306,-1,3311,3312,3310,-1,3312,3311,3304,-1,3304,3311,3301,-1,3300,3301,3314,-1,3311,3314,3301,-1,3314,3296,3300,-1,3315,3298,3297,-1,3309,3308,3313,-1,3313,3308,3307,-1,3305,3303,3309,-1,3313,3305,3309,-1,3302,3315,3303,-1,3315,3309,3303,-1,3298,3315,3302,-1,3316,3317,3318,-1,3316,3319,3317,-1,3320,3321,3322,-1,3323,3324,3320,-1,3320,3322,3323,-1,3322,3321,3325,-1,3321,3317,3325,-1,3325,3317,3319,-1,3324,3326,3327,-1,3324,3323,3326,-1,3326,3328,3327,-1,3326,3329,3328,-1,3328,3320,3324,-1,3318,3317,3321,-1,3328,3318,3320,-1,3321,3320,3318,-1,3324,3327,3328,-1,3316,3325,3319,-1,3322,3329,3323,-1,3325,3316,3322,-1,3326,3323,3329,-1,3329,3322,3316,-1,3330,3331,3332,-1,3333,3334,3335,-1,3336,3337,3338,-1,3339,3333,3335,-1,3336,3338,3334,-1,3335,3334,3338,-1,3330,3332,3337,-1,3336,3330,3337,-1,3333,3340,3341,-1,3333,3339,3340,-1,3340,3342,3341,-1,3340,3343,3342,-1,3344,3345,3342,-1,3342,3343,3344,-1,3344,3346,3345,-1,3344,3347,3346,-1,3347,3348,3346,-1,3347,3349,3348,-1,3350,3351,3352,-1,3350,3353,3354,-1,3354,3351,3350,-1,3355,3353,3356,-1,3353,3355,3354,-1,3357,3358,3356,-1,3355,3356,3358,-1,3359,3358,3357,-1,3360,3352,3351,-1,3361,3362,3360,-1,3352,3360,3362,-1,3361,3363,3364,-1,3364,3362,3361,-1,3365,3363,3348,-1,3363,3365,3364,-1,3365,3348,3349,-1,3357,3366,3359,-1,3357,3367,3366,-1,3368,3366,3367,-1,3369,3370,3371,-1,3372,3373,3370,-1,3368,3373,3372,-1,3369,3372,3370,-1,3367,3373,3368,-1,3332,3331,3374,-1,3374,3375,3332,-1,3346,3333,3345,-1,3361,3360,3334,-1,3359,3336,3358,-1,3368,3374,3366,-1,3346,3348,3333,-1,3363,3361,3334,-1,3333,3342,3345,-1,3342,3333,3341,-1,3348,3334,3333,-1,3363,3334,3348,-1,3354,3334,3351,-1,3334,3360,3351,-1,3354,3355,3336,-1,3336,3334,3354,-1,3330,3336,3359,-1,3358,3336,3355,-1,3359,3331,3330,-1,3359,3366,3331,-1,3368,3372,3374,-1,3366,3374,3331,-1,3374,3372,3369,-1,3367,3357,3332,-1,3339,3344,3343,-1,3367,3375,3373,-1,3339,3343,3340,-1,3344,3339,3347,-1,3347,3339,3349,-1,3335,3364,3365,-1,3362,3364,3335,-1,3352,3335,3350,-1,3352,3362,3335,-1,3338,3353,3350,-1,3350,3335,3338,-1,3357,3356,3338,-1,3357,3338,3337,-1,3332,3375,3367,-1,3370,3373,3375,-1,3371,3370,3375,-1,3357,3337,3332,-1,3338,3356,3353,-1,3335,3365,3349,-1,3339,3335,3349,-1,3376,3377,3378,-1,3376,3379,3377,-1,3380,3376,3378,-1,3381,3382,3383,-1,3382,3380,3378,-1,3381,3380,3382,-1,3383,3384,3381,-1,3383,3385,3384,-1,3386,3387,3388,-1,3389,3390,3388,-1,3386,3388,3390,-1,3391,3390,3389,-1,3392,3387,3386,-1,3393,3392,3384,-1,3392,3393,3387,-1,3393,3384,3385,-1,3394,3391,3389,-1,3389,3395,3394,-1,3394,3379,3376,-1,3390,3392,3386,-1,3391,3392,3390,-1,3392,3391,3384,-1,3384,3391,3381,-1,3380,3381,3394,-1,3391,3394,3381,-1,3394,3376,3380,-1,3395,3378,3377,-1,3389,3388,3393,-1,3393,3388,3387,-1,3385,3383,3389,-1,3393,3385,3389,-1,3382,3395,3383,-1,3395,3389,3383,-1,3378,3395,3382,-1,3396,3397,3398,-1,3396,3399,3397,-1,3400,3401,3402,-1,3403,3404,3400,-1,3400,3402,3403,-1,3402,3401,3405,-1,3401,3397,3405,-1,3405,3397,3399,-1,3404,3406,3407,-1,3404,3403,3406,-1,3406,3408,3407,-1,3406,3409,3408,-1,3408,3400,3404,-1,3398,3397,3401,-1,3408,3398,3400,-1,3401,3400,3398,-1,3404,3407,3408,-1,3396,3405,3399,-1,3402,3409,3403,-1,3405,3396,3402,-1,3406,3403,3409,-1,3409,3402,3396,-1,3410,3411,3412,-1,3413,3414,3415,-1,3416,3417,3418,-1,3419,3413,3415,-1,3416,3418,3414,-1,3415,3414,3418,-1,3410,3412,3417,-1,3416,3410,3417,-1,3413,3420,3421,-1,3413,3419,3420,-1,3420,3422,3421,-1,3420,3423,3422,-1,3424,3425,3422,-1,3422,3423,3424,-1,3424,3426,3425,-1,3424,3427,3426,-1,3427,3428,3426,-1,3427,3429,3428,-1,3430,3431,3432,-1,3430,3433,3434,-1,3434,3431,3430,-1,3435,3433,3436,-1,3433,3435,3434,-1,3437,3438,3436,-1,3435,3436,3438,-1,3439,3438,3437,-1,3440,3432,3431,-1,3441,3442,3440,-1,3432,3440,3442,-1,3441,3443,3444,-1,3444,3442,3441,-1,3445,3443,3428,-1,3443,3445,3444,-1,3445,3428,3429,-1,3437,3446,3439,-1,3437,3447,3446,-1,3448,3446,3447,-1,3449,3450,3451,-1,3452,3453,3450,-1,3448,3453,3452,-1,3449,3452,3450,-1,3447,3453,3448,-1,3412,3411,3454,-1,3454,3455,3412,-1,3426,3413,3425,-1,3441,3440,3414,-1,3439,3416,3438,-1,3448,3454,3446,-1,3426,3428,3413,-1,3443,3441,3414,-1,3413,3422,3425,-1,3422,3413,3421,-1,3428,3414,3413,-1,3443,3414,3428,-1,3434,3414,3431,-1,3414,3440,3431,-1,3434,3435,3416,-1,3416,3414,3434,-1,3410,3416,3439,-1,3438,3416,3435,-1,3439,3411,3410,-1,3439,3446,3411,-1,3448,3452,3454,-1,3446,3454,3411,-1,3454,3452,3449,-1,3447,3437,3412,-1,3419,3424,3423,-1,3447,3455,3453,-1,3419,3423,3420,-1,3424,3419,3427,-1,3427,3419,3429,-1,3415,3444,3445,-1,3442,3444,3415,-1,3432,3415,3430,-1,3432,3442,3415,-1,3418,3433,3430,-1,3430,3415,3418,-1,3437,3436,3418,-1,3437,3418,3417,-1,3412,3455,3447,-1,3450,3453,3455,-1,3451,3450,3455,-1,3437,3417,3412,-1,3418,3436,3433,-1,3415,3445,3429,-1,3419,3415,3429,-1,3456,3457,3458,-1,3456,3459,3457,-1,3460,3456,3458,-1,3461,3462,3463,-1,3462,3460,3458,-1,3461,3460,3462,-1,3463,3464,3461,-1,3463,3465,3464,-1,3466,3467,3468,-1,3469,3470,3468,-1,3466,3468,3470,-1,3471,3470,3469,-1,3472,3467,3466,-1,3473,3472,3464,-1,3472,3473,3467,-1,3473,3464,3465,-1,3474,3471,3469,-1,3469,3475,3474,-1,3474,3459,3456,-1,3470,3472,3466,-1,3471,3472,3470,-1,3472,3471,3464,-1,3464,3471,3461,-1,3460,3461,3474,-1,3471,3474,3461,-1,3474,3456,3460,-1,3475,3458,3457,-1,3469,3468,3473,-1,3473,3468,3467,-1,3465,3463,3469,-1,3473,3465,3469,-1,3462,3475,3463,-1,3475,3469,3463,-1,3458,3475,3462,-1,3476,3477,3478,-1,3476,3479,3477,-1,3480,3481,3482,-1,3483,3484,3480,-1,3480,3482,3483,-1,3482,3481,3485,-1,3481,3477,3485,-1,3485,3477,3479,-1,3484,3486,3487,-1,3484,3483,3486,-1,3486,3488,3487,-1,3486,3489,3488,-1,3488,3480,3484,-1,3478,3477,3481,-1,3488,3478,3480,-1,3481,3480,3478,-1,3484,3487,3488,-1,3476,3485,3479,-1,3482,3489,3483,-1,3485,3476,3482,-1,3486,3483,3489,-1,3489,3482,3476,-1,3490,3491,3492,-1,3493,3494,3495,-1,3496,3497,3498,-1,3499,3493,3495,-1,3496,3498,3494,-1,3495,3494,3498,-1,3490,3492,3497,-1,3496,3490,3497,-1,3493,3500,3501,-1,3493,3499,3500,-1,3500,3502,3501,-1,3500,3503,3502,-1,3504,3505,3502,-1,3502,3503,3504,-1,3504,3506,3505,-1,3504,3507,3506,-1,3507,3508,3506,-1,3507,3509,3508,-1,3510,3511,3512,-1,3510,3513,3514,-1,3514,3511,3510,-1,3515,3513,3516,-1,3513,3515,3514,-1,3517,3518,3516,-1,3515,3516,3518,-1,3519,3518,3517,-1,3520,3512,3511,-1,3521,3522,3520,-1,3512,3520,3522,-1,3521,3523,3524,-1,3524,3522,3521,-1,3525,3523,3508,-1,3523,3525,3524,-1,3525,3508,3509,-1,3517,3526,3519,-1,3517,3527,3526,-1,3528,3526,3527,-1,3529,3530,3531,-1,3532,3533,3530,-1,3528,3533,3532,-1,3529,3532,3530,-1,3527,3533,3528,-1,3492,3491,3534,-1,3534,3535,3492,-1,3506,3493,3505,-1,3521,3520,3494,-1,3519,3496,3518,-1,3528,3534,3526,-1,3506,3508,3493,-1,3523,3521,3494,-1,3493,3502,3505,-1,3502,3493,3501,-1,3508,3494,3493,-1,3523,3494,3508,-1,3514,3494,3511,-1,3494,3520,3511,-1,3514,3515,3496,-1,3496,3494,3514,-1,3490,3496,3519,-1,3518,3496,3515,-1,3519,3491,3490,-1,3519,3526,3491,-1,3528,3532,3534,-1,3526,3534,3491,-1,3534,3532,3529,-1,3527,3517,3492,-1,3499,3504,3503,-1,3527,3535,3533,-1,3499,3503,3500,-1,3504,3499,3507,-1,3507,3499,3509,-1,3495,3524,3525,-1,3522,3524,3495,-1,3512,3495,3510,-1,3512,3522,3495,-1,3498,3513,3510,-1,3510,3495,3498,-1,3517,3516,3498,-1,3517,3498,3497,-1,3492,3535,3527,-1,3530,3533,3535,-1,3531,3530,3535,-1,3517,3497,3492,-1,3498,3516,3513,-1,3495,3525,3509,-1,3499,3495,3509,-1,3536,3537,3538,-1,3536,3539,3537,-1,3540,3536,3538,-1,3541,3542,3543,-1,3542,3540,3538,-1,3541,3540,3542,-1,3543,3544,3541,-1,3543,3545,3544,-1,3546,3547,3548,-1,3549,3550,3548,-1,3546,3548,3550,-1,3551,3550,3549,-1,3552,3547,3546,-1,3553,3552,3544,-1,3552,3553,3547,-1,3553,3544,3545,-1,3554,3551,3549,-1,3549,3555,3554,-1,3554,3539,3536,-1,3550,3552,3546,-1,3551,3552,3550,-1,3552,3551,3544,-1,3544,3551,3541,-1,3540,3541,3554,-1,3551,3554,3541,-1,3554,3536,3540,-1,3555,3538,3537,-1,3549,3548,3553,-1,3553,3548,3547,-1,3545,3543,3549,-1,3553,3545,3549,-1,3542,3555,3543,-1,3555,3549,3543,-1,3538,3555,3542,-1,3556,3557,3558,-1,3556,3559,3557,-1,3560,3561,3562,-1,3563,3564,3560,-1,3560,3562,3563,-1,3562,3561,3565,-1,3561,3557,3565,-1,3565,3557,3559,-1,3564,3566,3567,-1,3564,3563,3566,-1,3566,3568,3567,-1,3566,3569,3568,-1,3568,3560,3564,-1,3558,3557,3561,-1,3568,3558,3560,-1,3561,3560,3558,-1,3564,3567,3568,-1,3556,3565,3559,-1,3562,3569,3563,-1,3565,3556,3562,-1,3566,3563,3569,-1,3569,3562,3556,-1,3570,3571,3572,-1,3573,3574,3575,-1,3576,3577,3578,-1,3579,3573,3575,-1,3576,3578,3574,-1,3575,3574,3578,-1,3570,3572,3577,-1,3576,3570,3577,-1,3573,3580,3581,-1,3573,3579,3580,-1,3580,3582,3581,-1,3580,3583,3582,-1,3584,3585,3582,-1,3582,3583,3584,-1,3584,3586,3585,-1,3584,3587,3586,-1,3587,3588,3586,-1,3587,3589,3588,-1,3590,3591,3592,-1,3590,3593,3594,-1,3594,3591,3590,-1,3595,3593,3596,-1,3593,3595,3594,-1,3597,3598,3596,-1,3595,3596,3598,-1,3599,3598,3597,-1,3600,3592,3591,-1,3601,3602,3600,-1,3592,3600,3602,-1,3601,3603,3604,-1,3604,3602,3601,-1,3605,3603,3588,-1,3603,3605,3604,-1,3605,3588,3589,-1,3597,3606,3599,-1,3597,3607,3606,-1,3608,3606,3607,-1,3609,3610,3611,-1,3612,3613,3610,-1,3608,3613,3612,-1,3609,3612,3610,-1,3607,3613,3608,-1,3572,3571,3614,-1,3614,3615,3572,-1,3586,3573,3585,-1,3601,3600,3574,-1,3599,3576,3598,-1,3608,3614,3606,-1,3586,3588,3573,-1,3603,3601,3574,-1,3573,3582,3585,-1,3582,3573,3581,-1,3588,3574,3573,-1,3603,3574,3588,-1,3594,3574,3591,-1,3574,3600,3591,-1,3594,3595,3576,-1,3576,3574,3594,-1,3570,3576,3599,-1,3598,3576,3595,-1,3599,3571,3570,-1,3599,3606,3571,-1,3608,3612,3614,-1,3606,3614,3571,-1,3614,3612,3609,-1,3607,3597,3572,-1,3579,3584,3583,-1,3607,3615,3613,-1,3579,3583,3580,-1,3584,3579,3587,-1,3587,3579,3589,-1,3575,3604,3605,-1,3602,3604,3575,-1,3592,3575,3590,-1,3592,3602,3575,-1,3578,3593,3590,-1,3590,3575,3578,-1,3597,3596,3578,-1,3597,3578,3577,-1,3572,3615,3607,-1,3610,3613,3615,-1,3611,3610,3615,-1,3597,3577,3572,-1,3578,3596,3593,-1,3575,3605,3589,-1,3579,3575,3589,-1,3616,3617,3618,-1,3616,3619,3617,-1,3620,3616,3618,-1,3621,3622,3623,-1,3622,3620,3618,-1,3621,3620,3622,-1,3623,3624,3621,-1,3623,3625,3624,-1,3626,3627,3628,-1,3629,3630,3628,-1,3626,3628,3630,-1,3631,3630,3629,-1,3632,3627,3626,-1,3633,3632,3624,-1,3632,3633,3627,-1,3633,3624,3625,-1,3634,3631,3629,-1,3629,3635,3634,-1,3634,3619,3616,-1,3630,3632,3626,-1,3631,3632,3630,-1,3632,3631,3624,-1,3624,3631,3621,-1,3620,3621,3634,-1,3631,3634,3621,-1,3634,3616,3620,-1,3635,3618,3617,-1,3629,3628,3633,-1,3633,3628,3627,-1,3625,3623,3629,-1,3633,3625,3629,-1,3622,3635,3623,-1,3635,3629,3623,-1,3618,3635,3622,-1,3636,3637,3638,-1,3636,3639,3637,-1,3640,3641,3642,-1,3643,3644,3640,-1,3640,3642,3643,-1,3642,3641,3645,-1,3641,3637,3645,-1,3645,3637,3639,-1,3644,3646,3647,-1,3644,3643,3646,-1,3646,3648,3647,-1,3646,3649,3648,-1,3648,3640,3644,-1,3638,3637,3641,-1,3648,3638,3640,-1,3641,3640,3638,-1,3644,3647,3648,-1,3636,3645,3639,-1,3642,3649,3643,-1,3645,3636,3642,-1,3646,3643,3649,-1,3649,3642,3636,-1,3650,3651,3652,-1,3653,3654,3655,-1,3656,3657,3658,-1,3659,3653,3655,-1,3656,3658,3654,-1,3655,3654,3658,-1,3650,3652,3657,-1,3656,3650,3657,-1,3653,3660,3661,-1,3653,3659,3660,-1,3660,3662,3661,-1,3660,3663,3662,-1,3664,3665,3662,-1,3662,3663,3664,-1,3664,3666,3665,-1,3664,3667,3666,-1,3667,3668,3666,-1,3667,3669,3668,-1,3670,3671,3672,-1,3670,3673,3674,-1,3674,3671,3670,-1,3675,3673,3676,-1,3673,3675,3674,-1,3677,3678,3676,-1,3675,3676,3678,-1,3679,3678,3677,-1,3680,3672,3671,-1,3681,3682,3680,-1,3672,3680,3682,-1,3681,3683,3684,-1,3684,3682,3681,-1,3685,3683,3668,-1,3683,3685,3684,-1,3685,3668,3669,-1,3677,3686,3679,-1,3677,3687,3686,-1,3688,3686,3687,-1,3689,3690,3691,-1,3692,3693,3690,-1,3688,3693,3692,-1,3689,3692,3690,-1,3687,3693,3688,-1,3652,3651,3694,-1,3694,3695,3652,-1,3666,3653,3665,-1,3681,3680,3654,-1,3679,3656,3678,-1,3688,3694,3686,-1,3666,3668,3653,-1,3683,3681,3654,-1,3653,3662,3665,-1,3662,3653,3661,-1,3668,3654,3653,-1,3683,3654,3668,-1,3674,3654,3671,-1,3654,3680,3671,-1,3674,3675,3656,-1,3656,3654,3674,-1,3650,3656,3679,-1,3678,3656,3675,-1,3679,3651,3650,-1,3679,3686,3651,-1,3688,3692,3694,-1,3686,3694,3651,-1,3694,3692,3689,-1,3687,3677,3652,-1,3659,3664,3663,-1,3687,3695,3693,-1,3659,3663,3660,-1,3664,3659,3667,-1,3667,3659,3669,-1,3655,3684,3685,-1,3682,3684,3655,-1,3672,3655,3670,-1,3672,3682,3655,-1,3658,3673,3670,-1,3670,3655,3658,-1,3677,3676,3658,-1,3677,3658,3657,-1,3652,3695,3687,-1,3690,3693,3695,-1,3691,3690,3695,-1,3677,3657,3652,-1,3658,3676,3673,-1,3655,3685,3669,-1,3659,3655,3669,-1,3696,3697,3698,-1,3696,3699,3697,-1,3700,3696,3698,-1,3701,3702,3703,-1,3702,3700,3698,-1,3701,3700,3702,-1,3703,3704,3701,-1,3703,3705,3704,-1,3706,3707,3708,-1,3709,3710,3708,-1,3706,3708,3710,-1,3711,3710,3709,-1,3712,3707,3706,-1,3713,3712,3704,-1,3712,3713,3707,-1,3713,3704,3705,-1,3714,3711,3709,-1,3709,3715,3714,-1,3714,3699,3696,-1,3710,3712,3706,-1,3711,3712,3710,-1,3712,3711,3704,-1,3704,3711,3701,-1,3700,3701,3714,-1,3711,3714,3701,-1,3714,3696,3700,-1,3715,3698,3697,-1,3709,3708,3713,-1,3713,3708,3707,-1,3705,3703,3709,-1,3713,3705,3709,-1,3702,3715,3703,-1,3715,3709,3703,-1,3698,3715,3702,-1,3716,3717,3718,-1,3716,3719,3717,-1,3720,3721,3722,-1,3723,3724,3720,-1,3720,3722,3723,-1,3722,3721,3725,-1,3721,3717,3725,-1,3725,3717,3719,-1,3724,3726,3727,-1,3724,3723,3726,-1,3726,3728,3727,-1,3726,3729,3728,-1,3728,3720,3724,-1,3718,3717,3721,-1,3728,3718,3720,-1,3721,3720,3718,-1,3724,3727,3728,-1,3716,3725,3719,-1,3722,3729,3723,-1,3725,3716,3722,-1,3726,3723,3729,-1,3729,3722,3716,-1,3730,3731,3732,-1,3733,3734,3735,-1,3736,3737,3738,-1,3739,3733,3735,-1,3736,3738,3734,-1,3735,3734,3738,-1,3730,3732,3737,-1,3736,3730,3737,-1,3733,3740,3741,-1,3733,3739,3740,-1,3740,3742,3741,-1,3740,3743,3742,-1,3744,3745,3742,-1,3742,3743,3744,-1,3744,3746,3745,-1,3744,3747,3746,-1,3747,3748,3746,-1,3747,3749,3748,-1,3750,3751,3752,-1,3750,3753,3754,-1,3754,3751,3750,-1,3755,3753,3756,-1,3753,3755,3754,-1,3757,3758,3756,-1,3755,3756,3758,-1,3759,3758,3757,-1,3760,3752,3751,-1,3761,3762,3760,-1,3752,3760,3762,-1,3761,3763,3764,-1,3764,3762,3761,-1,3765,3763,3748,-1,3763,3765,3764,-1,3765,3748,3749,-1,3757,3766,3759,-1,3757,3767,3766,-1,3768,3766,3767,-1,3769,3770,3771,-1,3772,3773,3770,-1,3768,3773,3772,-1,3769,3772,3770,-1,3767,3773,3768,-1,3732,3731,3774,-1,3774,3775,3732,-1,3746,3733,3745,-1,3761,3760,3734,-1,3759,3736,3758,-1,3768,3774,3766,-1,3746,3748,3733,-1,3763,3761,3734,-1,3733,3742,3745,-1,3742,3733,3741,-1,3748,3734,3733,-1,3763,3734,3748,-1,3754,3734,3751,-1,3734,3760,3751,-1,3754,3755,3736,-1,3736,3734,3754,-1,3730,3736,3759,-1,3758,3736,3755,-1,3759,3731,3730,-1,3759,3766,3731,-1,3768,3772,3774,-1,3766,3774,3731,-1,3774,3772,3769,-1,3767,3757,3732,-1,3739,3744,3743,-1,3767,3775,3773,-1,3739,3743,3740,-1,3744,3739,3747,-1,3747,3739,3749,-1,3735,3764,3765,-1,3762,3764,3735,-1,3752,3735,3750,-1,3752,3762,3735,-1,3738,3753,3750,-1,3750,3735,3738,-1,3757,3756,3738,-1,3757,3738,3737,-1,3732,3775,3767,-1,3770,3773,3775,-1,3771,3770,3775,-1,3757,3737,3732,-1,3738,3756,3753,-1,3735,3765,3749,-1,3739,3735,3749,-1,3776,3777,3778,-1,3776,3779,3777,-1,3780,3776,3778,-1,3781,3782,3783,-1,3782,3780,3778,-1,3781,3780,3782,-1,3783,3784,3781,-1,3783,3785,3784,-1,3786,3787,3788,-1,3789,3790,3788,-1,3786,3788,3790,-1,3791,3790,3789,-1,3792,3787,3786,-1,3793,3792,3784,-1,3792,3793,3787,-1,3793,3784,3785,-1,3794,3791,3789,-1,3789,3795,3794,-1,3794,3779,3776,-1,3790,3792,3786,-1,3791,3792,3790,-1,3792,3791,3784,-1,3784,3791,3781,-1,3780,3781,3794,-1,3791,3794,3781,-1,3794,3776,3780,-1,3795,3778,3777,-1,3789,3788,3793,-1,3793,3788,3787,-1,3785,3783,3789,-1,3793,3785,3789,-1,3782,3795,3783,-1,3795,3789,3783,-1,3778,3795,3782,-1,3796,3797,3798,-1,3796,3799,3797,-1,3800,3801,3802,-1,3803,3804,3800,-1,3800,3802,3803,-1,3802,3801,3805,-1,3801,3797,3805,-1,3805,3797,3799,-1,3804,3806,3807,-1,3804,3803,3806,-1,3806,3808,3807,-1,3806,3809,3808,-1,3808,3800,3804,-1,3798,3797,3801,-1,3808,3798,3800,-1,3801,3800,3798,-1,3804,3807,3808,-1,3796,3805,3799,-1,3802,3809,3803,-1,3805,3796,3802,-1,3806,3803,3809,-1,3809,3802,3796,-1,3810,3811,3812,-1,3813,3814,3815,-1,3816,3817,3818,-1,3819,3813,3815,-1,3816,3818,3814,-1,3815,3814,3818,-1,3810,3812,3817,-1,3816,3810,3817,-1,3813,3820,3821,-1,3813,3819,3820,-1,3820,3822,3821,-1,3820,3823,3822,-1,3824,3825,3822,-1,3822,3823,3824,-1,3824,3826,3825,-1,3824,3827,3826,-1,3827,3828,3826,-1,3827,3829,3828,-1,3830,3831,3832,-1,3830,3833,3834,-1,3834,3831,3830,-1,3835,3833,3836,-1,3833,3835,3834,-1,3837,3838,3836,-1,3835,3836,3838,-1,3839,3838,3837,-1,3840,3832,3831,-1,3841,3842,3840,-1,3832,3840,3842,-1,3841,3843,3844,-1,3844,3842,3841,-1,3845,3843,3828,-1,3843,3845,3844,-1,3845,3828,3829,-1,3837,3846,3839,-1,3837,3847,3846,-1,3848,3846,3847,-1,3849,3850,3851,-1,3852,3853,3850,-1,3848,3853,3852,-1,3849,3852,3850,-1,3847,3853,3848,-1,3812,3811,3854,-1,3854,3855,3812,-1,3826,3813,3825,-1,3841,3840,3814,-1,3839,3816,3838,-1,3848,3854,3846,-1,3826,3828,3813,-1,3843,3841,3814,-1,3813,3822,3825,-1,3822,3813,3821,-1,3828,3814,3813,-1,3843,3814,3828,-1,3834,3814,3831,-1,3814,3840,3831,-1,3834,3835,3816,-1,3816,3814,3834,-1,3810,3816,3839,-1,3838,3816,3835,-1,3839,3811,3810,-1,3839,3846,3811,-1,3848,3852,3854,-1,3846,3854,3811,-1,3854,3852,3849,-1,3847,3837,3812,-1,3819,3824,3823,-1,3847,3855,3853,-1,3819,3823,3820,-1,3824,3819,3827,-1,3827,3819,3829,-1,3815,3844,3845,-1,3842,3844,3815,-1,3832,3815,3830,-1,3832,3842,3815,-1,3818,3833,3830,-1,3830,3815,3818,-1,3837,3836,3818,-1,3837,3818,3817,-1,3812,3855,3847,-1,3850,3853,3855,-1,3851,3850,3855,-1,3837,3817,3812,-1,3818,3836,3833,-1,3815,3845,3829,-1,3819,3815,3829,-1,3856,3857,3858,-1,3856,3859,3857,-1,3860,3856,3858,-1,3861,3862,3863,-1,3862,3860,3858,-1,3861,3860,3862,-1,3863,3864,3861,-1,3863,3865,3864,-1,3866,3867,3868,-1,3869,3870,3868,-1,3866,3868,3870,-1,3871,3870,3869,-1,3872,3867,3866,-1,3873,3872,3864,-1,3872,3873,3867,-1,3873,3864,3865,-1,3874,3871,3869,-1,3869,3875,3874,-1,3874,3859,3856,-1,3870,3872,3866,-1,3871,3872,3870,-1,3872,3871,3864,-1,3864,3871,3861,-1,3860,3861,3874,-1,3871,3874,3861,-1,3874,3856,3860,-1,3875,3858,3857,-1,3869,3868,3873,-1,3873,3868,3867,-1,3865,3863,3869,-1,3873,3865,3869,-1,3862,3875,3863,-1,3875,3869,3863,-1,3858,3875,3862,-1,3876,3877,3878,-1,3876,3879,3877,-1,3880,3881,3882,-1,3883,3884,3880,-1,3880,3882,3883,-1,3882,3881,3885,-1,3881,3877,3885,-1,3885,3877,3879,-1,3884,3886,3887,-1,3884,3883,3886,-1,3886,3888,3887,-1,3886,3889,3888,-1,3888,3880,3884,-1,3878,3877,3881,-1,3888,3878,3880,-1,3881,3880,3878,-1,3884,3887,3888,-1,3876,3885,3879,-1,3882,3889,3883,-1,3885,3876,3882,-1,3886,3883,3889,-1,3889,3882,3876,-1,3890,3891,3892,-1,3893,3894,3895,-1,3896,3897,3898,-1,3899,3893,3895,-1,3896,3898,3894,-1,3895,3894,3898,-1,3890,3892,3897,-1,3896,3890,3897,-1,3893,3900,3901,-1,3893,3899,3900,-1,3900,3902,3901,-1,3900,3903,3902,-1,3904,3905,3902,-1,3902,3903,3904,-1,3904,3906,3905,-1,3904,3907,3906,-1,3907,3908,3906,-1,3907,3909,3908,-1,3910,3911,3912,-1,3910,3913,3914,-1,3914,3911,3910,-1,3915,3913,3916,-1,3913,3915,3914,-1,3917,3918,3916,-1,3915,3916,3918,-1,3919,3918,3917,-1,3920,3912,3911,-1,3921,3922,3920,-1,3912,3920,3922,-1,3921,3923,3924,-1,3924,3922,3921,-1,3925,3923,3908,-1,3923,3925,3924,-1,3925,3908,3909,-1,3917,3926,3919,-1,3917,3927,3926,-1,3928,3926,3927,-1,3929,3930,3931,-1,3932,3933,3930,-1,3928,3933,3932,-1,3929,3932,3930,-1,3927,3933,3928,-1,3892,3891,3934,-1,3934,3935,3892,-1,3906,3893,3905,-1,3921,3920,3894,-1,3919,3896,3918,-1,3928,3934,3926,-1,3906,3908,3893,-1,3923,3921,3894,-1,3893,3902,3905,-1,3902,3893,3901,-1,3908,3894,3893,-1,3923,3894,3908,-1,3914,3894,3911,-1,3894,3920,3911,-1,3914,3915,3896,-1,3896,3894,3914,-1,3890,3896,3919,-1,3918,3896,3915,-1,3919,3891,3890,-1,3919,3926,3891,-1,3928,3932,3934,-1,3926,3934,3891,-1,3934,3932,3929,-1,3927,3917,3892,-1,3899,3904,3903,-1,3927,3935,3933,-1,3899,3903,3900,-1,3904,3899,3907,-1,3907,3899,3909,-1,3895,3924,3925,-1,3922,3924,3895,-1,3912,3895,3910,-1,3912,3922,3895,-1,3898,3913,3910,-1,3910,3895,3898,-1,3917,3916,3898,-1,3917,3898,3897,-1,3892,3935,3927,-1,3930,3933,3935,-1,3931,3930,3935,-1,3917,3897,3892,-1,3898,3916,3913,-1,3895,3925,3909,-1,3899,3895,3909,-1,3936,3937,3938,-1,3936,3939,3937,-1,3940,3936,3938,-1,3941,3942,3943,-1,3942,3940,3938,-1,3941,3940,3942,-1,3943,3944,3941,-1,3943,3945,3944,-1,3946,3947,3948,-1,3949,3950,3948,-1,3946,3948,3950,-1,3951,3950,3949,-1,3952,3947,3946,-1,3953,3952,3944,-1,3952,3953,3947,-1,3953,3944,3945,-1,3954,3951,3949,-1,3949,3955,3954,-1,3954,3939,3936,-1,3950,3952,3946,-1,3951,3952,3950,-1,3952,3951,3944,-1,3944,3951,3941,-1,3940,3941,3954,-1,3951,3954,3941,-1,3954,3936,3940,-1,3955,3938,3937,-1,3949,3948,3953,-1,3953,3948,3947,-1,3945,3943,3949,-1,3953,3945,3949,-1,3942,3955,3943,-1,3955,3949,3943,-1,3938,3955,3942,-1,3956,3957,3958,-1,3956,3959,3957,-1,3960,3961,3962,-1,3963,3964,3960,-1,3960,3962,3963,-1,3962,3961,3965,-1,3961,3957,3965,-1,3965,3957,3959,-1,3964,3966,3967,-1,3964,3963,3966,-1,3966,3968,3967,-1,3966,3969,3968,-1,3968,3960,3964,-1,3958,3957,3961,-1,3968,3958,3960,-1,3961,3960,3958,-1,3964,3967,3968,-1,3956,3965,3959,-1,3962,3969,3963,-1,3965,3956,3962,-1,3966,3963,3969,-1,3969,3962,3956,-1,3970,3971,3972,-1,3973,3974,3975,-1,3976,3977,3978,-1,3979,3973,3975,-1,3976,3978,3974,-1,3975,3974,3978,-1,3970,3972,3977,-1,3976,3970,3977,-1,3973,3980,3981,-1,3973,3979,3980,-1,3980,3982,3981,-1,3980,3983,3982,-1,3984,3985,3982,-1,3982,3983,3984,-1,3984,3986,3985,-1,3984,3987,3986,-1,3987,3988,3986,-1,3987,3989,3988,-1,3990,3991,3992,-1,3990,3993,3994,-1,3994,3991,3990,-1,3995,3993,3996,-1,3993,3995,3994,-1,3997,3998,3996,-1,3995,3996,3998,-1,3999,3998,3997,-1,4000,3992,3991,-1,4001,4002,4000,-1,3992,4000,4002,-1,4001,4003,4004,-1,4004,4002,4001,-1,4005,4003,3988,-1,4003,4005,4004,-1,4005,3988,3989,-1,3997,4006,3999,-1,3997,4007,4006,-1,4008,4006,4007,-1,4009,4010,4011,-1,4012,4013,4010,-1,4008,4013,4012,-1,4009,4012,4010,-1,4007,4013,4008,-1,3972,3971,4014,-1,4014,4015,3972,-1,3986,3973,3985,-1,4001,4000,3974,-1,3999,3976,3998,-1,4008,4014,4006,-1,3986,3988,3973,-1,4003,4001,3974,-1,3973,3982,3985,-1,3982,3973,3981,-1,3988,3974,3973,-1,4003,3974,3988,-1,3994,3974,3991,-1,3974,4000,3991,-1,3994,3995,3976,-1,3976,3974,3994,-1,3970,3976,3999,-1,3998,3976,3995,-1,3999,3971,3970,-1,3999,4006,3971,-1,4008,4012,4014,-1,4006,4014,3971,-1,4014,4012,4009,-1,4007,3997,3972,-1,3979,3984,3983,-1,4007,4015,4013,-1,3979,3983,3980,-1,3984,3979,3987,-1,3987,3979,3989,-1,3975,4004,4005,-1,4002,4004,3975,-1,3992,3975,3990,-1,3992,4002,3975,-1,3978,3993,3990,-1,3990,3975,3978,-1,3997,3996,3978,-1,3997,3978,3977,-1,3972,4015,4007,-1,4010,4013,4015,-1,4011,4010,4015,-1,3997,3977,3972,-1,3978,3996,3993,-1,3975,4005,3989,-1,3979,3975,3989,-1,
        ]
    }
}
Shape{
    appearance Appearance {
        material  Material 	{
            diffuseColor 0.8509803921568627 0.8509803921568627 0.8509803921568627
            specularColor 0.7529411764705882 0.7529411764705882 0.7529411764705882
            ambientIntensity 1.0
            transparency 1.0
            shininess 0.5
        }
    }
    geometry IndexedFaceSet {
        ccw TRUE
        solid FALSE
        coord DEF co Coordinate {
            point [
                -4.3504 -0.9862 0.4882, -4.2914 -1.1437 0.4882, -4.2914 -0.9862 0.4882, -4.3504 -1.1437 0.4882, -4.2914 -1.1437 0.3307, -4.3504 -1.1437 0.3307, -4.2914 -1.1362 0.3292, -4.2914 -1.124 0.311, -4.2914 -1.1255 0.3186, -4.3504 -1.1255 0.3186, -4.2914 -1.1298 0.3249, -4.3504 -1.1362 0.3292, -4.3504 -1.1298 0.3249, -4.3504 -1.124 0.311, -4.3504 -1.124 0.1378, -4.2914 -1.124 0.1378, -4.2914 -1.1255 0.1303, -4.2914 -1.1437 0.1181, -4.2914 -1.1362 0.1196, -4.3504 -1.1362 0.1196, -4.2914 -1.1298 0.1239, -4.3504 -1.1255 0.1303, -4.3504 -1.1298 0.1239, -4.3504 -1.1437 0.1181, -4.3504 -1.1437 0.0276, -4.2914 -1.1437 0.0276, -4.2914 -1.1379 0.0136, -4.3504 -1.1379 0.0136, -4.3504 -1.1316 0.0094, -4.3504 -1.124 0.0079, -4.2914 -1.1316 0.0094, -4.2914 -1.124 0.0079, -4.2914 -1.1422 0.02, -4.3504 -1.1422 0.02, -4.3504 -0.7106 0.0079, -4.2914 -0.7106 0.0079, -4.2914 -0.6967 0.0136, -4.3504 -0.6967 0.0136, -4.3504 -0.6924 0.02, -4.3504 -0.6909 0.0276, -4.2914 -0.6924 0.02, -4.2914 -0.6909 0.0276, -4.2914 -0.7031 0.0094, -4.3504 -0.7031 0.0094, -4.3504 -0.6909 0.0787, -4.2914 -0.6909 0.0787, -4.3504 -0.75 0.1181, -4.2914 -0.75 0.1181, -4.2914 -0.9862 0.1181, -4.3504 -0.9862 0.1181, 4.3504 -0.75 0.1181, 4.3504 -0.6909 0.0787, 4.2913 -0.6909 0.0787, 4.2913 -0.75 0.1181, 4.3504 -0.6909 0.0276, 4.2913 -0.6909 0.0276, 4.2913 -0.6967 0.0136, 4.3504 -0.6967 0.0136, 4.3504 -0.7031 0.0094, 4.3504 -0.7106 0.0079, 4.2913 -0.7031 0.0094, 4.2913 -0.7106 0.0079, 4.2913 -0.6924 0.02, 4.3504 -0.6924 0.02, 4.3504 -1.124 0.0079, 4.2913 -1.124 0.0079, 4.2913 -1.1379 0.0136, 4.3504 -1.1379 0.0136, 4.3504 -1.1422 0.02, 4.3504 -1.1437 0.0276, 4.2913 -1.1422 0.02, 4.2913 -1.1437 0.0276, 4.2913 -1.1316 0.0094, 4.3504 -1.1316 0.0094, 4.3504 -1.1437 0.1181, 4.2913 -1.1437 0.1181, 4.2913 -1.1362 0.1196, 4.2913 -1.124 0.1378, 4.2913 -1.1255 0.1303, 4.3504 -1.1255 0.1303, 4.2913 -1.1298 0.1239, 4.3504 -1.1362 0.1196, 4.3504 -1.1298 0.1239, 4.3504 -1.124 0.1378, 4.3504 -1.124 0.311, 4.2913 -1.124 0.311, 4.2913 -1.1255 0.3186, 4.2913 -1.1437 0.3307, 4.2913 -1.1362 0.3292, 4.3504 -1.1362 0.3292, 4.2913 -1.1298 0.3249, 4.3504 -1.1255 0.3186, 4.3504 -1.1298 0.3249, 4.3504 -1.1437 0.3307, 4.3504 -1.1437 0.4882, 4.2913 -1.1437 0.4882, 4.3504 -0.9862 0.4882, 4.2913 -0.9862 0.4882, 4.2913 -0.9862 0.1181, 4.3504 -0.9862 0.1181
            ]
        }
        coordIndex [
            0,1,2,-1,1,0,3,-1,3,4,1,-1,4,3,5,-1,6,4,5,-1,7,8,9,-1,10,11,12,-1,13,7,9,-1,10,12,8,-1,9,8,12,-1,6,5,11,-1,10,6,11,-1,7,14,15,-1,14,7,13,-1,16,15,14,-1,17,18,19,-1,20,21,22,-1,23,17,19,-1,20,22,18,-1,19,18,22,-1,16,14,21,-1,20,16,21,-1,17,24,25,-1,24,17,23,-1,26,27,28,-1,29,30,28,-1,26,28,30,-1,31,30,29,-1,32,27,26,-1,33,32,25,-1,32,33,27,-1,33,25,24,-1,31,34,35,-1,34,31,29,-1,36,37,38,-1,39,40,38,-1,36,38,40,-1,41,40,39,-1,42,37,36,-1,43,42,35,-1,42,43,37,-1,43,35,34,-1,41,44,45,-1,44,41,39,-1,45,46,47,-1,46,45,44,-1,41,35,42,-1,31,35,48,-1,41,36,40,-1,48,20,31,-1,41,42,36,-1,35,41,45,-1,35,45,47,-1,47,48,35,-1,30,25,26,-1,26,25,32,-1,17,25,18,-1,31,25,30,-1,25,20,18,-1,20,25,31,-1,20,48,16,-1,16,48,15,-1,7,48,2,-1,15,48,7,-1,8,7,2,-1,10,1,6,-1,1,10,2,-1,10,8,2,-1,6,1,4,-1,27,24,28,-1,39,43,34,-1,29,49,34,-1,39,38,37,-1,39,37,43,-1,34,44,39,-1,34,46,44,-1,46,34,49,-1,28,24,29,-1,27,33,24,-1,24,19,22,-1,24,23,19,-1,29,24,22,-1,21,49,22,-1,29,22,49,-1,49,21,14,-1,14,13,49,-1,0,13,9,-1,13,0,49,-1,12,11,3,-1,9,12,0,-1,5,3,11,-1,0,12,3,-1,50,51,52,-1,52,53,50,-1,51,54,55,-1,55,52,51,-1,56,57,58,-1,59,60,58,-1,56,58,60,-1,61,60,59,-1,62,57,56,-1,63,62,55,-1,62,63,57,-1,63,55,54,-1,59,64,65,-1,65,61,59,-1,66,67,68,-1,69,70,68,-1,66,68,70,-1,71,70,69,-1,72,67,66,-1,73,72,65,-1,72,73,67,-1,73,65,64,-1,69,74,75,-1,75,71,69,-1,76,75,74,-1,77,78,79,-1,80,81,82,-1,83,77,79,-1,80,82,78,-1,79,78,82,-1,76,74,81,-1,80,76,81,-1,83,84,85,-1,85,77,83,-1,86,85,84,-1,87,88,89,-1,90,91,92,-1,93,87,89,-1,90,92,88,-1,89,88,92,-1,86,84,91,-1,90,86,91,-1,94,95,87,-1,87,93,94,-1,96,97,95,-1,95,94,96,-1,88,87,95,-1,88,95,90,-1,97,90,95,-1,97,85,86,-1,90,97,86,-1,80,65,71,-1,55,61,52,-1,66,70,71,-1,66,71,72,-1,72,71,65,-1,80,71,76,-1,76,71,75,-1,98,53,61,-1,98,65,80,-1,61,65,98,-1,53,52,61,-1,62,56,55,-1,56,60,55,-1,55,60,61,-1,77,98,78,-1,85,97,98,-1,98,77,85,-1,80,78,98,-1,64,59,99,-1,89,92,94,-1,54,58,57,-1,89,94,93,-1,91,84,96,-1,96,92,91,-1,94,92,96,-1,96,84,99,-1,99,83,79,-1,84,83,99,-1,82,81,69,-1,79,82,99,-1,74,69,81,-1,69,73,64,-1,69,67,73,-1,69,68,67,-1,82,69,64,-1,82,64,99,-1,58,54,59,-1,57,63,54,-1,51,59,54,-1,50,59,51,-1,59,50,99,-1,
        ]
    }
}
Shape{
    appearance Appearance {
        material  Material 	{
            diffuseColor 1.0 1.0 1.0
            specularColor 0.7529411764705882 0.7529411764705882 0.7529411764705882
            ambientIntensity 1.0
            transparency 1.0
            shininess 0.5
        }
    }
    geometry IndexedFaceSet {
        ccw TRUE
        solid FALSE
        coord DEF co Coordinate {
            point [
                4.7244 -0.1269 0.4604, 4.7244 -0.1269 0.5242, 4.7244 -0.1362 0.5242, 4.7244 -0.0982 0.4522, 4.7244 -0.1362 0.4522, 4.7244 -0.0982 0.4604, 4.7244 -0.0612 0.451, 4.7244 -0.0599 0.4592, 4.7244 -0.067 0.4601, 4.7244 -0.0413 0.4552, 4.7244 -0.0413 0.4641, 4.7244 -0.0499 0.4605, 4.7244 -0.0503 0.452, 4.7244 -0.0855 0.4881, 4.7244 -0.0941 0.4977, 4.7244 -0.0952 0.4868, 4.7244 -0.0791 0.4553, 4.7244 -0.0709 0.452, 4.7244 -0.0732 0.4626, 4.7244 -0.086 0.4608, 4.7244 -0.0818 0.4714, 4.7244 -0.0911 0.4681, 4.7244 -0.0784 0.4668, 4.7244 -0.0942 0.4767, 4.7244 -0.0852 0.4822, 4.7244 -0.084 0.4766, 4.7244 -0.0906 0.507, 4.7244 -0.0837 0.4993, 4.7244 -0.085 0.4938, 4.7244 -0.0779 0.5091, 4.7244 -0.0848 0.5148, 4.7244 -0.0813 0.5045, 4.7244 -0.0723 0.5135, 4.7244 -0.0773 0.5207, 4.7244 -0.0658 0.5162, 4.7244 -0.0583 0.5171, 4.7244 -0.0584 0.5254, 4.7244 -0.0684 0.5243, 4.7244 -0.0494 0.516, 4.7244 -0.0413 0.5225, 4.7244 -0.0489 0.5247, 4.7244 -0.0413 0.5128, 4.7244 -0.0176 0.5159, 4.7244 0.0103 0.5159, 4.7244 0.0103 0.5242, 4.7244 -0.0269 0.5242, 4.7244 -0.0176 0.4929, 4.7244 -0.0176 0.4846, 4.7244 0.0082 0.4846, 4.7244 0.0082 0.4929, 4.7244 -0.0269 0.4522, 4.7244 0.0119 0.4522, 4.7244 -0.0176 0.4604, 4.7244 0.0119 0.4604, 4.7244 0.038 0.5242, 4.7244 0.0396 0.5159, 4.7244 0.0443 0.5242, 4.7244 0.083 0.4991, 4.7244 0.0744 0.4889, 4.7244 0.0842 0.4891, 4.7244 0.0735 0.4971, 4.7244 0.0793 0.5076, 4.7244 0.0665 0.5092, 4.7244 0.0733 0.5147, 4.7244 0.0683 0.5184, 4.7244 0.0709 0.5039, 4.7244 0.0626 0.5119, 4.7244 0.0627 0.5212, 4.7244 0.0584 0.5139, 4.7244 0.0735 0.4805, 4.7244 0.083 0.4787, 4.7244 0.054 0.4613, 4.7244 0.0508 0.4524, 4.7244 0.0568 0.4535, 4.7244 0.0537 0.5152, 4.7244 0.0506 0.524, 4.7244 0.0492 0.5158, 4.7244 0.0567 0.5231, 4.7244 0.071 0.4736, 4.7244 0.0667 0.4679, 4.7244 0.0733 0.4623, 4.7244 0.0443 0.5159, 4.7244 0.0628 0.4555, 4.7244 0.0587 0.4627, 4.7244 0.0494 0.4606, 4.7244 0.0348 0.5159, 4.7244 0.0396 0.4604, 4.7244 0.0348 0.4604, 4.7244 0.0381 0.4522, 4.7244 0.0318 0.5242, 4.7244 0.0255 0.5242, 4.7244 0.0255 0.4522, 4.7244 0.0443 0.4522, 4.7244 0.0444 0.4604, 4.7244 0.0629 0.4649, 4.7244 0.0683 0.4584, 4.7244 0.0793 0.4697, 4.7244 0.0318 0.4522, 4.7244 0.1325 0.48, 4.7244 0.153 0.4522, 4.7244 0.1256 0.5242, 4.7244 0.0882 0.4522, 4.7244 0.1125 0.4916, 4.7244 0.1156 0.5242, 4.7244 0.1167 0.5032, 4.7244 0.1203 0.515, 4.7244 0.1354 0.4719, 4.7244 0.1427 0.4522, 4.7244 0.1054 0.4719, 4.7244 0.0985 0.4522, 4.7244 0.1083 0.48, 4.7244 0.1241 0.5032, 4.7244 0.1283 0.4916, 4.7244 -0.1269 0.4016, 4.7244 -0.0991 0.4016, 4.7244 -0.0991 0.4099, 4.7244 -0.1362 0.4099, 4.7244 -0.1269 0.3786, 4.7244 -0.1269 0.3703, 4.7244 -0.1011 0.3703, 4.7244 -0.1011 0.3786, 4.7244 -0.1362 0.3379, 4.7244 -0.0974 0.3379, 4.7244 -0.1269 0.3461, 4.7244 -0.0974 0.3461, 4.7244 -0.0838 0.3857, 4.7244 -0.0838 0.3769, 4.7244 -0.0757 0.3816, 4.7244 -0.0521 0.3856, 4.7244 -0.0576 0.3776, 4.7244 -0.0486 0.3795, 4.7244 -0.0565 0.3706, 4.7244 -0.0755 0.3893, 4.7244 -0.074 0.3446, 4.7244 -0.077 0.3464, 4.7244 -0.0792 0.3377, 4.7244 -0.0669 0.3832, 4.7244 -0.0844 0.3407, 4.7244 -0.066 0.3905, 4.7244 -0.0611 0.3818, 4.7244 -0.0565 0.3637, 4.7244 -0.0565 0.3596, 4.7244 -0.0474 0.371, 4.7244 -0.0579 0.3893, 4.7244 -0.0796 0.3524, 4.7244 -0.0888 0.3516, 4.7244 -0.0877 0.3454, 4.7244 -0.079 0.349, 4.7244 -0.079 0.3561, 4.7244 -0.0877 0.3581, 4.7244 -0.0701 0.344, 4.7244 -0.0725 0.3366, 4.7244 -0.0603 0.3482, 4.7244 -0.0608 0.3407, 4.7244 -0.0567 0.3458, 4.7244 -0.0792 0.3665, 4.7244 -0.0772 0.3589, 4.7244 -0.0726 0.3612, 4.7244 -0.0568 0.3554, 4.7244 -0.058 0.3516, 4.7244 -0.0671 0.3622, 4.7244 -0.0717 0.3684, 4.7244 -0.0565 0.3379, 4.7244 -0.0474 0.3379, 4.7244 -0.0845 0.363, 4.7244 -0.0661 0.3377, 4.7244 -0.0647 0.3451, 4.7244 -0.0618 0.363, 4.7244 -0.0258 0.3762, 4.7244 -0.0337 0.3816, 4.7244 -0.0352 0.3754, 4.7244 -0.0019 0.3455, 4.7244 -0.0097 0.351, 4.7244 -0.0062 0.3407, 4.7244 -0.0114 0.3466, 4.7244 -0.0129 0.3377, 4.7244 -0.0294 0.3864, 4.7244 -0.0252 0.379, 4.7244 -0.0231 0.3813, 4.7244 -0.0012 0.3565, 4.7244 -0.0035 0.3604, 4.7244 -0.0004 0.3519, 4.7244 -0.0151 0.3905, 4.7244 -0.02 0.3827, 4.7244 -0.016 0.3832, 4.7244 -0.0029 0.3794, 4.7244 -0.0029 0.3882, 4.7244 -0.0091 0.3822, 4.7244 -0.0287 0.3374, 4.7244 -0.028 0.3452, 4.7244 -0.0352 0.3397, 4.7244 -0.0229 0.3895, 4.7244 -0.0212 0.3366, 4.7244 -0.0352 0.349, 4.7244 -0.0188 0.3686, 4.7244 -0.0229 0.361, 4.7244 -0.0172 0.3587, 4.7244 -0.0088 0.3899, 4.7244 -0.0132 0.3663, 4.7244 -0.012 0.3559, 4.7244 -0.0081 0.3639, 4.7244 -0.0103 0.3537, 4.7244 -0.0239 0.3715, 4.7244 -0.0281 0.3636, 4.7244 -0.0254 0.3735, 4.7244 -0.0326 0.3673, 4.7244 -0.0345 0.371, 4.7244 -0.0156 0.3445, 4.7244 -0.0204 0.344, 4.7244 0.0537 0.3893, 4.7244 0.0391 0.375, 4.7244 0.0339 0.3608, 4.7244 0.0193 0.375, 4.7244 0.0043 0.3893, 4.7244 0.0244 0.338, 4.7244 0.0303 0.3301, 4.7244 0.0289 0.3464, 4.7244 0.0443 0.3893, 4.7244 0.0236 0.3188, 4.7244 0.0275 0.3241, 4.7244 0.0205 0.3286, 4.7244 0.0181 0.3246, 4.7244 0.0143 0.3893, 4.7244 0.0243 0.3608, 4.7244 0.0183 0.315, 4.7244 0.015 0.3221, 4.7244 0.0087 0.3216, 4.7244 0.0088 0.3138, 4.7244 0.0112 0.3213, 4.7244 0.0119 0.3136, 4.7244 0.0061 0.3143, 4.7244 0.0061 0.3224, 4.7244 0.0727 0.4016, 4.7244 0.1005 0.4016, 4.7244 0.1005 0.4099, 4.7244 0.0634 0.4099, 4.7244 0.0727 0.3786, 4.7244 0.0727 0.3703, 4.7244 0.0985 0.3703, 4.7244 0.0985 0.3786, 4.7244 0.0634 0.3379, 4.7244 0.1021 0.3379, 4.7244 0.0727 0.3461, 4.7244 0.1021 0.3461, 4.7244 0.1283 0.4099, 4.7244 0.1298 0.4016, 4.7244 0.1345 0.4099, 4.7244 0.1732 0.3848, 4.7244 0.1646 0.3745, 4.7244 0.1744 0.3748, 4.7244 0.1638 0.3828, 4.7244 0.1696 0.3933, 4.7244 0.1567 0.3948, 4.7244 0.1636 0.4004, 4.7244 0.1585 0.4041, 4.7244 0.1611 0.3896, 4.7244 0.1529 0.3976, 4.7244 0.153 0.4069, 4.7244 0.1486 0.3996, 4.7244 0.1638 0.3662, 4.7244 0.1732 0.3644, 4.7244 0.1443 0.347, 4.7244 0.141 0.3381, 4.7244 0.1471 0.3392, 4.7244 0.144 0.4009, 4.7244 0.1409 0.4097, 4.7244 0.1394 0.4015, 4.7244 0.147 0.4088, 4.7244 0.1612 0.3592, 4.7244 0.1569 0.3536, 4.7244 0.1636 0.3479, 4.7244 0.1345 0.4016, 4.7244 0.1531 0.3411, 4.7244 0.1489 0.3484, 4.7244 0.1396 0.3462, 4.7244 0.1251 0.4016, 4.7244 0.1299 0.3461, 4.7244 0.1251 0.3461, 4.7244 0.1283 0.3379, 4.7244 0.122 0.4099, 4.7244 0.1158 0.4099, 4.7244 0.1158 0.3379, 4.7244 0.1346 0.3379, 4.7244 0.1347 0.3461, 4.7244 0.1532 0.3506, 4.7244 0.1586 0.3441, 4.7244 0.1696 0.3554, 4.7244 0.122 0.3379, 4.7244 0.2228 0.3657, 4.7244 0.2433 0.3379, 4.7244 0.2158 0.4099, 4.7244 0.1784 0.3379, 4.7244 0.2028 0.3773, 4.7244 0.2059 0.4099, 4.7244 0.2069 0.3889, 4.7244 0.2105 0.4007, 4.7244 0.2256 0.3576, 4.7244 0.233 0.3379, 4.7244 0.1956 0.3576, 4.7244 0.1887 0.3379, 4.7244 0.1986 0.3657, 4.7244 0.2143 0.3889, 4.7244 0.2185 0.3773, 4.7244 -0.2869 0.3689, 4.7244 -0.3012 0.3647, 4.7244 -0.3046 0.3596, 4.7244 -0.2387 0.4371, 4.7244 -0.2324 0.429, 4.7244 -0.2021 0.4383, 4.7244 -0.3047 0.3476, 4.7244 -0.291 0.3376, 4.7244 -0.3059 0.3535, 4.7244 -0.29 0.3694, 4.7244 -0.2962 0.3681, 4.7244 -0.3015 0.3427, 4.7244 -0.2968 0.3391, 4.7244 -0.2639 0.3689, 4.7244 -0.2608 0.3376, 4.7244 -0.4541 0.3271, 4.7244 -0.4461 0.3175, 4.7244 -0.4254 0.3403, 4.7244 -0.4898 0.4201, 4.7244 -0.4885 0.4318, 4.7244 -0.5205 0.4353, 4.7244 -0.2529 0.4913, 4.7244 -0.2806 0.4772, 4.7244 -0.2459 0.4764, 4.7244 -0.2477 0.34, 4.7244 -0.4197 0.4677, 4.7244 -0.4114 0.4636, 4.7244 -0.4052 0.4772, 4.7244 -0.2538 0.3709, 4.7244 -0.4114 0.3745, 4.7244 -0.4109 0.4068, 4.7244 -0.4237 0.4051, 4.7244 -0.3725 0.3893, 4.7244 -0.3802 0.3966, 4.7244 -0.4038 0.373, 4.7244 -0.2319 0.3895, 4.7244 -0.2375 0.3815, 4.7244 -0.206 0.3714, 4.7244 -0.3974 0.3687, 4.7244 -0.2282 0.3987, 4.7244 -0.1964 0.396, 4.7244 -0.227 0.4088, 4.7244 -0.2142 0.3607, 4.7244 -0.2241 0.3517, 4.7244 -0.245 0.3752, 4.7244 -0.2001 0.3833, 4.7244 -0.2354 0.3447, 4.7244 -0.3931 0.3624, 4.7244 -0.3914 0.3545, 4.7244 -0.3597 0.3601, 4.7244 -0.2284 0.4194, 4.7244 -0.1952 0.4093, 4.7244 -0.2199 0.4618, 4.7244 -0.2468 0.4433, 4.7244 -0.2894 0.489, 4.7244 -0.3003 0.4989, 4.7244 -0.2622 0.5048, 4.7244 -0.2736 0.5169, 4.7244 -0.2744 0.4636, 4.7244 -0.271 0.4488, 4.7244 -0.2669 0.4488, 4.7244 -0.2563 0.4474, 4.7244 -0.2891 0.5282, 4.7244 -0.3061 0.5366, 4.7244 -0.3131 0.5064, 4.7244 -0.3274 0.5112, 4.7244 -0.3243 0.5418, 4.7244 -0.3428 0.5128, 4.7244 -0.3908 0.5321, 4.7244 -0.3584 0.5112, 4.7244 -0.3758 0.5384, 4.7244 -0.3433 0.5436, 4.7244 -0.3599 0.5422, 4.7244 -0.4503 0.47, 4.7244 -0.4655 0.4977, 4.7244 -0.4744 0.4941, 4.7244 -0.4048 0.5236, 4.7244 -0.3727 0.5065, 4.7244 -0.4466 0.5017, 4.7244 -0.4561 0.5003, 4.7244 -0.4386 0.4713, 4.7244 -0.4829 0.4895, 4.7244 -0.4611 0.4661, 4.7244 -0.4289 0.4704, 4.7244 -0.3894 0.4021, 4.7244 -0.4907 0.484, 4.7244 -0.4369 0.502, 4.7244 -0.4706 0.46, 4.7244 -0.498 0.4775, 4.7244 -0.5083 0.465, 4.7244 -0.5158 0.4508, 4.7244 -0.4846 0.4426, 4.7244 -0.4785 0.4521, 4.7244 -0.5207 0.4039, 4.7244 -0.5165 0.3892, 4.7244 -0.4842 0.3968, 4.7244 -0.4883 0.4079, 4.7244 -0.5221 0.4191, 4.7244 -0.5098 0.3755, 4.7244 -0.4776 0.387, 4.7244 -0.371 0.323, 4.7244 -0.3972 0.3405, 4.7244 -0.4035 0.3361, 4.7244 -0.5006 0.3632, 4.7244 -0.4692 0.379, 4.7244 -0.4114 0.3345, 4.7244 -0.3884 0.309, 4.7244 -0.424 0.3054, 4.7244 -0.4109 0.3038, 4.7244 -0.4298 0.3624, 4.7244 -0.4591 0.373, 4.7244 -0.4314 0.3545, 4.7244 -0.4191 0.373, 4.7244 -0.4353 0.4005, 4.7244 -0.2879 0.3981, 4.7244 -0.3038 0.4252, 4.7244 -0.393 0.3468, 4.7244 -0.361 0.3433, 4.7244 -0.3649 0.3325, 4.7244 -0.4191 0.3361, 4.7244 -0.4359 0.3101, 4.7244 -0.3789 0.3151, 4.7244 -0.3992 0.3051, 4.7244 -0.4254 0.3687, 4.7244 -0.4534 0.3839, 4.7244 -0.4748 0.3441, 4.7244 -0.4596 0.3386, 4.7244 -0.4454 0.3933, 4.7244 -0.4885 0.3523, 4.7244 -0.4273 0.501, 4.7244 -0.3965 0.4891, 4.7244 -0.3855 0.499, 4.7244 -0.4168 0.5133, 4.7244 -0.2098 0.451, 4.7244 -0.2321 0.4704, 4.7244 -0.1971 0.4243, 4.7244 -0.4298 0.3466, 4.7244 -0.3597 0.355, 4.7244 -0.3997 0.4056
            ]
        }
        coordIndex [
            0,1,2,-1,3,0,4,-1,2,4,0,-1,0,3,5,-1,6,7,8,-1,9,10,11,-1,12,9,11,-1,13,14,15,-1,11,7,12,-1,16,17,18,-1,12,7,6,-1,19,20,21,-1,20,19,22,-1,15,23,24,-1,23,21,25,-1,26,14,27,-1,14,13,28,-1,29,30,31,-1,26,27,31,-1,29,32,33,-1,31,30,26,-1,34,35,36,-1,34,37,32,-1,38,39,40,-1,38,40,35,-1,41,39,38,-1,40,36,35,-1,37,33,32,-1,36,37,34,-1,33,30,29,-1,14,28,27,-1,13,15,24,-1,21,20,25,-1,23,25,24,-1,16,22,19,-1,17,8,18,-1,16,18,22,-1,8,17,6,-1,42,43,44,-1,44,45,42,-1,45,46,42,-1,47,48,46,-1,46,45,47,-1,46,48,49,-1,45,50,47,-1,51,52,50,-1,50,52,47,-1,51,53,52,-1,54,55,56,-1,57,58,59,-1,60,57,61,-1,62,63,64,-1,63,65,61,-1,66,67,68,-1,58,69,70,-1,71,72,73,-1,74,75,76,-1,75,74,77,-1,78,79,80,-1,76,75,56,-1,81,76,56,-1,81,56,55,-1,73,82,83,-1,71,84,72,-1,54,85,55,-1,86,87,88,-1,89,85,54,-1,90,91,85,-1,85,89,90,-1,92,93,86,-1,94,95,79,-1,72,84,92,-1,96,69,78,-1,68,67,77,-1,68,77,74,-1,66,62,64,-1,66,64,67,-1,62,65,63,-1,65,60,61,-1,60,58,57,-1,59,58,70,-1,70,69,96,-1,96,78,80,-1,80,79,95,-1,94,83,82,-1,94,82,95,-1,83,71,73,-1,86,88,92,-1,84,93,92,-1,87,97,88,-1,85,91,87,-1,97,87,91,-1,98,99,100,-1,101,102,103,-1,103,104,105,-1,99,106,107,-1,108,101,109,-1,99,98,106,-1,110,108,106,-1,108,110,101,-1,111,112,100,-1,100,112,98,-1,103,105,100,-1,100,105,111,-1,104,103,102,-1,110,102,101,-1,106,98,110,-1,113,114,115,-1,115,116,113,-1,116,117,113,-1,118,119,117,-1,117,116,118,-1,117,119,120,-1,116,121,118,-1,122,123,121,-1,121,123,118,-1,122,124,123,-1,125,126,127,-1,128,129,130,-1,129,131,130,-1,125,127,132,-1,133,134,135,-1,127,136,132,-1,134,137,135,-1,138,136,139,-1,132,136,138,-1,140,141,142,-1,143,129,128,-1,144,145,146,-1,146,137,147,-1,148,149,144,-1,150,133,151,-1,152,153,154,-1,155,156,157,-1,158,159,154,-1,142,141,158,-1,160,161,157,-1,154,162,163,-1,139,129,143,-1,142,130,131,-1,139,143,138,-1,156,155,164,-1,165,166,150,-1,160,167,161,-1,155,157,161,-1,165,153,166,-1,154,159,152,-1,161,167,131,-1,131,167,140,-1,142,131,140,-1,158,163,142,-1,154,163,158,-1,152,166,153,-1,151,133,135,-1,165,150,151,-1,147,144,146,-1,134,147,137,-1,145,144,149,-1,156,164,148,-1,149,148,164,-1,168,169,170,-1,171,172,173,-1,173,174,175,-1,176,177,178,-1,179,180,172,-1,181,179,172,-1,182,183,184,-1,185,186,187,-1,168,176,169,-1,188,189,190,-1,183,191,178,-1,168,177,176,-1,189,188,192,-1,193,190,189,-1,194,195,196,-1,182,184,187,-1,182,187,197,-1,187,186,197,-1,196,198,194,-1,199,200,198,-1,180,200,201,-1,201,200,199,-1,202,203,195,-1,199,198,196,-1,204,205,203,-1,191,176,178,-1,182,191,183,-1,168,170,206,-1,205,204,168,-1,206,205,168,-1,203,202,204,-1,202,195,194,-1,180,201,172,-1,171,181,172,-1,172,174,173,-1,207,192,175,-1,175,174,207,-1,207,208,192,-1,192,208,189,-1,209,210,211,-1,212,213,214,-1,215,216,214,-1,209,217,210,-1,218,219,220,-1,218,220,221,-1,213,212,222,-1,214,223,212,-1,223,214,216,-1,224,221,225,-1,220,219,214,-1,226,227,228,-1,229,228,227,-1,228,229,225,-1,230,226,231,-1,224,225,229,-1,226,230,227,-1,215,214,219,-1,224,218,221,-1,211,216,215,-1,211,215,209,-1,232,233,234,-1,234,235,232,-1,235,236,232,-1,237,238,236,-1,236,235,237,-1,236,238,239,-1,235,240,237,-1,241,242,240,-1,240,242,237,-1,241,243,242,-1,244,245,246,-1,247,248,249,-1,250,247,251,-1,252,253,254,-1,253,255,251,-1,256,257,258,-1,248,259,260,-1,261,262,263,-1,264,265,266,-1,265,264,267,-1,268,269,270,-1,266,265,246,-1,271,266,246,-1,271,246,245,-1,263,272,273,-1,261,274,262,-1,244,275,245,-1,276,277,278,-1,279,275,244,-1,280,281,275,-1,275,279,280,-1,282,283,276,-1,284,285,269,-1,262,274,282,-1,286,259,268,-1,258,257,267,-1,258,267,264,-1,256,252,254,-1,256,254,257,-1,252,255,253,-1,255,250,251,-1,250,248,247,-1,249,248,260,-1,260,259,286,-1,286,268,270,-1,270,269,285,-1,284,273,272,-1,284,272,285,-1,273,261,263,-1,276,278,282,-1,274,283,282,-1,277,287,278,-1,275,281,277,-1,287,277,281,-1,288,289,290,-1,291,292,293,-1,293,294,295,-1,289,296,297,-1,298,291,299,-1,289,288,296,-1,300,298,296,-1,298,300,291,-1,301,302,290,-1,290,302,288,-1,293,295,290,-1,290,295,301,-1,294,293,292,-1,300,292,291,-1,296,288,300,-1,303,304,305,-1,306,307,308,-1,309,310,311,-1,303,312,313,-1,310,314,315,-1,303,313,304,-1,314,310,309,-1,305,311,303,-1,303,311,310,-1,316,303,317,-1,310,317,303,-1,318,319,320,-1,321,322,323,-1,324,325,326,-1,316,317,327,-1,328,329,330,-1,327,331,316,-1,332,333,334,-1,335,336,337,-1,338,339,340,-1,341,335,337,-1,342,343,344,-1,339,345,340,-1,346,345,347,-1,342,338,348,-1,331,327,349,-1,331,346,347,-1,331,349,346,-1,347,345,339,-1,338,340,348,-1,342,348,343,-1,350,351,352,-1,353,344,354,-1,343,354,344,-1,355,356,306,-1,324,357,325,-1,358,359,360,-1,361,362,363,-1,363,364,361,-1,357,359,358,-1,358,360,365,-1,366,367,365,-1,367,366,368,-1,368,369,370,-1,371,372,373,-1,374,375,370,-1,372,375,373,-1,376,377,378,-1,379,380,371,-1,381,382,383,-1,384,385,378,-1,330,386,328,-1,337,387,332,-1,385,384,388,-1,381,383,389,-1,388,390,385,-1,391,392,390,-1,391,390,388,-1,393,322,394,-1,393,395,392,-1,396,397,398,-1,399,400,396,-1,401,402,398,-1,403,404,405,-1,402,406,407,-1,405,408,409,-1,408,410,411,-1,412,413,414,-1,350,335,341,-1,415,332,416,-1,352,335,350,-1,335,417,418,-1,351,419,420,-1,417,335,352,-1,420,419,421,-1,422,319,423,-1,409,424,405,-1,411,425,408,-1,408,425,409,-1,410,422,423,-1,426,415,427,-1,413,428,429,-1,416,430,415,-1,401,406,402,-1,413,431,428,-1,406,431,407,-1,407,431,413,-1,401,398,397,-1,321,400,399,-1,399,396,398,-1,323,400,321,-1,393,394,395,-1,393,323,322,-1,392,395,390,-1,385,376,378,-1,376,383,382,-1,382,377,376,-1,432,383,386,-1,432,389,383,-1,330,433,432,-1,432,386,330,-1,379,434,380,-1,435,434,379,-1,435,433,434,-1,433,435,432,-1,370,375,372,-1,371,380,372,-1,368,366,369,-1,374,370,369,-1,359,357,324,-1,358,365,367,-1,325,361,326,-1,361,364,326,-1,355,306,436,-1,437,326,364,-1,437,356,355,-1,437,364,356,-1,438,308,307,-1,308,436,306,-1,354,438,353,-1,438,307,353,-1,405,424,403,-1,414,429,439,-1,404,421,419,-1,404,403,421,-1,440,352,351,-1,351,420,440,-1,333,332,441,-1,337,336,387,-1,332,387,441,-1,334,416,332,-1,430,427,415,-1,413,412,426,-1,427,413,426,-1,439,429,320,-1,413,429,414,-1,319,422,320,-1,429,318,320,-1,422,410,408,-1,
        ]
    }
}