ISO-10303-21;
HEADER;
FILE_DESCRIPTION(('FreeCAD Model'),'2;1');
FILE_NAME('Open CASCADE Shape Model','2026-08-20T19:55:41',('FreeCAD'),(
    'FreeCAD'),'Open CASCADE STEP processor 7.8','FreeCAD','Unknown');
FILE_SCHEMA(('AUTOMOTIVE_DESIGN { 1 0 10303 214 1 1 1 1 }'));
ENDSEC;
DATA;
#1 = APPLICATION_PROTOCOL_DEFINITION('international standard',
  'automotive_design',2000,#2);
#2 = APPLICATION_CONTEXT(
  'core data for automotive mechanical design processes');
#3 = SHAPE_DEFINITION_REPRESENTATION(#4,#10);
#4 = PRODUCT_DEFINITION_SHAPE('','',#5);
#5 = PRODUCT_DEFINITION('design','',#6,#9);
#6 = PRODUCT_DEFINITION_FORMATION('','',#7);
#7 = PRODUCT('Open CASCADE STEP translator 7.8 1',
  'Open CASCADE STEP translator 7.8 1','',(#8));
#8 = PRODUCT_CONTEXT('',#2,'mechanical');
#9 = PRODUCT_DEFINITION_CONTEXT('part definition',#2,'design');
#10 = SHAPE_REPRESENTATION('',(#11,#15,#453,#603,#753,#903,#1053,#1203,
    #1353,#1503,#1653,#1803,#1953,#2103,#2253,#2403,#2553,#2703,#2853,
    #3003,#3153,#3303,#3453,#3603,#3753),#3903);
#11 = AXIS2_PLACEMENT_3D('',#12,#13,#14);
#12 = CARTESIAN_POINT('',(0.,0.,0.));
#13 = DIRECTION('',(0.,0.,1.));
#14 = DIRECTION('',(1.,0.,-0.));
#15 = MANIFOLD_SOLID_BREP('',#16);
#16 = CLOSED_SHELL('',(#17,#57,#88,#119,#212,#305,#322,#339,#356,#373,
    #385,#402,#419,#436));
#17 = ADVANCED_FACE('',(#18),#52,.T.);
#18 = FACE_BOUND('',#19,.T.);
#19 = EDGE_LOOP('',(#20,#30,#38,#46));
#20 = ORIENTED_EDGE('',*,*,#21,.T.);
#21 = EDGE_CURVE('',#22,#24,#26,.T.);
#22 = VERTEX_POINT('',#23);
#23 = CARTESIAN_POINT('',(130.,-22.,0.));
#24 = VERTEX_POINT('',#25);
#25 = CARTESIAN_POINT('',(130.,-22.,1.51));
#26 = LINE('',#27,#28);
#27 = CARTESIAN_POINT('',(130.,-22.,0.));
#28 = VECTOR('',#29,1.);
#29 = DIRECTION('',(0.,0.,1.));
#30 = ORIENTED_EDGE('',*,*,#31,.T.);
#31 = EDGE_CURVE('',#24,#32,#34,.T.);
#32 = VERTEX_POINT('',#33);
#33 = CARTESIAN_POINT('',(149.,-22.,1.51));
#34 = LINE('',#35,#36);
#35 = CARTESIAN_POINT('',(130.,-22.,1.51));
#36 = VECTOR('',#37,1.);
#37 = DIRECTION('',(1.,0.,0.));
#38 = ORIENTED_EDGE('',*,*,#39,.F.);
#39 = EDGE_CURVE('',#40,#32,#42,.T.);
#40 = VERTEX_POINT('',#41);
#41 = CARTESIAN_POINT('',(149.,-22.,0.));
#42 = LINE('',#43,#44);
#43 = CARTESIAN_POINT('',(149.,-22.,0.));
#44 = VECTOR('',#45,1.);
#45 = DIRECTION('',(0.,0.,1.));
#46 = ORIENTED_EDGE('',*,*,#47,.F.);
#47 = EDGE_CURVE('',#22,#40,#48,.T.);
#48 = LINE('',#49,#50);
#49 = CARTESIAN_POINT('',(130.,-22.,0.));
#50 = VECTOR('',#51,1.);
#51 = DIRECTION('',(1.,0.,0.));
#52 = PLANE('',#53);
#53 = AXIS2_PLACEMENT_3D('',#54,#55,#56);
#54 = CARTESIAN_POINT('',(130.,-22.,0.));
#55 = DIRECTION('',(0.,1.,0.));
#56 = DIRECTION('',(1.,0.,0.));
#57 = ADVANCED_FACE('',(#58),#83,.T.);
#58 = FACE_BOUND('',#59,.T.);
#59 = EDGE_LOOP('',(#60,#70,#76,#77));
#60 = ORIENTED_EDGE('',*,*,#61,.T.);
#61 = EDGE_CURVE('',#62,#64,#66,.T.);
#62 = VERTEX_POINT('',#63);
#63 = CARTESIAN_POINT('',(130.,-21.5,0.));
#64 = VERTEX_POINT('',#65);
#65 = CARTESIAN_POINT('',(130.,-21.5,1.51));
#66 = LINE('',#67,#68);
#67 = CARTESIAN_POINT('',(130.,-21.5,0.));
#68 = VECTOR('',#69,1.);
#69 = DIRECTION('',(0.,0.,1.));
#70 = ORIENTED_EDGE('',*,*,#71,.T.);
#71 = EDGE_CURVE('',#64,#24,#72,.T.);
#72 = LINE('',#73,#74);
#73 = CARTESIAN_POINT('',(130.,-21.5,1.51));
#74 = VECTOR('',#75,1.);
#75 = DIRECTION('',(0.,-1.,0.));
#76 = ORIENTED_EDGE('',*,*,#21,.F.);
#77 = ORIENTED_EDGE('',*,*,#78,.F.);
#78 = EDGE_CURVE('',#62,#22,#79,.T.);
#79 = LINE('',#80,#81);
#80 = CARTESIAN_POINT('',(130.,-21.5,0.));
#81 = VECTOR('',#82,1.);
#82 = DIRECTION('',(0.,-1.,0.));
#83 = PLANE('',#84);
#84 = AXIS2_PLACEMENT_3D('',#85,#86,#87);
#85 = CARTESIAN_POINT('',(130.,-21.5,0.));
#86 = DIRECTION('',(1.,0.,0.));
#87 = DIRECTION('',(0.,-1.,0.));
#88 = ADVANCED_FACE('',(#89),#114,.T.);
#89 = FACE_BOUND('',#90,.T.);
#90 = EDGE_LOOP('',(#91,#92,#100,#108));
#91 = ORIENTED_EDGE('',*,*,#39,.T.);
#92 = ORIENTED_EDGE('',*,*,#93,.T.);
#93 = EDGE_CURVE('',#32,#94,#96,.T.);
#94 = VERTEX_POINT('',#95);
#95 = CARTESIAN_POINT('',(149.,-44.2,1.51));
#96 = LINE('',#97,#98);
#97 = CARTESIAN_POINT('',(149.,-22.,1.51));
#98 = VECTOR('',#99,1.);
#99 = DIRECTION('',(0.,-1.,0.));
#100 = ORIENTED_EDGE('',*,*,#101,.F.);
#101 = EDGE_CURVE('',#102,#94,#104,.T.);
#102 = VERTEX_POINT('',#103);
#103 = CARTESIAN_POINT('',(149.,-44.2,0.));
#104 = LINE('',#105,#106);
#105 = CARTESIAN_POINT('',(149.,-44.2,0.));
#106 = VECTOR('',#107,1.);
#107 = DIRECTION('',(0.,0.,1.));
#108 = ORIENTED_EDGE('',*,*,#109,.F.);
#109 = EDGE_CURVE('',#40,#102,#110,.T.);
#110 = LINE('',#111,#112);
#111 = CARTESIAN_POINT('',(149.,-22.,0.));
#112 = VECTOR('',#113,1.);
#113 = DIRECTION('',(0.,-1.,0.));
#114 = PLANE('',#115);
#115 = AXIS2_PLACEMENT_3D('',#116,#117,#118);
#116 = CARTESIAN_POINT('',(149.,-22.,0.));
#117 = DIRECTION('',(1.,0.,0.));
#118 = DIRECTION('',(0.,-1.,0.));
#119 = ADVANCED_FACE('',(#120,#163,#174,#185,#196),#207,.F.);
#120 = FACE_BOUND('',#121,.F.);
#121 = EDGE_LOOP('',(#122,#123,#124,#132,#140,#148,#156,#162));
#122 = ORIENTED_EDGE('',*,*,#47,.F.);
#123 = ORIENTED_EDGE('',*,*,#78,.F.);
#124 = ORIENTED_EDGE('',*,*,#125,.F.);
#125 = EDGE_CURVE('',#126,#62,#128,.T.);
#126 = VERTEX_POINT('',#127);
#127 = CARTESIAN_POINT('',(110.,-21.5,0.));
#128 = LINE('',#129,#130);
#129 = CARTESIAN_POINT('',(110.,-21.5,0.));
#130 = VECTOR('',#131,1.);
#131 = DIRECTION('',(1.,0.,0.));
#132 = ORIENTED_EDGE('',*,*,#133,.F.);
#133 = EDGE_CURVE('',#134,#126,#136,.T.);
#134 = VERTEX_POINT('',#135);
#135 = CARTESIAN_POINT('',(110.,-22.,0.));
#136 = LINE('',#137,#138);
#137 = CARTESIAN_POINT('',(110.,-22.,0.));
#138 = VECTOR('',#139,1.);
#139 = DIRECTION('',(0.,1.,0.));
#140 = ORIENTED_EDGE('',*,*,#141,.F.);
#141 = EDGE_CURVE('',#142,#134,#144,.T.);
#142 = VERTEX_POINT('',#143);
#143 = CARTESIAN_POINT('',(91.,-22.,0.));
#144 = LINE('',#145,#146);
#145 = CARTESIAN_POINT('',(91.,-22.,0.));
#146 = VECTOR('',#147,1.);
#147 = DIRECTION('',(1.,0.,0.));
#148 = ORIENTED_EDGE('',*,*,#149,.F.);
#149 = EDGE_CURVE('',#150,#142,#152,.T.);
#150 = VERTEX_POINT('',#151);
#151 = CARTESIAN_POINT('',(91.,-44.2,0.));
#152 = LINE('',#153,#154);
#153 = CARTESIAN_POINT('',(91.,-44.2,0.));
#154 = VECTOR('',#155,1.);
#155 = DIRECTION('',(0.,1.,0.));
#156 = ORIENTED_EDGE('',*,*,#157,.F.);
#157 = EDGE_CURVE('',#102,#150,#158,.T.);
#158 = LINE('',#159,#160);
#159 = CARTESIAN_POINT('',(149.,-44.2,0.));
#160 = VECTOR('',#161,1.);
#161 = DIRECTION('',(-1.,0.,0.));
#162 = ORIENTED_EDGE('',*,*,#109,.F.);
#163 = FACE_BOUND('',#164,.F.);
#164 = EDGE_LOOP('',(#165));
#165 = ORIENTED_EDGE('',*,*,#166,.T.);
#166 = EDGE_CURVE('',#167,#167,#169,.T.);
#167 = VERTEX_POINT('',#168);
#168 = CARTESIAN_POINT('',(94.5,-42.075,0.));
#169 = CIRCLE('',#170,1.375);
#170 = AXIS2_PLACEMENT_3D('',#171,#172,#173);
#171 = CARTESIAN_POINT('',(94.5,-40.7,0.));
#172 = DIRECTION('',(-0.,-0.,-1.));
#173 = DIRECTION('',(0.,-1.,0.));
#174 = FACE_BOUND('',#175,.F.);
#175 = EDGE_LOOP('',(#176));
#176 = ORIENTED_EDGE('',*,*,#177,.T.);
#177 = EDGE_CURVE('',#178,#178,#180,.T.);
#178 = VERTEX_POINT('',#179);
#179 = CARTESIAN_POINT('',(145.5,-42.075,0.));
#180 = CIRCLE('',#181,1.375);
#181 = AXIS2_PLACEMENT_3D('',#182,#183,#184);
#182 = CARTESIAN_POINT('',(145.5,-40.7,0.));
#183 = DIRECTION('',(-0.,-0.,-1.));
#184 = DIRECTION('',(0.,-1.,0.));
#185 = FACE_BOUND('',#186,.F.);
#186 = EDGE_LOOP('',(#187));
#187 = ORIENTED_EDGE('',*,*,#188,.T.);
#188 = EDGE_CURVE('',#189,#189,#191,.T.);
#189 = VERTEX_POINT('',#190);
#190 = CARTESIAN_POINT('',(94.5,-26.875,0.));
#191 = CIRCLE('',#192,1.375);
#192 = AXIS2_PLACEMENT_3D('',#193,#194,#195);
#193 = CARTESIAN_POINT('',(94.5,-25.5,0.));
#194 = DIRECTION('',(-0.,-0.,-1.));
#195 = DIRECTION('',(0.,-1.,0.));
#196 = FACE_BOUND('',#197,.F.);
#197 = EDGE_LOOP('',(#198));
#198 = ORIENTED_EDGE('',*,*,#199,.T.);
#199 = EDGE_CURVE('',#200,#200,#202,.T.);
#200 = VERTEX_POINT('',#201);
#201 = CARTESIAN_POINT('',(145.5,-26.875,0.));
#202 = CIRCLE('',#203,1.375);
#203 = AXIS2_PLACEMENT_3D('',#204,#205,#206);
#204 = CARTESIAN_POINT('',(145.5,-25.5,0.));
#205 = DIRECTION('',(-0.,-0.,-1.));
#206 = DIRECTION('',(0.,-1.,0.));
#207 = PLANE('',#208);
#208 = AXIS2_PLACEMENT_3D('',#209,#210,#211);
#209 = CARTESIAN_POINT('',(0.,0.,0.));
#210 = DIRECTION('',(0.,0.,1.));
#211 = DIRECTION('',(1.,0.,0.));
#212 = ADVANCED_FACE('',(#213,#256,#267,#278,#289),#300,.T.);
#213 = FACE_BOUND('',#214,.T.);
#214 = EDGE_LOOP('',(#215,#216,#217,#225,#233,#241,#249,#255));
#215 = ORIENTED_EDGE('',*,*,#31,.F.);
#216 = ORIENTED_EDGE('',*,*,#71,.F.);
#217 = ORIENTED_EDGE('',*,*,#218,.F.);
#218 = EDGE_CURVE('',#219,#64,#221,.T.);
#219 = VERTEX_POINT('',#220);
#220 = CARTESIAN_POINT('',(110.,-21.5,1.51));
#221 = LINE('',#222,#223);
#222 = CARTESIAN_POINT('',(110.,-21.5,1.51));
#223 = VECTOR('',#224,1.);
#224 = DIRECTION('',(1.,0.,0.));
#225 = ORIENTED_EDGE('',*,*,#226,.F.);
#226 = EDGE_CURVE('',#227,#219,#229,.T.);
#227 = VERTEX_POINT('',#228);
#228 = CARTESIAN_POINT('',(110.,-22.,1.51));
#229 = LINE('',#230,#231);
#230 = CARTESIAN_POINT('',(110.,-22.,1.51));
#231 = VECTOR('',#232,1.);
#232 = DIRECTION('',(0.,1.,0.));
#233 = ORIENTED_EDGE('',*,*,#234,.F.);
#234 = EDGE_CURVE('',#235,#227,#237,.T.);
#235 = VERTEX_POINT('',#236);
#236 = CARTESIAN_POINT('',(91.,-22.,1.51));
#237 = LINE('',#238,#239);
#238 = CARTESIAN_POINT('',(91.,-22.,1.51));
#239 = VECTOR('',#240,1.);
#240 = DIRECTION('',(1.,0.,0.));
#241 = ORIENTED_EDGE('',*,*,#242,.F.);
#242 = EDGE_CURVE('',#243,#235,#245,.T.);
#243 = VERTEX_POINT('',#244);
#244 = CARTESIAN_POINT('',(91.,-44.2,1.51));
#245 = LINE('',#246,#247);
#246 = CARTESIAN_POINT('',(91.,-44.2,1.51));
#247 = VECTOR('',#248,1.);
#248 = DIRECTION('',(0.,1.,0.));
#249 = ORIENTED_EDGE('',*,*,#250,.F.);
#250 = EDGE_CURVE('',#94,#243,#251,.T.);
#251 = LINE('',#252,#253);
#252 = CARTESIAN_POINT('',(149.,-44.2,1.51));
#253 = VECTOR('',#254,1.);
#254 = DIRECTION('',(-1.,0.,0.));
#255 = ORIENTED_EDGE('',*,*,#93,.F.);
#256 = FACE_BOUND('',#257,.T.);
#257 = EDGE_LOOP('',(#258));
#258 = ORIENTED_EDGE('',*,*,#259,.T.);
#259 = EDGE_CURVE('',#260,#260,#262,.T.);
#260 = VERTEX_POINT('',#261);
#261 = CARTESIAN_POINT('',(94.5,-42.075,1.51));
#262 = CIRCLE('',#263,1.375);
#263 = AXIS2_PLACEMENT_3D('',#264,#265,#266);
#264 = CARTESIAN_POINT('',(94.5,-40.7,1.51));
#265 = DIRECTION('',(-0.,-0.,-1.));
#266 = DIRECTION('',(0.,-1.,0.));
#267 = FACE_BOUND('',#268,.T.);
#268 = EDGE_LOOP('',(#269));
#269 = ORIENTED_EDGE('',*,*,#270,.T.);
#270 = EDGE_CURVE('',#271,#271,#273,.T.);
#271 = VERTEX_POINT('',#272);
#272 = CARTESIAN_POINT('',(145.5,-42.075,1.51));
#273 = CIRCLE('',#274,1.375);
#274 = AXIS2_PLACEMENT_3D('',#275,#276,#277);
#275 = CARTESIAN_POINT('',(145.5,-40.7,1.51));
#276 = DIRECTION('',(-0.,-0.,-1.));
#277 = DIRECTION('',(0.,-1.,0.));
#278 = FACE_BOUND('',#279,.T.);
#279 = EDGE_LOOP('',(#280));
#280 = ORIENTED_EDGE('',*,*,#281,.T.);
#281 = EDGE_CURVE('',#282,#282,#284,.T.);
#282 = VERTEX_POINT('',#283);
#283 = CARTESIAN_POINT('',(94.5,-26.875,1.51));
#284 = CIRCLE('',#285,1.375);
#285 = AXIS2_PLACEMENT_3D('',#286,#287,#288);
#286 = CARTESIAN_POINT('',(94.5,-25.5,1.51));
#287 = DIRECTION('',(-0.,-0.,-1.));
#288 = DIRECTION('',(0.,-1.,0.));
#289 = FACE_BOUND('',#290,.T.);
#290 = EDGE_LOOP('',(#291));
#291 = ORIENTED_EDGE('',*,*,#292,.T.);
#292 = EDGE_CURVE('',#293,#293,#295,.T.);
#293 = VERTEX_POINT('',#294);
#294 = CARTESIAN_POINT('',(145.5,-26.875,1.51));
#295 = CIRCLE('',#296,1.375);
#296 = AXIS2_PLACEMENT_3D('',#297,#298,#299);
#297 = CARTESIAN_POINT('',(145.5,-25.5,1.51));
#298 = DIRECTION('',(-0.,-0.,-1.));
#299 = DIRECTION('',(0.,-1.,0.));
#300 = PLANE('',#301);
#301 = AXIS2_PLACEMENT_3D('',#302,#303,#304);
#302 = CARTESIAN_POINT('',(0.,0.,1.51));
#303 = DIRECTION('',(0.,0.,1.));
#304 = DIRECTION('',(1.,0.,0.));
#305 = ADVANCED_FACE('',(#306),#317,.T.);
#306 = FACE_BOUND('',#307,.T.);
#307 = EDGE_LOOP('',(#308,#314,#315,#316));
#308 = ORIENTED_EDGE('',*,*,#309,.T.);
#309 = EDGE_CURVE('',#126,#219,#310,.T.);
#310 = LINE('',#311,#312);
#311 = CARTESIAN_POINT('',(110.,-21.5,0.));
#312 = VECTOR('',#313,1.);
#313 = DIRECTION('',(0.,0.,1.));
#314 = ORIENTED_EDGE('',*,*,#218,.T.);
#315 = ORIENTED_EDGE('',*,*,#61,.F.);
#316 = ORIENTED_EDGE('',*,*,#125,.F.);
#317 = PLANE('',#318);
#318 = AXIS2_PLACEMENT_3D('',#319,#320,#321);
#319 = CARTESIAN_POINT('',(110.,-21.5,0.));
#320 = DIRECTION('',(0.,1.,0.));
#321 = DIRECTION('',(1.,0.,0.));
#322 = ADVANCED_FACE('',(#323),#334,.T.);
#323 = FACE_BOUND('',#324,.T.);
#324 = EDGE_LOOP('',(#325,#326,#327,#333));
#325 = ORIENTED_EDGE('',*,*,#101,.T.);
#326 = ORIENTED_EDGE('',*,*,#250,.T.);
#327 = ORIENTED_EDGE('',*,*,#328,.F.);
#328 = EDGE_CURVE('',#150,#243,#329,.T.);
#329 = LINE('',#330,#331);
#330 = CARTESIAN_POINT('',(91.,-44.2,0.));
#331 = VECTOR('',#332,1.);
#332 = DIRECTION('',(0.,0.,1.));
#333 = ORIENTED_EDGE('',*,*,#157,.F.);
#334 = PLANE('',#335);
#335 = AXIS2_PLACEMENT_3D('',#336,#337,#338);
#336 = CARTESIAN_POINT('',(149.,-44.2,0.));
#337 = DIRECTION('',(0.,-1.,0.));
#338 = DIRECTION('',(-1.,0.,0.));
#339 = ADVANCED_FACE('',(#340),#351,.T.);
#340 = FACE_BOUND('',#341,.T.);
#341 = EDGE_LOOP('',(#342,#348,#349,#350));
#342 = ORIENTED_EDGE('',*,*,#343,.T.);
#343 = EDGE_CURVE('',#134,#227,#344,.T.);
#344 = LINE('',#345,#346);
#345 = CARTESIAN_POINT('',(110.,-22.,0.));
#346 = VECTOR('',#347,1.);
#347 = DIRECTION('',(0.,0.,1.));
#348 = ORIENTED_EDGE('',*,*,#226,.T.);
#349 = ORIENTED_EDGE('',*,*,#309,.F.);
#350 = ORIENTED_EDGE('',*,*,#133,.F.);
#351 = PLANE('',#352);
#352 = AXIS2_PLACEMENT_3D('',#353,#354,#355);
#353 = CARTESIAN_POINT('',(110.,-22.,0.));
#354 = DIRECTION('',(-1.,0.,0.));
#355 = DIRECTION('',(0.,1.,0.));
#356 = ADVANCED_FACE('',(#357),#368,.T.);
#357 = FACE_BOUND('',#358,.T.);
#358 = EDGE_LOOP('',(#359,#360,#361,#367));
#359 = ORIENTED_EDGE('',*,*,#328,.T.);
#360 = ORIENTED_EDGE('',*,*,#242,.T.);
#361 = ORIENTED_EDGE('',*,*,#362,.F.);
#362 = EDGE_CURVE('',#142,#235,#363,.T.);
#363 = LINE('',#364,#365);
#364 = CARTESIAN_POINT('',(91.,-22.,0.));
#365 = VECTOR('',#366,1.);
#366 = DIRECTION('',(0.,0.,1.));
#367 = ORIENTED_EDGE('',*,*,#149,.F.);
#368 = PLANE('',#369);
#369 = AXIS2_PLACEMENT_3D('',#370,#371,#372);
#370 = CARTESIAN_POINT('',(91.,-44.2,0.));
#371 = DIRECTION('',(-1.,0.,0.));
#372 = DIRECTION('',(0.,1.,0.));
#373 = ADVANCED_FACE('',(#374),#380,.T.);
#374 = FACE_BOUND('',#375,.T.);
#375 = EDGE_LOOP('',(#376,#377,#378,#379));
#376 = ORIENTED_EDGE('',*,*,#362,.T.);
#377 = ORIENTED_EDGE('',*,*,#234,.T.);
#378 = ORIENTED_EDGE('',*,*,#343,.F.);
#379 = ORIENTED_EDGE('',*,*,#141,.F.);
#380 = PLANE('',#381);
#381 = AXIS2_PLACEMENT_3D('',#382,#383,#384);
#382 = CARTESIAN_POINT('',(91.,-22.,0.));
#383 = DIRECTION('',(0.,1.,0.));
#384 = DIRECTION('',(1.,0.,0.));
#385 = ADVANCED_FACE('',(#386),#397,.F.);
#386 = FACE_BOUND('',#387,.F.);
#387 = EDGE_LOOP('',(#388,#394,#395,#396));
#388 = ORIENTED_EDGE('',*,*,#389,.T.);
#389 = EDGE_CURVE('',#167,#260,#390,.T.);
#390 = LINE('',#391,#392);
#391 = CARTESIAN_POINT('',(94.5,-42.075,-4.6E-02));
#392 = VECTOR('',#393,1.);
#393 = DIRECTION('',(0.,0.,1.));
#394 = ORIENTED_EDGE('',*,*,#259,.T.);
#395 = ORIENTED_EDGE('',*,*,#389,.F.);
#396 = ORIENTED_EDGE('',*,*,#166,.F.);
#397 = CYLINDRICAL_SURFACE('',#398,1.375);
#398 = AXIS2_PLACEMENT_3D('',#399,#400,#401);
#399 = CARTESIAN_POINT('',(94.5,-40.7,-4.6E-02));
#400 = DIRECTION('',(-0.,-0.,-1.));
#401 = DIRECTION('',(0.,-1.,0.));
#402 = ADVANCED_FACE('',(#403),#414,.F.);
#403 = FACE_BOUND('',#404,.F.);
#404 = EDGE_LOOP('',(#405,#411,#412,#413));
#405 = ORIENTED_EDGE('',*,*,#406,.T.);
#406 = EDGE_CURVE('',#178,#271,#407,.T.);
#407 = LINE('',#408,#409);
#408 = CARTESIAN_POINT('',(145.5,-42.075,-4.6E-02));
#409 = VECTOR('',#410,1.);
#410 = DIRECTION('',(0.,0.,1.));
#411 = ORIENTED_EDGE('',*,*,#270,.T.);
#412 = ORIENTED_EDGE('',*,*,#406,.F.);
#413 = ORIENTED_EDGE('',*,*,#177,.F.);
#414 = CYLINDRICAL_SURFACE('',#415,1.375);
#415 = AXIS2_PLACEMENT_3D('',#416,#417,#418);
#416 = CARTESIAN_POINT('',(145.5,-40.7,-4.6E-02));
#417 = DIRECTION('',(-0.,-0.,-1.));
#418 = DIRECTION('',(0.,-1.,0.));
#419 = ADVANCED_FACE('',(#420),#431,.F.);
#420 = FACE_BOUND('',#421,.F.);
#421 = EDGE_LOOP('',(#422,#428,#429,#430));
#422 = ORIENTED_EDGE('',*,*,#423,.T.);
#423 = EDGE_CURVE('',#189,#282,#424,.T.);
#424 = LINE('',#425,#426);
#425 = CARTESIAN_POINT('',(94.5,-26.875,-4.6E-02));
#426 = VECTOR('',#427,1.);
#427 = DIRECTION('',(0.,0.,1.));
#428 = ORIENTED_EDGE('',*,*,#281,.T.);
#429 = ORIENTED_EDGE('',*,*,#423,.F.);
#430 = ORIENTED_EDGE('',*,*,#188,.F.);
#431 = CYLINDRICAL_SURFACE('',#432,1.375);
#432 = AXIS2_PLACEMENT_3D('',#433,#434,#435);
#433 = CARTESIAN_POINT('',(94.5,-25.5,-4.6E-02));
#434 = DIRECTION('',(-0.,-0.,-1.));
#435 = DIRECTION('',(0.,-1.,0.));
#436 = ADVANCED_FACE('',(#437),#448,.F.);
#437 = FACE_BOUND('',#438,.F.);
#438 = EDGE_LOOP('',(#439,#445,#446,#447));
#439 = ORIENTED_EDGE('',*,*,#440,.T.);
#440 = EDGE_CURVE('',#200,#293,#441,.T.);
#441 = LINE('',#442,#443);
#442 = CARTESIAN_POINT('',(145.5,-26.875,-4.6E-02));
#443 = VECTOR('',#444,1.);
#444 = DIRECTION('',(0.,0.,1.));
#445 = ORIENTED_EDGE('',*,*,#292,.T.);
#446 = ORIENTED_EDGE('',*,*,#440,.F.);
#447 = ORIENTED_EDGE('',*,*,#199,.F.);
#448 = CYLINDRICAL_SURFACE('',#449,1.375);
#449 = AXIS2_PLACEMENT_3D('',#450,#451,#452);
#450 = CARTESIAN_POINT('',(145.5,-25.5,-4.6E-02));
#451 = DIRECTION('',(-0.,-0.,-1.));
#452 = DIRECTION('',(0.,-1.,0.));
#453 = MANIFOLD_SOLID_BREP('',#454);
#454 = CLOSED_SHELL('',(#455,#495,#535,#557,#579,#591));
#455 = ADVANCED_FACE('',(#456),#490,.F.);
#456 = FACE_BOUND('',#457,.F.);
#457 = EDGE_LOOP('',(#458,#468,#476,#484));
#458 = ORIENTED_EDGE('',*,*,#459,.F.);
#459 = EDGE_CURVE('',#460,#462,#464,.T.);
#460 = VERTEX_POINT('',#461);
#461 = CARTESIAN_POINT('',(109.7,-42.325,1.565));
#462 = VERTEX_POINT('',#463);
#463 = CARTESIAN_POINT('',(109.7,-42.325,2.895));
#464 = LINE('',#465,#466);
#465 = CARTESIAN_POINT('',(109.7,-42.325,1.565));
#466 = VECTOR('',#467,1.);
#467 = DIRECTION('',(0.,0.,1.));
#468 = ORIENTED_EDGE('',*,*,#469,.T.);
#469 = EDGE_CURVE('',#460,#470,#472,.T.);
#470 = VERTEX_POINT('',#471);
#471 = CARTESIAN_POINT('',(109.7,-39.725,1.565));
#472 = LINE('',#473,#474);
#473 = CARTESIAN_POINT('',(109.7,-42.325,1.565));
#474 = VECTOR('',#475,1.);
#475 = DIRECTION('',(-0.,1.,0.));
#476 = ORIENTED_EDGE('',*,*,#477,.T.);
#477 = EDGE_CURVE('',#470,#478,#480,.T.);
#478 = VERTEX_POINT('',#479);
#479 = CARTESIAN_POINT('',(109.7,-39.725,2.895));
#480 = LINE('',#481,#482);
#481 = CARTESIAN_POINT('',(109.7,-39.725,1.565));
#482 = VECTOR('',#483,1.);
#483 = DIRECTION('',(0.,0.,1.));
#484 = ORIENTED_EDGE('',*,*,#485,.F.);
#485 = EDGE_CURVE('',#462,#478,#486,.T.);
#486 = LINE('',#487,#488);
#487 = CARTESIAN_POINT('',(109.7,-42.325,2.895));
#488 = VECTOR('',#489,1.);
#489 = DIRECTION('',(-0.,1.,0.));
#490 = PLANE('',#491);
#491 = AXIS2_PLACEMENT_3D('',#492,#493,#494);
#492 = CARTESIAN_POINT('',(109.7,-42.325,1.565));
#493 = DIRECTION('',(1.,0.,-0.));
#494 = DIRECTION('',(0.,0.,1.));
#495 = ADVANCED_FACE('',(#496),#530,.T.);
#496 = FACE_BOUND('',#497,.T.);
#497 = EDGE_LOOP('',(#498,#508,#516,#524));
#498 = ORIENTED_EDGE('',*,*,#499,.F.);
#499 = EDGE_CURVE('',#500,#502,#504,.T.);
#500 = VERTEX_POINT('',#501);
#501 = CARTESIAN_POINT('',(127.3,-42.325,1.565));
#502 = VERTEX_POINT('',#503);
#503 = CARTESIAN_POINT('',(127.3,-42.325,2.895));
#504 = LINE('',#505,#506);
#505 = CARTESIAN_POINT('',(127.3,-42.325,1.565));
#506 = VECTOR('',#507,1.);
#507 = DIRECTION('',(0.,0.,1.));
#508 = ORIENTED_EDGE('',*,*,#509,.T.);
#509 = EDGE_CURVE('',#500,#510,#512,.T.);
#510 = VERTEX_POINT('',#511);
#511 = CARTESIAN_POINT('',(127.3,-39.725,1.565));
#512 = LINE('',#513,#514);
#513 = CARTESIAN_POINT('',(127.3,-42.325,1.565));
#514 = VECTOR('',#515,1.);
#515 = DIRECTION('',(-0.,1.,0.));
#516 = ORIENTED_EDGE('',*,*,#517,.T.);
#517 = EDGE_CURVE('',#510,#518,#520,.T.);
#518 = VERTEX_POINT('',#519);
#519 = CARTESIAN_POINT('',(127.3,-39.725,2.895));
#520 = LINE('',#521,#522);
#521 = CARTESIAN_POINT('',(127.3,-39.725,1.565));
#522 = VECTOR('',#523,1.);
#523 = DIRECTION('',(0.,0.,1.));
#524 = ORIENTED_EDGE('',*,*,#525,.F.);
#525 = EDGE_CURVE('',#502,#518,#526,.T.);
#526 = LINE('',#527,#528);
#527 = CARTESIAN_POINT('',(127.3,-42.325,2.895));
#528 = VECTOR('',#529,1.);
#529 = DIRECTION('',(-0.,1.,0.));
#530 = PLANE('',#531);
#531 = AXIS2_PLACEMENT_3D('',#532,#533,#534);
#532 = CARTESIAN_POINT('',(127.3,-42.325,1.565));
#533 = DIRECTION('',(1.,0.,-0.));
#534 = DIRECTION('',(0.,0.,1.));
#535 = ADVANCED_FACE('',(#536),#552,.F.);
#536 = FACE_BOUND('',#537,.F.);
#537 = EDGE_LOOP('',(#538,#544,#545,#551));
#538 = ORIENTED_EDGE('',*,*,#539,.F.);
#539 = EDGE_CURVE('',#460,#500,#540,.T.);
#540 = LINE('',#541,#542);
#541 = CARTESIAN_POINT('',(109.7,-42.325,1.565));
#542 = VECTOR('',#543,1.);
#543 = DIRECTION('',(1.,0.,-0.));
#544 = ORIENTED_EDGE('',*,*,#459,.T.);
#545 = ORIENTED_EDGE('',*,*,#546,.T.);
#546 = EDGE_CURVE('',#462,#502,#547,.T.);
#547 = LINE('',#548,#549);
#548 = CARTESIAN_POINT('',(109.7,-42.325,2.895));
#549 = VECTOR('',#550,1.);
#550 = DIRECTION('',(1.,0.,-0.));
#551 = ORIENTED_EDGE('',*,*,#499,.F.);
#552 = PLANE('',#553);
#553 = AXIS2_PLACEMENT_3D('',#554,#555,#556);
#554 = CARTESIAN_POINT('',(109.7,-42.325,1.565));
#555 = DIRECTION('',(-0.,1.,0.));
#556 = DIRECTION('',(0.,0.,1.));
#557 = ADVANCED_FACE('',(#558),#574,.T.);
#558 = FACE_BOUND('',#559,.T.);
#559 = EDGE_LOOP('',(#560,#566,#567,#573));
#560 = ORIENTED_EDGE('',*,*,#561,.F.);
#561 = EDGE_CURVE('',#470,#510,#562,.T.);
#562 = LINE('',#563,#564);
#563 = CARTESIAN_POINT('',(109.7,-39.725,1.565));
#564 = VECTOR('',#565,1.);
#565 = DIRECTION('',(1.,0.,-0.));
#566 = ORIENTED_EDGE('',*,*,#477,.T.);
#567 = ORIENTED_EDGE('',*,*,#568,.T.);
#568 = EDGE_CURVE('',#478,#518,#569,.T.);
#569 = LINE('',#570,#571);
#570 = CARTESIAN_POINT('',(109.7,-39.725,2.895));
#571 = VECTOR('',#572,1.);
#572 = DIRECTION('',(1.,0.,-0.));
#573 = ORIENTED_EDGE('',*,*,#517,.F.);
#574 = PLANE('',#575);
#575 = AXIS2_PLACEMENT_3D('',#576,#577,#578);
#576 = CARTESIAN_POINT('',(109.7,-39.725,1.565));
#577 = DIRECTION('',(-0.,1.,0.));
#578 = DIRECTION('',(0.,0.,1.));
#579 = ADVANCED_FACE('',(#580),#586,.F.);
#580 = FACE_BOUND('',#581,.F.);
#581 = EDGE_LOOP('',(#582,#583,#584,#585));
#582 = ORIENTED_EDGE('',*,*,#469,.F.);
#583 = ORIENTED_EDGE('',*,*,#539,.T.);
#584 = ORIENTED_EDGE('',*,*,#509,.T.);
#585 = ORIENTED_EDGE('',*,*,#561,.F.);
#586 = PLANE('',#587);
#587 = AXIS2_PLACEMENT_3D('',#588,#589,#590);
#588 = CARTESIAN_POINT('',(109.7,-42.325,1.565));
#589 = DIRECTION('',(0.,0.,1.));
#590 = DIRECTION('',(1.,0.,-0.));
#591 = ADVANCED_FACE('',(#592),#598,.T.);
#592 = FACE_BOUND('',#593,.T.);
#593 = EDGE_LOOP('',(#594,#595,#596,#597));
#594 = ORIENTED_EDGE('',*,*,#485,.F.);
#595 = ORIENTED_EDGE('',*,*,#546,.T.);
#596 = ORIENTED_EDGE('',*,*,#525,.T.);
#597 = ORIENTED_EDGE('',*,*,#568,.F.);
#598 = PLANE('',#599);
#599 = AXIS2_PLACEMENT_3D('',#600,#601,#602);
#600 = CARTESIAN_POINT('',(109.7,-42.325,2.895));
#601 = DIRECTION('',(0.,0.,1.));
#602 = DIRECTION('',(1.,0.,-0.));
#603 = MANIFOLD_SOLID_BREP('',#604);
#604 = CLOSED_SHELL('',(#605,#645,#685,#707,#729,#741));
#605 = ADVANCED_FACE('',(#606),#640,.F.);
#606 = FACE_BOUND('',#607,.F.);
#607 = EDGE_LOOP('',(#608,#618,#626,#634));
#608 = ORIENTED_EDGE('',*,*,#609,.F.);
#609 = EDGE_CURVE('',#610,#612,#614,.T.);
#610 = VERTEX_POINT('',#611);
#611 = CARTESIAN_POINT('',(112.,-38.5,1.595));
#612 = VERTEX_POINT('',#613);
#613 = CARTESIAN_POINT('',(112.,-38.5,2.395));
#614 = LINE('',#615,#616);
#615 = CARTESIAN_POINT('',(112.,-38.5,1.595));
#616 = VECTOR('',#617,1.);
#617 = DIRECTION('',(0.,0.,1.));
#618 = ORIENTED_EDGE('',*,*,#619,.T.);
#619 = EDGE_CURVE('',#610,#620,#622,.T.);
#620 = VERTEX_POINT('',#621);
#621 = CARTESIAN_POINT('',(112.,-37.7,1.595));
#622 = LINE('',#623,#624);
#623 = CARTESIAN_POINT('',(112.,-38.5,1.595));
#624 = VECTOR('',#625,1.);
#625 = DIRECTION('',(-0.,1.,0.));
#626 = ORIENTED_EDGE('',*,*,#627,.T.);
#627 = EDGE_CURVE('',#620,#628,#630,.T.);
#628 = VERTEX_POINT('',#629);
#629 = CARTESIAN_POINT('',(112.,-37.7,2.395));
#630 = LINE('',#631,#632);
#631 = CARTESIAN_POINT('',(112.,-37.7,1.595));
#632 = VECTOR('',#633,1.);
#633 = DIRECTION('',(0.,0.,1.));
#634 = ORIENTED_EDGE('',*,*,#635,.F.);
#635 = EDGE_CURVE('',#612,#628,#636,.T.);
#636 = LINE('',#637,#638);
#637 = CARTESIAN_POINT('',(112.,-38.5,2.395));
#638 = VECTOR('',#639,1.);
#639 = DIRECTION('',(-0.,1.,0.));
#640 = PLANE('',#641);
#641 = AXIS2_PLACEMENT_3D('',#642,#643,#644);
#642 = CARTESIAN_POINT('',(112.,-38.5,1.595));
#643 = DIRECTION('',(1.,0.,-0.));
#644 = DIRECTION('',(0.,0.,1.));
#645 = ADVANCED_FACE('',(#646),#680,.T.);
#646 = FACE_BOUND('',#647,.T.);
#647 = EDGE_LOOP('',(#648,#658,#666,#674));
#648 = ORIENTED_EDGE('',*,*,#649,.F.);
#649 = EDGE_CURVE('',#650,#652,#654,.T.);
#650 = VERTEX_POINT('',#651);
#651 = CARTESIAN_POINT('',(113.6,-38.5,1.595));
#652 = VERTEX_POINT('',#653);
#653 = CARTESIAN_POINT('',(113.6,-38.5,2.395));
#654 = LINE('',#655,#656);
#655 = CARTESIAN_POINT('',(113.6,-38.5,1.595));
#656 = VECTOR('',#657,1.);
#657 = DIRECTION('',(0.,0.,1.));
#658 = ORIENTED_EDGE('',*,*,#659,.T.);
#659 = EDGE_CURVE('',#650,#660,#662,.T.);
#660 = VERTEX_POINT('',#661);
#661 = CARTESIAN_POINT('',(113.6,-37.7,1.595));
#662 = LINE('',#663,#664);
#663 = CARTESIAN_POINT('',(113.6,-38.5,1.595));
#664 = VECTOR('',#665,1.);
#665 = DIRECTION('',(-0.,1.,0.));
#666 = ORIENTED_EDGE('',*,*,#667,.T.);
#667 = EDGE_CURVE('',#660,#668,#670,.T.);
#668 = VERTEX_POINT('',#669);
#669 = CARTESIAN_POINT('',(113.6,-37.7,2.395));
#670 = LINE('',#671,#672);
#671 = CARTESIAN_POINT('',(113.6,-37.7,1.595));
#672 = VECTOR('',#673,1.);
#673 = DIRECTION('',(0.,0.,1.));
#674 = ORIENTED_EDGE('',*,*,#675,.F.);
#675 = EDGE_CURVE('',#652,#668,#676,.T.);
#676 = LINE('',#677,#678);
#677 = CARTESIAN_POINT('',(113.6,-38.5,2.395));
#678 = VECTOR('',#679,1.);
#679 = DIRECTION('',(-0.,1.,0.));
#680 = PLANE('',#681);
#681 = AXIS2_PLACEMENT_3D('',#682,#683,#684);
#682 = CARTESIAN_POINT('',(113.6,-38.5,1.595));
#683 = DIRECTION('',(1.,0.,-0.));
#684 = DIRECTION('',(0.,0.,1.));
#685 = ADVANCED_FACE('',(#686),#702,.F.);
#686 = FACE_BOUND('',#687,.F.);
#687 = EDGE_LOOP('',(#688,#694,#695,#701));
#688 = ORIENTED_EDGE('',*,*,#689,.F.);
#689 = EDGE_CURVE('',#610,#650,#690,.T.);
#690 = LINE('',#691,#692);
#691 = CARTESIAN_POINT('',(112.,-38.5,1.595));
#692 = VECTOR('',#693,1.);
#693 = DIRECTION('',(1.,0.,-0.));
#694 = ORIENTED_EDGE('',*,*,#609,.T.);
#695 = ORIENTED_EDGE('',*,*,#696,.T.);
#696 = EDGE_CURVE('',#612,#652,#697,.T.);
#697 = LINE('',#698,#699);
#698 = CARTESIAN_POINT('',(112.,-38.5,2.395));
#699 = VECTOR('',#700,1.);
#700 = DIRECTION('',(1.,0.,-0.));
#701 = ORIENTED_EDGE('',*,*,#649,.F.);
#702 = PLANE('',#703);
#703 = AXIS2_PLACEMENT_3D('',#704,#705,#706);
#704 = CARTESIAN_POINT('',(112.,-38.5,1.595));
#705 = DIRECTION('',(-0.,1.,0.));
#706 = DIRECTION('',(0.,0.,1.));
#707 = ADVANCED_FACE('',(#708),#724,.T.);
#708 = FACE_BOUND('',#709,.T.);
#709 = EDGE_LOOP('',(#710,#716,#717,#723));
#710 = ORIENTED_EDGE('',*,*,#711,.F.);
#711 = EDGE_CURVE('',#620,#660,#712,.T.);
#712 = LINE('',#713,#714);
#713 = CARTESIAN_POINT('',(112.,-37.7,1.595));
#714 = VECTOR('',#715,1.);
#715 = DIRECTION('',(1.,0.,-0.));
#716 = ORIENTED_EDGE('',*,*,#627,.T.);
#717 = ORIENTED_EDGE('',*,*,#718,.T.);
#718 = EDGE_CURVE('',#628,#668,#719,.T.);
#719 = LINE('',#720,#721);
#720 = CARTESIAN_POINT('',(112.,-37.7,2.395));
#721 = VECTOR('',#722,1.);
#722 = DIRECTION('',(1.,0.,-0.));
#723 = ORIENTED_EDGE('',*,*,#667,.F.);
#724 = PLANE('',#725);
#725 = AXIS2_PLACEMENT_3D('',#726,#727,#728);
#726 = CARTESIAN_POINT('',(112.,-37.7,1.595));
#727 = DIRECTION('',(-0.,1.,0.));
#728 = DIRECTION('',(0.,0.,1.));
#729 = ADVANCED_FACE('',(#730),#736,.F.);
#730 = FACE_BOUND('',#731,.F.);
#731 = EDGE_LOOP('',(#732,#733,#734,#735));
#732 = ORIENTED_EDGE('',*,*,#619,.F.);
#733 = ORIENTED_EDGE('',*,*,#689,.T.);
#734 = ORIENTED_EDGE('',*,*,#659,.T.);
#735 = ORIENTED_EDGE('',*,*,#711,.F.);
#736 = PLANE('',#737);
#737 = AXIS2_PLACEMENT_3D('',#738,#739,#740);
#738 = CARTESIAN_POINT('',(112.,-38.5,1.595));
#739 = DIRECTION('',(0.,0.,1.));
#740 = DIRECTION('',(1.,0.,-0.));
#741 = ADVANCED_FACE('',(#742),#748,.T.);
#742 = FACE_BOUND('',#743,.T.);
#743 = EDGE_LOOP('',(#744,#745,#746,#747));
#744 = ORIENTED_EDGE('',*,*,#635,.F.);
#745 = ORIENTED_EDGE('',*,*,#696,.T.);
#746 = ORIENTED_EDGE('',*,*,#675,.T.);
#747 = ORIENTED_EDGE('',*,*,#718,.F.);
#748 = PLANE('',#749);
#749 = AXIS2_PLACEMENT_3D('',#750,#751,#752);
#750 = CARTESIAN_POINT('',(112.,-38.5,2.395));
#751 = DIRECTION('',(0.,0.,1.));
#752 = DIRECTION('',(1.,0.,-0.));
#753 = MANIFOLD_SOLID_BREP('',#754);
#754 = CLOSED_SHELL('',(#755,#795,#835,#857,#879,#891));
#755 = ADVANCED_FACE('',(#756),#790,.F.);
#756 = FACE_BOUND('',#757,.F.);
#757 = EDGE_LOOP('',(#758,#768,#776,#784));
#758 = ORIENTED_EDGE('',*,*,#759,.F.);
#759 = EDGE_CURVE('',#760,#762,#764,.T.);
#760 = VERTEX_POINT('',#761);
#761 = CARTESIAN_POINT('',(131.7,-31.4,1.595));
#762 = VERTEX_POINT('',#763);
#763 = CARTESIAN_POINT('',(131.7,-31.4,2.395));
#764 = LINE('',#765,#766);
#765 = CARTESIAN_POINT('',(131.7,-31.4,1.595));
#766 = VECTOR('',#767,1.);
#767 = DIRECTION('',(0.,0.,1.));
#768 = ORIENTED_EDGE('',*,*,#769,.T.);
#769 = EDGE_CURVE('',#760,#770,#772,.T.);
#770 = VERTEX_POINT('',#771);
#771 = CARTESIAN_POINT('',(131.7,-30.6,1.595));
#772 = LINE('',#773,#774);
#773 = CARTESIAN_POINT('',(131.7,-31.4,1.595));
#774 = VECTOR('',#775,1.);
#775 = DIRECTION('',(-0.,1.,0.));
#776 = ORIENTED_EDGE('',*,*,#777,.T.);
#777 = EDGE_CURVE('',#770,#778,#780,.T.);
#778 = VERTEX_POINT('',#779);
#779 = CARTESIAN_POINT('',(131.7,-30.6,2.395));
#780 = LINE('',#781,#782);
#781 = CARTESIAN_POINT('',(131.7,-30.6,1.595));
#782 = VECTOR('',#783,1.);
#783 = DIRECTION('',(0.,0.,1.));
#784 = ORIENTED_EDGE('',*,*,#785,.F.);
#785 = EDGE_CURVE('',#762,#778,#786,.T.);
#786 = LINE('',#787,#788);
#787 = CARTESIAN_POINT('',(131.7,-31.4,2.395));
#788 = VECTOR('',#789,1.);
#789 = DIRECTION('',(-0.,1.,0.));
#790 = PLANE('',#791);
#791 = AXIS2_PLACEMENT_3D('',#792,#793,#794);
#792 = CARTESIAN_POINT('',(131.7,-31.4,1.595));
#793 = DIRECTION('',(1.,0.,-0.));
#794 = DIRECTION('',(0.,0.,1.));
#795 = ADVANCED_FACE('',(#796),#830,.T.);
#796 = FACE_BOUND('',#797,.T.);
#797 = EDGE_LOOP('',(#798,#808,#816,#824));
#798 = ORIENTED_EDGE('',*,*,#799,.F.);
#799 = EDGE_CURVE('',#800,#802,#804,.T.);
#800 = VERTEX_POINT('',#801);
#801 = CARTESIAN_POINT('',(133.3,-31.4,1.595));
#802 = VERTEX_POINT('',#803);
#803 = CARTESIAN_POINT('',(133.3,-31.4,2.395));
#804 = LINE('',#805,#806);
#805 = CARTESIAN_POINT('',(133.3,-31.4,1.595));
#806 = VECTOR('',#807,1.);
#807 = DIRECTION('',(0.,0.,1.));
#808 = ORIENTED_EDGE('',*,*,#809,.T.);
#809 = EDGE_CURVE('',#800,#810,#812,.T.);
#810 = VERTEX_POINT('',#811);
#811 = CARTESIAN_POINT('',(133.3,-30.6,1.595));
#812 = LINE('',#813,#814);
#813 = CARTESIAN_POINT('',(133.3,-31.4,1.595));
#814 = VECTOR('',#815,1.);
#815 = DIRECTION('',(-0.,1.,0.));
#816 = ORIENTED_EDGE('',*,*,#817,.T.);
#817 = EDGE_CURVE('',#810,#818,#820,.T.);
#818 = VERTEX_POINT('',#819);
#819 = CARTESIAN_POINT('',(133.3,-30.6,2.395));
#820 = LINE('',#821,#822);
#821 = CARTESIAN_POINT('',(133.3,-30.6,1.595));
#822 = VECTOR('',#823,1.);
#823 = DIRECTION('',(0.,0.,1.));
#824 = ORIENTED_EDGE('',*,*,#825,.F.);
#825 = EDGE_CURVE('',#802,#818,#826,.T.);
#826 = LINE('',#827,#828);
#827 = CARTESIAN_POINT('',(133.3,-31.4,2.395));
#828 = VECTOR('',#829,1.);
#829 = DIRECTION('',(-0.,1.,0.));
#830 = PLANE('',#831);
#831 = AXIS2_PLACEMENT_3D('',#832,#833,#834);
#832 = CARTESIAN_POINT('',(133.3,-31.4,1.595));
#833 = DIRECTION('',(1.,0.,-0.));
#834 = DIRECTION('',(0.,0.,1.));
#835 = ADVANCED_FACE('',(#836),#852,.F.);
#836 = FACE_BOUND('',#837,.F.);
#837 = EDGE_LOOP('',(#838,#844,#845,#851));
#838 = ORIENTED_EDGE('',*,*,#839,.F.);
#839 = EDGE_CURVE('',#760,#800,#840,.T.);
#840 = LINE('',#841,#842);
#841 = CARTESIAN_POINT('',(131.7,-31.4,1.595));
#842 = VECTOR('',#843,1.);
#843 = DIRECTION('',(1.,0.,-0.));
#844 = ORIENTED_EDGE('',*,*,#759,.T.);
#845 = ORIENTED_EDGE('',*,*,#846,.T.);
#846 = EDGE_CURVE('',#762,#802,#847,.T.);
#847 = LINE('',#848,#849);
#848 = CARTESIAN_POINT('',(131.7,-31.4,2.395));
#849 = VECTOR('',#850,1.);
#850 = DIRECTION('',(1.,0.,-0.));
#851 = ORIENTED_EDGE('',*,*,#799,.F.);
#852 = PLANE('',#853);
#853 = AXIS2_PLACEMENT_3D('',#854,#855,#856);
#854 = CARTESIAN_POINT('',(131.7,-31.4,1.595));
#855 = DIRECTION('',(-0.,1.,0.));
#856 = DIRECTION('',(0.,0.,1.));
#857 = ADVANCED_FACE('',(#858),#874,.T.);
#858 = FACE_BOUND('',#859,.T.);
#859 = EDGE_LOOP('',(#860,#866,#867,#873));
#860 = ORIENTED_EDGE('',*,*,#861,.F.);
#861 = EDGE_CURVE('',#770,#810,#862,.T.);
#862 = LINE('',#863,#864);
#863 = CARTESIAN_POINT('',(131.7,-30.6,1.595));
#864 = VECTOR('',#865,1.);
#865 = DIRECTION('',(1.,0.,-0.));
#866 = ORIENTED_EDGE('',*,*,#777,.T.);
#867 = ORIENTED_EDGE('',*,*,#868,.T.);
#868 = EDGE_CURVE('',#778,#818,#869,.T.);
#869 = LINE('',#870,#871);
#870 = CARTESIAN_POINT('',(131.7,-30.6,2.395));
#871 = VECTOR('',#872,1.);
#872 = DIRECTION('',(1.,0.,-0.));
#873 = ORIENTED_EDGE('',*,*,#817,.F.);
#874 = PLANE('',#875);
#875 = AXIS2_PLACEMENT_3D('',#876,#877,#878);
#876 = CARTESIAN_POINT('',(131.7,-30.6,1.595));
#877 = DIRECTION('',(-0.,1.,0.));
#878 = DIRECTION('',(0.,0.,1.));
#879 = ADVANCED_FACE('',(#880),#886,.F.);
#880 = FACE_BOUND('',#881,.F.);
#881 = EDGE_LOOP('',(#882,#883,#884,#885));
#882 = ORIENTED_EDGE('',*,*,#769,.F.);
#883 = ORIENTED_EDGE('',*,*,#839,.T.);
#884 = ORIENTED_EDGE('',*,*,#809,.T.);
#885 = ORIENTED_EDGE('',*,*,#861,.F.);
#886 = PLANE('',#887);
#887 = AXIS2_PLACEMENT_3D('',#888,#889,#890);
#888 = CARTESIAN_POINT('',(131.7,-31.4,1.595));
#889 = DIRECTION('',(0.,0.,1.));
#890 = DIRECTION('',(1.,0.,-0.));
#891 = ADVANCED_FACE('',(#892),#898,.T.);
#892 = FACE_BOUND('',#893,.T.);
#893 = EDGE_LOOP('',(#894,#895,#896,#897));
#894 = ORIENTED_EDGE('',*,*,#785,.F.);
#895 = ORIENTED_EDGE('',*,*,#846,.T.);
#896 = ORIENTED_EDGE('',*,*,#825,.T.);
#897 = ORIENTED_EDGE('',*,*,#868,.F.);
#898 = PLANE('',#899);
#899 = AXIS2_PLACEMENT_3D('',#900,#901,#902);
#900 = CARTESIAN_POINT('',(131.7,-31.4,2.395));
#901 = DIRECTION('',(0.,0.,1.));
#902 = DIRECTION('',(1.,0.,-0.));
#903 = MANIFOLD_SOLID_BREP('',#904);
#904 = CLOSED_SHELL('',(#905,#945,#985,#1007,#1029,#1041));
#905 = ADVANCED_FACE('',(#906),#940,.F.);
#906 = FACE_BOUND('',#907,.F.);
#907 = EDGE_LOOP('',(#908,#918,#926,#934));
#908 = ORIENTED_EDGE('',*,*,#909,.F.);
#909 = EDGE_CURVE('',#910,#912,#914,.T.);
#910 = VERTEX_POINT('',#911);
#911 = CARTESIAN_POINT('',(121.9,-38.5,1.595));
#912 = VERTEX_POINT('',#913);
#913 = CARTESIAN_POINT('',(121.9,-38.5,2.395));
#914 = LINE('',#915,#916);
#915 = CARTESIAN_POINT('',(121.9,-38.5,1.595));
#916 = VECTOR('',#917,1.);
#917 = DIRECTION('',(0.,0.,1.));
#918 = ORIENTED_EDGE('',*,*,#919,.T.);
#919 = EDGE_CURVE('',#910,#920,#922,.T.);
#920 = VERTEX_POINT('',#921);
#921 = CARTESIAN_POINT('',(121.9,-37.7,1.595));
#922 = LINE('',#923,#924);
#923 = CARTESIAN_POINT('',(121.9,-38.5,1.595));
#924 = VECTOR('',#925,1.);
#925 = DIRECTION('',(-0.,1.,0.));
#926 = ORIENTED_EDGE('',*,*,#927,.T.);
#927 = EDGE_CURVE('',#920,#928,#930,.T.);
#928 = VERTEX_POINT('',#929);
#929 = CARTESIAN_POINT('',(121.9,-37.7,2.395));
#930 = LINE('',#931,#932);
#931 = CARTESIAN_POINT('',(121.9,-37.7,1.595));
#932 = VECTOR('',#933,1.);
#933 = DIRECTION('',(0.,0.,1.));
#934 = ORIENTED_EDGE('',*,*,#935,.F.);
#935 = EDGE_CURVE('',#912,#928,#936,.T.);
#936 = LINE('',#937,#938);
#937 = CARTESIAN_POINT('',(121.9,-38.5,2.395));
#938 = VECTOR('',#939,1.);
#939 = DIRECTION('',(-0.,1.,0.));
#940 = PLANE('',#941);
#941 = AXIS2_PLACEMENT_3D('',#942,#943,#944);
#942 = CARTESIAN_POINT('',(121.9,-38.5,1.595));
#943 = DIRECTION('',(1.,0.,-0.));
#944 = DIRECTION('',(0.,0.,1.));
#945 = ADVANCED_FACE('',(#946),#980,.T.);
#946 = FACE_BOUND('',#947,.T.);
#947 = EDGE_LOOP('',(#948,#958,#966,#974));
#948 = ORIENTED_EDGE('',*,*,#949,.F.);
#949 = EDGE_CURVE('',#950,#952,#954,.T.);
#950 = VERTEX_POINT('',#951);
#951 = CARTESIAN_POINT('',(123.5,-38.5,1.595));
#952 = VERTEX_POINT('',#953);
#953 = CARTESIAN_POINT('',(123.5,-38.5,2.395));
#954 = LINE('',#955,#956);
#955 = CARTESIAN_POINT('',(123.5,-38.5,1.595));
#956 = VECTOR('',#957,1.);
#957 = DIRECTION('',(0.,0.,1.));
#958 = ORIENTED_EDGE('',*,*,#959,.T.);
#959 = EDGE_CURVE('',#950,#960,#962,.T.);
#960 = VERTEX_POINT('',#961);
#961 = CARTESIAN_POINT('',(123.5,-37.7,1.595));
#962 = LINE('',#963,#964);
#963 = CARTESIAN_POINT('',(123.5,-38.5,1.595));
#964 = VECTOR('',#965,1.);
#965 = DIRECTION('',(-0.,1.,0.));
#966 = ORIENTED_EDGE('',*,*,#967,.T.);
#967 = EDGE_CURVE('',#960,#968,#970,.T.);
#968 = VERTEX_POINT('',#969);
#969 = CARTESIAN_POINT('',(123.5,-37.7,2.395));
#970 = LINE('',#971,#972);
#971 = CARTESIAN_POINT('',(123.5,-37.7,1.595));
#972 = VECTOR('',#973,1.);
#973 = DIRECTION('',(0.,0.,1.));
#974 = ORIENTED_EDGE('',*,*,#975,.F.);
#975 = EDGE_CURVE('',#952,#968,#976,.T.);
#976 = LINE('',#977,#978);
#977 = CARTESIAN_POINT('',(123.5,-38.5,2.395));
#978 = VECTOR('',#979,1.);
#979 = DIRECTION('',(-0.,1.,0.));
#980 = PLANE('',#981);
#981 = AXIS2_PLACEMENT_3D('',#982,#983,#984);
#982 = CARTESIAN_POINT('',(123.5,-38.5,1.595));
#983 = DIRECTION('',(1.,0.,-0.));
#984 = DIRECTION('',(0.,0.,1.));
#985 = ADVANCED_FACE('',(#986),#1002,.F.);
#986 = FACE_BOUND('',#987,.F.);
#987 = EDGE_LOOP('',(#988,#994,#995,#1001));
#988 = ORIENTED_EDGE('',*,*,#989,.F.);
#989 = EDGE_CURVE('',#910,#950,#990,.T.);
#990 = LINE('',#991,#992);
#991 = CARTESIAN_POINT('',(121.9,-38.5,1.595));
#992 = VECTOR('',#993,1.);
#993 = DIRECTION('',(1.,0.,-0.));
#994 = ORIENTED_EDGE('',*,*,#909,.T.);
#995 = ORIENTED_EDGE('',*,*,#996,.T.);
#996 = EDGE_CURVE('',#912,#952,#997,.T.);
#997 = LINE('',#998,#999);
#998 = CARTESIAN_POINT('',(121.9,-38.5,2.395));
#999 = VECTOR('',#1000,1.);
#1000 = DIRECTION('',(1.,0.,-0.));
#1001 = ORIENTED_EDGE('',*,*,#949,.F.);
#1002 = PLANE('',#1003);
#1003 = AXIS2_PLACEMENT_3D('',#1004,#1005,#1006);
#1004 = CARTESIAN_POINT('',(121.9,-38.5,1.595));
#1005 = DIRECTION('',(-0.,1.,0.));
#1006 = DIRECTION('',(0.,0.,1.));
#1007 = ADVANCED_FACE('',(#1008),#1024,.T.);
#1008 = FACE_BOUND('',#1009,.T.);
#1009 = EDGE_LOOP('',(#1010,#1016,#1017,#1023));
#1010 = ORIENTED_EDGE('',*,*,#1011,.F.);
#1011 = EDGE_CURVE('',#920,#960,#1012,.T.);
#1012 = LINE('',#1013,#1014);
#1013 = CARTESIAN_POINT('',(121.9,-37.7,1.595));
#1014 = VECTOR('',#1015,1.);
#1015 = DIRECTION('',(1.,0.,-0.));
#1016 = ORIENTED_EDGE('',*,*,#927,.T.);
#1017 = ORIENTED_EDGE('',*,*,#1018,.T.);
#1018 = EDGE_CURVE('',#928,#968,#1019,.T.);
#1019 = LINE('',#1020,#1021);
#1020 = CARTESIAN_POINT('',(121.9,-37.7,2.395));
#1021 = VECTOR('',#1022,1.);
#1022 = DIRECTION('',(1.,0.,-0.));
#1023 = ORIENTED_EDGE('',*,*,#967,.F.);
#1024 = PLANE('',#1025);
#1025 = AXIS2_PLACEMENT_3D('',#1026,#1027,#1028);
#1026 = CARTESIAN_POINT('',(121.9,-37.7,1.595));
#1027 = DIRECTION('',(-0.,1.,0.));
#1028 = DIRECTION('',(0.,0.,1.));
#1029 = ADVANCED_FACE('',(#1030),#1036,.F.);
#1030 = FACE_BOUND('',#1031,.F.);
#1031 = EDGE_LOOP('',(#1032,#1033,#1034,#1035));
#1032 = ORIENTED_EDGE('',*,*,#919,.F.);
#1033 = ORIENTED_EDGE('',*,*,#989,.T.);
#1034 = ORIENTED_EDGE('',*,*,#959,.T.);
#1035 = ORIENTED_EDGE('',*,*,#1011,.F.);
#1036 = PLANE('',#1037);
#1037 = AXIS2_PLACEMENT_3D('',#1038,#1039,#1040);
#1038 = CARTESIAN_POINT('',(121.9,-38.5,1.595));
#1039 = DIRECTION('',(0.,0.,1.));
#1040 = DIRECTION('',(1.,0.,-0.));
#1041 = ADVANCED_FACE('',(#1042),#1048,.T.);
#1042 = FACE_BOUND('',#1043,.T.);
#1043 = EDGE_LOOP('',(#1044,#1045,#1046,#1047));
#1044 = ORIENTED_EDGE('',*,*,#935,.F.);
#1045 = ORIENTED_EDGE('',*,*,#996,.T.);
#1046 = ORIENTED_EDGE('',*,*,#975,.T.);
#1047 = ORIENTED_EDGE('',*,*,#1018,.F.);
#1048 = PLANE('',#1049);
#1049 = AXIS2_PLACEMENT_3D('',#1050,#1051,#1052);
#1050 = CARTESIAN_POINT('',(121.9,-38.5,2.395));
#1051 = DIRECTION('',(0.,0.,1.));
#1052 = DIRECTION('',(1.,0.,-0.));
#1053 = MANIFOLD_SOLID_BREP('',#1054);
#1054 = CLOSED_SHELL('',(#1055,#1095,#1135,#1157,#1179,#1191));
#1055 = ADVANCED_FACE('',(#1056),#1090,.F.);
#1056 = FACE_BOUND('',#1057,.F.);
#1057 = EDGE_LOOP('',(#1058,#1068,#1076,#1084));
#1058 = ORIENTED_EDGE('',*,*,#1059,.F.);
#1059 = EDGE_CURVE('',#1060,#1062,#1064,.T.);
#1060 = VERTEX_POINT('',#1061);
#1061 = CARTESIAN_POINT('',(115.3,-38.5,1.595));
#1062 = VERTEX_POINT('',#1063);
#1063 = CARTESIAN_POINT('',(115.3,-38.5,2.395));
#1064 = LINE('',#1065,#1066);
#1065 = CARTESIAN_POINT('',(115.3,-38.5,1.595));
#1066 = VECTOR('',#1067,1.);
#1067 = DIRECTION('',(0.,0.,1.));
#1068 = ORIENTED_EDGE('',*,*,#1069,.T.);
#1069 = EDGE_CURVE('',#1060,#1070,#1072,.T.);
#1070 = VERTEX_POINT('',#1071);
#1071 = CARTESIAN_POINT('',(115.3,-37.7,1.595));
#1072 = LINE('',#1073,#1074);
#1073 = CARTESIAN_POINT('',(115.3,-38.5,1.595));
#1074 = VECTOR('',#1075,1.);
#1075 = DIRECTION('',(-0.,1.,0.));
#1076 = ORIENTED_EDGE('',*,*,#1077,.T.);
#1077 = EDGE_CURVE('',#1070,#1078,#1080,.T.);
#1078 = VERTEX_POINT('',#1079);
#1079 = CARTESIAN_POINT('',(115.3,-37.7,2.395));
#1080 = LINE('',#1081,#1082);
#1081 = CARTESIAN_POINT('',(115.3,-37.7,1.595));
#1082 = VECTOR('',#1083,1.);
#1083 = DIRECTION('',(0.,0.,1.));
#1084 = ORIENTED_EDGE('',*,*,#1085,.F.);
#1085 = EDGE_CURVE('',#1062,#1078,#1086,.T.);
#1086 = LINE('',#1087,#1088);
#1087 = CARTESIAN_POINT('',(115.3,-38.5,2.395));
#1088 = VECTOR('',#1089,1.);
#1089 = DIRECTION('',(-0.,1.,0.));
#1090 = PLANE('',#1091);
#1091 = AXIS2_PLACEMENT_3D('',#1092,#1093,#1094);
#1092 = CARTESIAN_POINT('',(115.3,-38.5,1.595));
#1093 = DIRECTION('',(1.,0.,-0.));
#1094 = DIRECTION('',(0.,0.,1.));
#1095 = ADVANCED_FACE('',(#1096),#1130,.T.);
#1096 = FACE_BOUND('',#1097,.T.);
#1097 = EDGE_LOOP('',(#1098,#1108,#1116,#1124));
#1098 = ORIENTED_EDGE('',*,*,#1099,.F.);
#1099 = EDGE_CURVE('',#1100,#1102,#1104,.T.);
#1100 = VERTEX_POINT('',#1101);
#1101 = CARTESIAN_POINT('',(116.9,-38.5,1.595));
#1102 = VERTEX_POINT('',#1103);
#1103 = CARTESIAN_POINT('',(116.9,-38.5,2.395));
#1104 = LINE('',#1105,#1106);
#1105 = CARTESIAN_POINT('',(116.9,-38.5,1.595));
#1106 = VECTOR('',#1107,1.);
#1107 = DIRECTION('',(0.,0.,1.));
#1108 = ORIENTED_EDGE('',*,*,#1109,.T.);
#1109 = EDGE_CURVE('',#1100,#1110,#1112,.T.);
#1110 = VERTEX_POINT('',#1111);
#1111 = CARTESIAN_POINT('',(116.9,-37.7,1.595));
#1112 = LINE('',#1113,#1114);
#1113 = CARTESIAN_POINT('',(116.9,-38.5,1.595));
#1114 = VECTOR('',#1115,1.);
#1115 = DIRECTION('',(-0.,1.,0.));
#1116 = ORIENTED_EDGE('',*,*,#1117,.T.);
#1117 = EDGE_CURVE('',#1110,#1118,#1120,.T.);
#1118 = VERTEX_POINT('',#1119);
#1119 = CARTESIAN_POINT('',(116.9,-37.7,2.395));
#1120 = LINE('',#1121,#1122);
#1121 = CARTESIAN_POINT('',(116.9,-37.7,1.595));
#1122 = VECTOR('',#1123,1.);
#1123 = DIRECTION('',(0.,0.,1.));
#1124 = ORIENTED_EDGE('',*,*,#1125,.F.);
#1125 = EDGE_CURVE('',#1102,#1118,#1126,.T.);
#1126 = LINE('',#1127,#1128);
#1127 = CARTESIAN_POINT('',(116.9,-38.5,2.395));
#1128 = VECTOR('',#1129,1.);
#1129 = DIRECTION('',(-0.,1.,0.));
#1130 = PLANE('',#1131);
#1131 = AXIS2_PLACEMENT_3D('',#1132,#1133,#1134);
#1132 = CARTESIAN_POINT('',(116.9,-38.5,1.595));
#1133 = DIRECTION('',(1.,0.,-0.));
#1134 = DIRECTION('',(0.,0.,1.));
#1135 = ADVANCED_FACE('',(#1136),#1152,.F.);
#1136 = FACE_BOUND('',#1137,.F.);
#1137 = EDGE_LOOP('',(#1138,#1144,#1145,#1151));
#1138 = ORIENTED_EDGE('',*,*,#1139,.F.);
#1139 = EDGE_CURVE('',#1060,#1100,#1140,.T.);
#1140 = LINE('',#1141,#1142);
#1141 = CARTESIAN_POINT('',(115.3,-38.5,1.595));
#1142 = VECTOR('',#1143,1.);
#1143 = DIRECTION('',(1.,0.,-0.));
#1144 = ORIENTED_EDGE('',*,*,#1059,.T.);
#1145 = ORIENTED_EDGE('',*,*,#1146,.T.);
#1146 = EDGE_CURVE('',#1062,#1102,#1147,.T.);
#1147 = LINE('',#1148,#1149);
#1148 = CARTESIAN_POINT('',(115.3,-38.5,2.395));
#1149 = VECTOR('',#1150,1.);
#1150 = DIRECTION('',(1.,0.,-0.));
#1151 = ORIENTED_EDGE('',*,*,#1099,.F.);
#1152 = PLANE('',#1153);
#1153 = AXIS2_PLACEMENT_3D('',#1154,#1155,#1156);
#1154 = CARTESIAN_POINT('',(115.3,-38.5,1.595));
#1155 = DIRECTION('',(-0.,1.,0.));
#1156 = DIRECTION('',(0.,0.,1.));
#1157 = ADVANCED_FACE('',(#1158),#1174,.T.);
#1158 = FACE_BOUND('',#1159,.T.);
#1159 = EDGE_LOOP('',(#1160,#1166,#1167,#1173));
#1160 = ORIENTED_EDGE('',*,*,#1161,.F.);
#1161 = EDGE_CURVE('',#1070,#1110,#1162,.T.);
#1162 = LINE('',#1163,#1164);
#1163 = CARTESIAN_POINT('',(115.3,-37.7,1.595));
#1164 = VECTOR('',#1165,1.);
#1165 = DIRECTION('',(1.,0.,-0.));
#1166 = ORIENTED_EDGE('',*,*,#1077,.T.);
#1167 = ORIENTED_EDGE('',*,*,#1168,.T.);
#1168 = EDGE_CURVE('',#1078,#1118,#1169,.T.);
#1169 = LINE('',#1170,#1171);
#1170 = CARTESIAN_POINT('',(115.3,-37.7,2.395));
#1171 = VECTOR('',#1172,1.);
#1172 = DIRECTION('',(1.,0.,-0.));
#1173 = ORIENTED_EDGE('',*,*,#1117,.F.);
#1174 = PLANE('',#1175);
#1175 = AXIS2_PLACEMENT_3D('',#1176,#1177,#1178);
#1176 = CARTESIAN_POINT('',(115.3,-37.7,1.595));
#1177 = DIRECTION('',(-0.,1.,0.));
#1178 = DIRECTION('',(0.,0.,1.));
#1179 = ADVANCED_FACE('',(#1180),#1186,.F.);
#1180 = FACE_BOUND('',#1181,.F.);
#1181 = EDGE_LOOP('',(#1182,#1183,#1184,#1185));
#1182 = ORIENTED_EDGE('',*,*,#1069,.F.);
#1183 = ORIENTED_EDGE('',*,*,#1139,.T.);
#1184 = ORIENTED_EDGE('',*,*,#1109,.T.);
#1185 = ORIENTED_EDGE('',*,*,#1161,.F.);
#1186 = PLANE('',#1187);
#1187 = AXIS2_PLACEMENT_3D('',#1188,#1189,#1190);
#1188 = CARTESIAN_POINT('',(115.3,-38.5,1.595));
#1189 = DIRECTION('',(0.,0.,1.));
#1190 = DIRECTION('',(1.,0.,-0.));
#1191 = ADVANCED_FACE('',(#1192),#1198,.T.);
#1192 = FACE_BOUND('',#1193,.T.);
#1193 = EDGE_LOOP('',(#1194,#1195,#1196,#1197));
#1194 = ORIENTED_EDGE('',*,*,#1085,.F.);
#1195 = ORIENTED_EDGE('',*,*,#1146,.T.);
#1196 = ORIENTED_EDGE('',*,*,#1125,.T.);
#1197 = ORIENTED_EDGE('',*,*,#1168,.F.);
#1198 = PLANE('',#1199);
#1199 = AXIS2_PLACEMENT_3D('',#1200,#1201,#1202);
#1200 = CARTESIAN_POINT('',(115.3,-38.5,2.395));
#1201 = DIRECTION('',(0.,0.,1.));
#1202 = DIRECTION('',(1.,0.,-0.));
#1203 = MANIFOLD_SOLID_BREP('',#1204);
#1204 = CLOSED_SHELL('',(#1205,#1245,#1285,#1307,#1329,#1341));
#1205 = ADVANCED_FACE('',(#1206),#1240,.F.);
#1206 = FACE_BOUND('',#1207,.F.);
#1207 = EDGE_LOOP('',(#1208,#1218,#1226,#1234));
#1208 = ORIENTED_EDGE('',*,*,#1209,.F.);
#1209 = EDGE_CURVE('',#1210,#1212,#1214,.T.);
#1210 = VERTEX_POINT('',#1211);
#1211 = CARTESIAN_POINT('',(97.7,-37.4,1.595));
#1212 = VERTEX_POINT('',#1213);
#1213 = CARTESIAN_POINT('',(97.7,-37.4,2.395));
#1214 = LINE('',#1215,#1216);
#1215 = CARTESIAN_POINT('',(97.7,-37.4,1.595));
#1216 = VECTOR('',#1217,1.);
#1217 = DIRECTION('',(0.,0.,1.));
#1218 = ORIENTED_EDGE('',*,*,#1219,.T.);
#1219 = EDGE_CURVE('',#1210,#1220,#1222,.T.);
#1220 = VERTEX_POINT('',#1221);
#1221 = CARTESIAN_POINT('',(97.7,-36.6,1.595));
#1222 = LINE('',#1223,#1224);
#1223 = CARTESIAN_POINT('',(97.7,-37.4,1.595));
#1224 = VECTOR('',#1225,1.);
#1225 = DIRECTION('',(-0.,1.,0.));
#1226 = ORIENTED_EDGE('',*,*,#1227,.T.);
#1227 = EDGE_CURVE('',#1220,#1228,#1230,.T.);
#1228 = VERTEX_POINT('',#1229);
#1229 = CARTESIAN_POINT('',(97.7,-36.6,2.395));
#1230 = LINE('',#1231,#1232);
#1231 = CARTESIAN_POINT('',(97.7,-36.6,1.595));
#1232 = VECTOR('',#1233,1.);
#1233 = DIRECTION('',(0.,0.,1.));
#1234 = ORIENTED_EDGE('',*,*,#1235,.F.);
#1235 = EDGE_CURVE('',#1212,#1228,#1236,.T.);
#1236 = LINE('',#1237,#1238);
#1237 = CARTESIAN_POINT('',(97.7,-37.4,2.395));
#1238 = VECTOR('',#1239,1.);
#1239 = DIRECTION('',(-0.,1.,0.));
#1240 = PLANE('',#1241);
#1241 = AXIS2_PLACEMENT_3D('',#1242,#1243,#1244);
#1242 = CARTESIAN_POINT('',(97.7,-37.4,1.595));
#1243 = DIRECTION('',(1.,0.,-0.));
#1244 = DIRECTION('',(0.,0.,1.));
#1245 = ADVANCED_FACE('',(#1246),#1280,.T.);
#1246 = FACE_BOUND('',#1247,.T.);
#1247 = EDGE_LOOP('',(#1248,#1258,#1266,#1274));
#1248 = ORIENTED_EDGE('',*,*,#1249,.F.);
#1249 = EDGE_CURVE('',#1250,#1252,#1254,.T.);
#1250 = VERTEX_POINT('',#1251);
#1251 = CARTESIAN_POINT('',(99.3,-37.4,1.595));
#1252 = VERTEX_POINT('',#1253);
#1253 = CARTESIAN_POINT('',(99.3,-37.4,2.395));
#1254 = LINE('',#1255,#1256);
#1255 = CARTESIAN_POINT('',(99.3,-37.4,1.595));
#1256 = VECTOR('',#1257,1.);
#1257 = DIRECTION('',(0.,0.,1.));
#1258 = ORIENTED_EDGE('',*,*,#1259,.T.);
#1259 = EDGE_CURVE('',#1250,#1260,#1262,.T.);
#1260 = VERTEX_POINT('',#1261);
#1261 = CARTESIAN_POINT('',(99.3,-36.6,1.595));
#1262 = LINE('',#1263,#1264);
#1263 = CARTESIAN_POINT('',(99.3,-37.4,1.595));
#1264 = VECTOR('',#1265,1.);
#1265 = DIRECTION('',(-0.,1.,0.));
#1266 = ORIENTED_EDGE('',*,*,#1267,.T.);
#1267 = EDGE_CURVE('',#1260,#1268,#1270,.T.);
#1268 = VERTEX_POINT('',#1269);
#1269 = CARTESIAN_POINT('',(99.3,-36.6,2.395));
#1270 = LINE('',#1271,#1272);
#1271 = CARTESIAN_POINT('',(99.3,-36.6,1.595));
#1272 = VECTOR('',#1273,1.);
#1273 = DIRECTION('',(0.,0.,1.));
#1274 = ORIENTED_EDGE('',*,*,#1275,.F.);
#1275 = EDGE_CURVE('',#1252,#1268,#1276,.T.);
#1276 = LINE('',#1277,#1278);
#1277 = CARTESIAN_POINT('',(99.3,-37.4,2.395));
#1278 = VECTOR('',#1279,1.);
#1279 = DIRECTION('',(-0.,1.,0.));
#1280 = PLANE('',#1281);
#1281 = AXIS2_PLACEMENT_3D('',#1282,#1283,#1284);
#1282 = CARTESIAN_POINT('',(99.3,-37.4,1.595));
#1283 = DIRECTION('',(1.,0.,-0.));
#1284 = DIRECTION('',(0.,0.,1.));
#1285 = ADVANCED_FACE('',(#1286),#1302,.F.);
#1286 = FACE_BOUND('',#1287,.F.);
#1287 = EDGE_LOOP('',(#1288,#1294,#1295,#1301));
#1288 = ORIENTED_EDGE('',*,*,#1289,.F.);
#1289 = EDGE_CURVE('',#1210,#1250,#1290,.T.);
#1290 = LINE('',#1291,#1292);
#1291 = CARTESIAN_POINT('',(97.7,-37.4,1.595));
#1292 = VECTOR('',#1293,1.);
#1293 = DIRECTION('',(1.,0.,-0.));
#1294 = ORIENTED_EDGE('',*,*,#1209,.T.);
#1295 = ORIENTED_EDGE('',*,*,#1296,.T.);
#1296 = EDGE_CURVE('',#1212,#1252,#1297,.T.);
#1297 = LINE('',#1298,#1299);
#1298 = CARTESIAN_POINT('',(97.7,-37.4,2.395));
#1299 = VECTOR('',#1300,1.);
#1300 = DIRECTION('',(1.,0.,-0.));
#1301 = ORIENTED_EDGE('',*,*,#1249,.F.);
#1302 = PLANE('',#1303);
#1303 = AXIS2_PLACEMENT_3D('',#1304,#1305,#1306);
#1304 = CARTESIAN_POINT('',(97.7,-37.4,1.595));
#1305 = DIRECTION('',(-0.,1.,0.));
#1306 = DIRECTION('',(0.,0.,1.));
#1307 = ADVANCED_FACE('',(#1308),#1324,.T.);
#1308 = FACE_BOUND('',#1309,.T.);
#1309 = EDGE_LOOP('',(#1310,#1316,#1317,#1323));
#1310 = ORIENTED_EDGE('',*,*,#1311,.F.);
#1311 = EDGE_CURVE('',#1220,#1260,#1312,.T.);
#1312 = LINE('',#1313,#1314);
#1313 = CARTESIAN_POINT('',(97.7,-36.6,1.595));
#1314 = VECTOR('',#1315,1.);
#1315 = DIRECTION('',(1.,0.,-0.));
#1316 = ORIENTED_EDGE('',*,*,#1227,.T.);
#1317 = ORIENTED_EDGE('',*,*,#1318,.T.);
#1318 = EDGE_CURVE('',#1228,#1268,#1319,.T.);
#1319 = LINE('',#1320,#1321);
#1320 = CARTESIAN_POINT('',(97.7,-36.6,2.395));
#1321 = VECTOR('',#1322,1.);
#1322 = DIRECTION('',(1.,0.,-0.));
#1323 = ORIENTED_EDGE('',*,*,#1267,.F.);
#1324 = PLANE('',#1325);
#1325 = AXIS2_PLACEMENT_3D('',#1326,#1327,#1328);
#1326 = CARTESIAN_POINT('',(97.7,-36.6,1.595));
#1327 = DIRECTION('',(-0.,1.,0.));
#1328 = DIRECTION('',(0.,0.,1.));
#1329 = ADVANCED_FACE('',(#1330),#1336,.F.);
#1330 = FACE_BOUND('',#1331,.F.);
#1331 = EDGE_LOOP('',(#1332,#1333,#1334,#1335));
#1332 = ORIENTED_EDGE('',*,*,#1219,.F.);
#1333 = ORIENTED_EDGE('',*,*,#1289,.T.);
#1334 = ORIENTED_EDGE('',*,*,#1259,.T.);
#1335 = ORIENTED_EDGE('',*,*,#1311,.F.);
#1336 = PLANE('',#1337);
#1337 = AXIS2_PLACEMENT_3D('',#1338,#1339,#1340);
#1338 = CARTESIAN_POINT('',(97.7,-37.4,1.595));
#1339 = DIRECTION('',(0.,0.,1.));
#1340 = DIRECTION('',(1.,0.,-0.));
#1341 = ADVANCED_FACE('',(#1342),#1348,.T.);
#1342 = FACE_BOUND('',#1343,.T.);
#1343 = EDGE_LOOP('',(#1344,#1345,#1346,#1347));
#1344 = ORIENTED_EDGE('',*,*,#1235,.F.);
#1345 = ORIENTED_EDGE('',*,*,#1296,.T.);
#1346 = ORIENTED_EDGE('',*,*,#1275,.T.);
#1347 = ORIENTED_EDGE('',*,*,#1318,.F.);
#1348 = PLANE('',#1349);
#1349 = AXIS2_PLACEMENT_3D('',#1350,#1351,#1352);
#1350 = CARTESIAN_POINT('',(97.7,-37.4,2.395));
#1351 = DIRECTION('',(0.,0.,1.));
#1352 = DIRECTION('',(1.,0.,-0.));
#1353 = MANIFOLD_SOLID_BREP('',#1354);
#1354 = CLOSED_SHELL('',(#1355,#1395,#1435,#1457,#1479,#1491));
#1355 = ADVANCED_FACE('',(#1356),#1390,.F.);
#1356 = FACE_BOUND('',#1357,.F.);
#1357 = EDGE_LOOP('',(#1358,#1368,#1376,#1384));
#1358 = ORIENTED_EDGE('',*,*,#1359,.F.);
#1359 = EDGE_CURVE('',#1360,#1362,#1364,.T.);
#1360 = VERTEX_POINT('',#1361);
#1361 = CARTESIAN_POINT('',(101.7,-40.4,1.595));
#1362 = VERTEX_POINT('',#1363);
#1363 = CARTESIAN_POINT('',(101.7,-40.4,2.395));
#1364 = LINE('',#1365,#1366);
#1365 = CARTESIAN_POINT('',(101.7,-40.4,1.595));
#1366 = VECTOR('',#1367,1.);
#1367 = DIRECTION('',(0.,0.,1.));
#1368 = ORIENTED_EDGE('',*,*,#1369,.T.);
#1369 = EDGE_CURVE('',#1360,#1370,#1372,.T.);
#1370 = VERTEX_POINT('',#1371);
#1371 = CARTESIAN_POINT('',(101.7,-39.6,1.595));
#1372 = LINE('',#1373,#1374);
#1373 = CARTESIAN_POINT('',(101.7,-40.4,1.595));
#1374 = VECTOR('',#1375,1.);
#1375 = DIRECTION('',(-0.,1.,0.));
#1376 = ORIENTED_EDGE('',*,*,#1377,.T.);
#1377 = EDGE_CURVE('',#1370,#1378,#1380,.T.);
#1378 = VERTEX_POINT('',#1379);
#1379 = CARTESIAN_POINT('',(101.7,-39.6,2.395));
#1380 = LINE('',#1381,#1382);
#1381 = CARTESIAN_POINT('',(101.7,-39.6,1.595));
#1382 = VECTOR('',#1383,1.);
#1383 = DIRECTION('',(0.,0.,1.));
#1384 = ORIENTED_EDGE('',*,*,#1385,.F.);
#1385 = EDGE_CURVE('',#1362,#1378,#1386,.T.);
#1386 = LINE('',#1387,#1388);
#1387 = CARTESIAN_POINT('',(101.7,-40.4,2.395));
#1388 = VECTOR('',#1389,1.);
#1389 = DIRECTION('',(-0.,1.,0.));
#1390 = PLANE('',#1391);
#1391 = AXIS2_PLACEMENT_3D('',#1392,#1393,#1394);
#1392 = CARTESIAN_POINT('',(101.7,-40.4,1.595));
#1393 = DIRECTION('',(1.,0.,-0.));
#1394 = DIRECTION('',(0.,0.,1.));
#1395 = ADVANCED_FACE('',(#1396),#1430,.T.);
#1396 = FACE_BOUND('',#1397,.T.);
#1397 = EDGE_LOOP('',(#1398,#1408,#1416,#1424));
#1398 = ORIENTED_EDGE('',*,*,#1399,.F.);
#1399 = EDGE_CURVE('',#1400,#1402,#1404,.T.);
#1400 = VERTEX_POINT('',#1401);
#1401 = CARTESIAN_POINT('',(103.3,-40.4,1.595));
#1402 = VERTEX_POINT('',#1403);
#1403 = CARTESIAN_POINT('',(103.3,-40.4,2.395));
#1404 = LINE('',#1405,#1406);
#1405 = CARTESIAN_POINT('',(103.3,-40.4,1.595));
#1406 = VECTOR('',#1407,1.);
#1407 = DIRECTION('',(0.,0.,1.));
#1408 = ORIENTED_EDGE('',*,*,#1409,.T.);
#1409 = EDGE_CURVE('',#1400,#1410,#1412,.T.);
#1410 = VERTEX_POINT('',#1411);
#1411 = CARTESIAN_POINT('',(103.3,-39.6,1.595));
#1412 = LINE('',#1413,#1414);
#1413 = CARTESIAN_POINT('',(103.3,-40.4,1.595));
#1414 = VECTOR('',#1415,1.);
#1415 = DIRECTION('',(-0.,1.,0.));
#1416 = ORIENTED_EDGE('',*,*,#1417,.T.);
#1417 = EDGE_CURVE('',#1410,#1418,#1420,.T.);
#1418 = VERTEX_POINT('',#1419);
#1419 = CARTESIAN_POINT('',(103.3,-39.6,2.395));
#1420 = LINE('',#1421,#1422);
#1421 = CARTESIAN_POINT('',(103.3,-39.6,1.595));
#1422 = VECTOR('',#1423,1.);
#1423 = DIRECTION('',(0.,0.,1.));
#1424 = ORIENTED_EDGE('',*,*,#1425,.F.);
#1425 = EDGE_CURVE('',#1402,#1418,#1426,.T.);
#1426 = LINE('',#1427,#1428);
#1427 = CARTESIAN_POINT('',(103.3,-40.4,2.395));
#1428 = VECTOR('',#1429,1.);
#1429 = DIRECTION('',(-0.,1.,0.));
#1430 = PLANE('',#1431);
#1431 = AXIS2_PLACEMENT_3D('',#1432,#1433,#1434);
#1432 = CARTESIAN_POINT('',(103.3,-40.4,1.595));
#1433 = DIRECTION('',(1.,0.,-0.));
#1434 = DIRECTION('',(0.,0.,1.));
#1435 = ADVANCED_FACE('',(#1436),#1452,.F.);
#1436 = FACE_BOUND('',#1437,.F.);
#1437 = EDGE_LOOP('',(#1438,#1444,#1445,#1451));
#1438 = ORIENTED_EDGE('',*,*,#1439,.F.);
#1439 = EDGE_CURVE('',#1360,#1400,#1440,.T.);
#1440 = LINE('',#1441,#1442);
#1441 = CARTESIAN_POINT('',(101.7,-40.4,1.595));
#1442 = VECTOR('',#1443,1.);
#1443 = DIRECTION('',(1.,0.,-0.));
#1444 = ORIENTED_EDGE('',*,*,#1359,.T.);
#1445 = ORIENTED_EDGE('',*,*,#1446,.T.);
#1446 = EDGE_CURVE('',#1362,#1402,#1447,.T.);
#1447 = LINE('',#1448,#1449);
#1448 = CARTESIAN_POINT('',(101.7,-40.4,2.395));
#1449 = VECTOR('',#1450,1.);
#1450 = DIRECTION('',(1.,0.,-0.));
#1451 = ORIENTED_EDGE('',*,*,#1399,.F.);
#1452 = PLANE('',#1453);
#1453 = AXIS2_PLACEMENT_3D('',#1454,#1455,#1456);
#1454 = CARTESIAN_POINT('',(101.7,-40.4,1.595));
#1455 = DIRECTION('',(-0.,1.,0.));
#1456 = DIRECTION('',(0.,0.,1.));
#1457 = ADVANCED_FACE('',(#1458),#1474,.T.);
#1458 = FACE_BOUND('',#1459,.T.);
#1459 = EDGE_LOOP('',(#1460,#1466,#1467,#1473));
#1460 = ORIENTED_EDGE('',*,*,#1461,.F.);
#1461 = EDGE_CURVE('',#1370,#1410,#1462,.T.);
#1462 = LINE('',#1463,#1464);
#1463 = CARTESIAN_POINT('',(101.7,-39.6,1.595));
#1464 = VECTOR('',#1465,1.);
#1465 = DIRECTION('',(1.,0.,-0.));
#1466 = ORIENTED_EDGE('',*,*,#1377,.T.);
#1467 = ORIENTED_EDGE('',*,*,#1468,.T.);
#1468 = EDGE_CURVE('',#1378,#1418,#1469,.T.);
#1469 = LINE('',#1470,#1471);
#1470 = CARTESIAN_POINT('',(101.7,-39.6,2.395));
#1471 = VECTOR('',#1472,1.);
#1472 = DIRECTION('',(1.,0.,-0.));
#1473 = ORIENTED_EDGE('',*,*,#1417,.F.);
#1474 = PLANE('',#1475);
#1475 = AXIS2_PLACEMENT_3D('',#1476,#1477,#1478);
#1476 = CARTESIAN_POINT('',(101.7,-39.6,1.595));
#1477 = DIRECTION('',(-0.,1.,0.));
#1478 = DIRECTION('',(0.,0.,1.));
#1479 = ADVANCED_FACE('',(#1480),#1486,.F.);
#1480 = FACE_BOUND('',#1481,.F.);
#1481 = EDGE_LOOP('',(#1482,#1483,#1484,#1485));
#1482 = ORIENTED_EDGE('',*,*,#1369,.F.);
#1483 = ORIENTED_EDGE('',*,*,#1439,.T.);
#1484 = ORIENTED_EDGE('',*,*,#1409,.T.);
#1485 = ORIENTED_EDGE('',*,*,#1461,.F.);
#1486 = PLANE('',#1487);
#1487 = AXIS2_PLACEMENT_3D('',#1488,#1489,#1490);
#1488 = CARTESIAN_POINT('',(101.7,-40.4,1.595));
#1489 = DIRECTION('',(0.,0.,1.));
#1490 = DIRECTION('',(1.,0.,-0.));
#1491 = ADVANCED_FACE('',(#1492),#1498,.T.);
#1492 = FACE_BOUND('',#1493,.T.);
#1493 = EDGE_LOOP('',(#1494,#1495,#1496,#1497));
#1494 = ORIENTED_EDGE('',*,*,#1385,.F.);
#1495 = ORIENTED_EDGE('',*,*,#1446,.T.);
#1496 = ORIENTED_EDGE('',*,*,#1425,.T.);
#1497 = ORIENTED_EDGE('',*,*,#1468,.F.);
#1498 = PLANE('',#1499);
#1499 = AXIS2_PLACEMENT_3D('',#1500,#1501,#1502);
#1500 = CARTESIAN_POINT('',(101.7,-40.4,2.395));
#1501 = DIRECTION('',(0.,0.,1.));
#1502 = DIRECTION('',(1.,0.,-0.));
#1503 = MANIFOLD_SOLID_BREP('',#1504);
#1504 = CLOSED_SHELL('',(#1505,#1545,#1585,#1607,#1629,#1641));
#1505 = ADVANCED_FACE('',(#1506),#1540,.F.);
#1506 = FACE_BOUND('',#1507,.F.);
#1507 = EDGE_LOOP('',(#1508,#1518,#1526,#1534));
#1508 = ORIENTED_EDGE('',*,*,#1509,.F.);
#1509 = EDGE_CURVE('',#1510,#1512,#1514,.T.);
#1510 = VERTEX_POINT('',#1511);
#1511 = CARTESIAN_POINT('',(108.7,-38.5,1.595));
#1512 = VERTEX_POINT('',#1513);
#1513 = CARTESIAN_POINT('',(108.7,-38.5,2.395));
#1514 = LINE('',#1515,#1516);
#1515 = CARTESIAN_POINT('',(108.7,-38.5,1.595));
#1516 = VECTOR('',#1517,1.);
#1517 = DIRECTION('',(0.,0.,1.));
#1518 = ORIENTED_EDGE('',*,*,#1519,.T.);
#1519 = EDGE_CURVE('',#1510,#1520,#1522,.T.);
#1520 = VERTEX_POINT('',#1521);
#1521 = CARTESIAN_POINT('',(108.7,-37.7,1.595));
#1522 = LINE('',#1523,#1524);
#1523 = CARTESIAN_POINT('',(108.7,-38.5,1.595));
#1524 = VECTOR('',#1525,1.);
#1525 = DIRECTION('',(-0.,1.,0.));
#1526 = ORIENTED_EDGE('',*,*,#1527,.T.);
#1527 = EDGE_CURVE('',#1520,#1528,#1530,.T.);
#1528 = VERTEX_POINT('',#1529);
#1529 = CARTESIAN_POINT('',(108.7,-37.7,2.395));
#1530 = LINE('',#1531,#1532);
#1531 = CARTESIAN_POINT('',(108.7,-37.7,1.595));
#1532 = VECTOR('',#1533,1.);
#1533 = DIRECTION('',(0.,0.,1.));
#1534 = ORIENTED_EDGE('',*,*,#1535,.F.);
#1535 = EDGE_CURVE('',#1512,#1528,#1536,.T.);
#1536 = LINE('',#1537,#1538);
#1537 = CARTESIAN_POINT('',(108.7,-38.5,2.395));
#1538 = VECTOR('',#1539,1.);
#1539 = DIRECTION('',(-0.,1.,0.));
#1540 = PLANE('',#1541);
#1541 = AXIS2_PLACEMENT_3D('',#1542,#1543,#1544);
#1542 = CARTESIAN_POINT('',(108.7,-38.5,1.595));
#1543 = DIRECTION('',(1.,0.,-0.));
#1544 = DIRECTION('',(0.,0.,1.));
#1545 = ADVANCED_FACE('',(#1546),#1580,.T.);
#1546 = FACE_BOUND('',#1547,.T.);
#1547 = EDGE_LOOP('',(#1548,#1558,#1566,#1574));
#1548 = ORIENTED_EDGE('',*,*,#1549,.F.);
#1549 = EDGE_CURVE('',#1550,#1552,#1554,.T.);
#1550 = VERTEX_POINT('',#1551);
#1551 = CARTESIAN_POINT('',(110.3,-38.5,1.595));
#1552 = VERTEX_POINT('',#1553);
#1553 = CARTESIAN_POINT('',(110.3,-38.5,2.395));
#1554 = LINE('',#1555,#1556);
#1555 = CARTESIAN_POINT('',(110.3,-38.5,1.595));
#1556 = VECTOR('',#1557,1.);
#1557 = DIRECTION('',(0.,0.,1.));
#1558 = ORIENTED_EDGE('',*,*,#1559,.T.);
#1559 = EDGE_CURVE('',#1550,#1560,#1562,.T.);
#1560 = VERTEX_POINT('',#1561);
#1561 = CARTESIAN_POINT('',(110.3,-37.7,1.595));
#1562 = LINE('',#1563,#1564);
#1563 = CARTESIAN_POINT('',(110.3,-38.5,1.595));
#1564 = VECTOR('',#1565,1.);
#1565 = DIRECTION('',(-0.,1.,0.));
#1566 = ORIENTED_EDGE('',*,*,#1567,.T.);
#1567 = EDGE_CURVE('',#1560,#1568,#1570,.T.);
#1568 = VERTEX_POINT('',#1569);
#1569 = CARTESIAN_POINT('',(110.3,-37.7,2.395));
#1570 = LINE('',#1571,#1572);
#1571 = CARTESIAN_POINT('',(110.3,-37.7,1.595));
#1572 = VECTOR('',#1573,1.);
#1573 = DIRECTION('',(0.,0.,1.));
#1574 = ORIENTED_EDGE('',*,*,#1575,.F.);
#1575 = EDGE_CURVE('',#1552,#1568,#1576,.T.);
#1576 = LINE('',#1577,#1578);
#1577 = CARTESIAN_POINT('',(110.3,-38.5,2.395));
#1578 = VECTOR('',#1579,1.);
#1579 = DIRECTION('',(-0.,1.,0.));
#1580 = PLANE('',#1581);
#1581 = AXIS2_PLACEMENT_3D('',#1582,#1583,#1584);
#1582 = CARTESIAN_POINT('',(110.3,-38.5,1.595));
#1583 = DIRECTION('',(1.,0.,-0.));
#1584 = DIRECTION('',(0.,0.,1.));
#1585 = ADVANCED_FACE('',(#1586),#1602,.F.);
#1586 = FACE_BOUND('',#1587,.F.);
#1587 = EDGE_LOOP('',(#1588,#1594,#1595,#1601));
#1588 = ORIENTED_EDGE('',*,*,#1589,.F.);
#1589 = EDGE_CURVE('',#1510,#1550,#1590,.T.);
#1590 = LINE('',#1591,#1592);
#1591 = CARTESIAN_POINT('',(108.7,-38.5,1.595));
#1592 = VECTOR('',#1593,1.);
#1593 = DIRECTION('',(1.,0.,-0.));
#1594 = ORIENTED_EDGE('',*,*,#1509,.T.);
#1595 = ORIENTED_EDGE('',*,*,#1596,.T.);
#1596 = EDGE_CURVE('',#1512,#1552,#1597,.T.);
#1597 = LINE('',#1598,#1599);
#1598 = CARTESIAN_POINT('',(108.7,-38.5,2.395));
#1599 = VECTOR('',#1600,1.);
#1600 = DIRECTION('',(1.,0.,-0.));
#1601 = ORIENTED_EDGE('',*,*,#1549,.F.);
#1602 = PLANE('',#1603);
#1603 = AXIS2_PLACEMENT_3D('',#1604,#1605,#1606);
#1604 = CARTESIAN_POINT('',(108.7,-38.5,1.595));
#1605 = DIRECTION('',(-0.,1.,0.));
#1606 = DIRECTION('',(0.,0.,1.));
#1607 = ADVANCED_FACE('',(#1608),#1624,.T.);
#1608 = FACE_BOUND('',#1609,.T.);
#1609 = EDGE_LOOP('',(#1610,#1616,#1617,#1623));
#1610 = ORIENTED_EDGE('',*,*,#1611,.F.);
#1611 = EDGE_CURVE('',#1520,#1560,#1612,.T.);
#1612 = LINE('',#1613,#1614);
#1613 = CARTESIAN_POINT('',(108.7,-37.7,1.595));
#1614 = VECTOR('',#1615,1.);
#1615 = DIRECTION('',(1.,0.,-0.));
#1616 = ORIENTED_EDGE('',*,*,#1527,.T.);
#1617 = ORIENTED_EDGE('',*,*,#1618,.T.);
#1618 = EDGE_CURVE('',#1528,#1568,#1619,.T.);
#1619 = LINE('',#1620,#1621);
#1620 = CARTESIAN_POINT('',(108.7,-37.7,2.395));
#1621 = VECTOR('',#1622,1.);
#1622 = DIRECTION('',(1.,0.,-0.));
#1623 = ORIENTED_EDGE('',*,*,#1567,.F.);
#1624 = PLANE('',#1625);
#1625 = AXIS2_PLACEMENT_3D('',#1626,#1627,#1628);
#1626 = CARTESIAN_POINT('',(108.7,-37.7,1.595));
#1627 = DIRECTION('',(-0.,1.,0.));
#1628 = DIRECTION('',(0.,0.,1.));
#1629 = ADVANCED_FACE('',(#1630),#1636,.F.);
#1630 = FACE_BOUND('',#1631,.F.);
#1631 = EDGE_LOOP('',(#1632,#1633,#1634,#1635));
#1632 = ORIENTED_EDGE('',*,*,#1519,.F.);
#1633 = ORIENTED_EDGE('',*,*,#1589,.T.);
#1634 = ORIENTED_EDGE('',*,*,#1559,.T.);
#1635 = ORIENTED_EDGE('',*,*,#1611,.F.);
#1636 = PLANE('',#1637);
#1637 = AXIS2_PLACEMENT_3D('',#1638,#1639,#1640);
#1638 = CARTESIAN_POINT('',(108.7,-38.5,1.595));
#1639 = DIRECTION('',(0.,0.,1.));
#1640 = DIRECTION('',(1.,0.,-0.));
#1641 = ADVANCED_FACE('',(#1642),#1648,.T.);
#1642 = FACE_BOUND('',#1643,.T.);
#1643 = EDGE_LOOP('',(#1644,#1645,#1646,#1647));
#1644 = ORIENTED_EDGE('',*,*,#1535,.F.);
#1645 = ORIENTED_EDGE('',*,*,#1596,.T.);
#1646 = ORIENTED_EDGE('',*,*,#1575,.T.);
#1647 = ORIENTED_EDGE('',*,*,#1618,.F.);
#1648 = PLANE('',#1649);
#1649 = AXIS2_PLACEMENT_3D('',#1650,#1651,#1652);
#1650 = CARTESIAN_POINT('',(108.7,-38.5,2.395));
#1651 = DIRECTION('',(0.,0.,1.));
#1652 = DIRECTION('',(1.,0.,-0.));
#1653 = MANIFOLD_SOLID_BREP('',#1654);
#1654 = CLOSED_SHELL('',(#1655,#1695,#1735,#1757,#1779,#1791));
#1655 = ADVANCED_FACE('',(#1656),#1690,.F.);
#1656 = FACE_BOUND('',#1657,.F.);
#1657 = EDGE_LOOP('',(#1658,#1668,#1676,#1684));
#1658 = ORIENTED_EDGE('',*,*,#1659,.F.);
#1659 = EDGE_CURVE('',#1660,#1662,#1664,.T.);
#1660 = VERTEX_POINT('',#1661);
#1661 = CARTESIAN_POINT('',(118.6,-38.5,1.595));
#1662 = VERTEX_POINT('',#1663);
#1663 = CARTESIAN_POINT('',(118.6,-38.5,2.395));
#1664 = LINE('',#1665,#1666);
#1665 = CARTESIAN_POINT('',(118.6,-38.5,1.595));
#1666 = VECTOR('',#1667,1.);
#1667 = DIRECTION('',(0.,0.,1.));
#1668 = ORIENTED_EDGE('',*,*,#1669,.T.);
#1669 = EDGE_CURVE('',#1660,#1670,#1672,.T.);
#1670 = VERTEX_POINT('',#1671);
#1671 = CARTESIAN_POINT('',(118.6,-37.7,1.595));
#1672 = LINE('',#1673,#1674);
#1673 = CARTESIAN_POINT('',(118.6,-38.5,1.595));
#1674 = VECTOR('',#1675,1.);
#1675 = DIRECTION('',(-0.,1.,0.));
#1676 = ORIENTED_EDGE('',*,*,#1677,.T.);
#1677 = EDGE_CURVE('',#1670,#1678,#1680,.T.);
#1678 = VERTEX_POINT('',#1679);
#1679 = CARTESIAN_POINT('',(118.6,-37.7,2.395));
#1680 = LINE('',#1681,#1682);
#1681 = CARTESIAN_POINT('',(118.6,-37.7,1.595));
#1682 = VECTOR('',#1683,1.);
#1683 = DIRECTION('',(0.,0.,1.));
#1684 = ORIENTED_EDGE('',*,*,#1685,.F.);
#1685 = EDGE_CURVE('',#1662,#1678,#1686,.T.);
#1686 = LINE('',#1687,#1688);
#1687 = CARTESIAN_POINT('',(118.6,-38.5,2.395));
#1688 = VECTOR('',#1689,1.);
#1689 = DIRECTION('',(-0.,1.,0.));
#1690 = PLANE('',#1691);
#1691 = AXIS2_PLACEMENT_3D('',#1692,#1693,#1694);
#1692 = CARTESIAN_POINT('',(118.6,-38.5,1.595));
#1693 = DIRECTION('',(1.,0.,-0.));
#1694 = DIRECTION('',(0.,0.,1.));
#1695 = ADVANCED_FACE('',(#1696),#1730,.T.);
#1696 = FACE_BOUND('',#1697,.T.);
#1697 = EDGE_LOOP('',(#1698,#1708,#1716,#1724));
#1698 = ORIENTED_EDGE('',*,*,#1699,.F.);
#1699 = EDGE_CURVE('',#1700,#1702,#1704,.T.);
#1700 = VERTEX_POINT('',#1701);
#1701 = CARTESIAN_POINT('',(120.2,-38.5,1.595));
#1702 = VERTEX_POINT('',#1703);
#1703 = CARTESIAN_POINT('',(120.2,-38.5,2.395));
#1704 = LINE('',#1705,#1706);
#1705 = CARTESIAN_POINT('',(120.2,-38.5,1.595));
#1706 = VECTOR('',#1707,1.);
#1707 = DIRECTION('',(0.,0.,1.));
#1708 = ORIENTED_EDGE('',*,*,#1709,.T.);
#1709 = EDGE_CURVE('',#1700,#1710,#1712,.T.);
#1710 = VERTEX_POINT('',#1711);
#1711 = CARTESIAN_POINT('',(120.2,-37.7,1.595));
#1712 = LINE('',#1713,#1714);
#1713 = CARTESIAN_POINT('',(120.2,-38.5,1.595));
#1714 = VECTOR('',#1715,1.);
#1715 = DIRECTION('',(-0.,1.,0.));
#1716 = ORIENTED_EDGE('',*,*,#1717,.T.);
#1717 = EDGE_CURVE('',#1710,#1718,#1720,.T.);
#1718 = VERTEX_POINT('',#1719);
#1719 = CARTESIAN_POINT('',(120.2,-37.7,2.395));
#1720 = LINE('',#1721,#1722);
#1721 = CARTESIAN_POINT('',(120.2,-37.7,1.595));
#1722 = VECTOR('',#1723,1.);
#1723 = DIRECTION('',(0.,0.,1.));
#1724 = ORIENTED_EDGE('',*,*,#1725,.F.);
#1725 = EDGE_CURVE('',#1702,#1718,#1726,.T.);
#1726 = LINE('',#1727,#1728);
#1727 = CARTESIAN_POINT('',(120.2,-38.5,2.395));
#1728 = VECTOR('',#1729,1.);
#1729 = DIRECTION('',(-0.,1.,0.));
#1730 = PLANE('',#1731);
#1731 = AXIS2_PLACEMENT_3D('',#1732,#1733,#1734);
#1732 = CARTESIAN_POINT('',(120.2,-38.5,1.595));
#1733 = DIRECTION('',(1.,0.,-0.));
#1734 = DIRECTION('',(0.,0.,1.));
#1735 = ADVANCED_FACE('',(#1736),#1752,.F.);
#1736 = FACE_BOUND('',#1737,.F.);
#1737 = EDGE_LOOP('',(#1738,#1744,#1745,#1751));
#1738 = ORIENTED_EDGE('',*,*,#1739,.F.);
#1739 = EDGE_CURVE('',#1660,#1700,#1740,.T.);
#1740 = LINE('',#1741,#1742);
#1741 = CARTESIAN_POINT('',(118.6,-38.5,1.595));
#1742 = VECTOR('',#1743,1.);
#1743 = DIRECTION('',(1.,0.,-0.));
#1744 = ORIENTED_EDGE('',*,*,#1659,.T.);
#1745 = ORIENTED_EDGE('',*,*,#1746,.T.);
#1746 = EDGE_CURVE('',#1662,#1702,#1747,.T.);
#1747 = LINE('',#1748,#1749);
#1748 = CARTESIAN_POINT('',(118.6,-38.5,2.395));
#1749 = VECTOR('',#1750,1.);
#1750 = DIRECTION('',(1.,0.,-0.));
#1751 = ORIENTED_EDGE('',*,*,#1699,.F.);
#1752 = PLANE('',#1753);
#1753 = AXIS2_PLACEMENT_3D('',#1754,#1755,#1756);
#1754 = CARTESIAN_POINT('',(118.6,-38.5,1.595));
#1755 = DIRECTION('',(-0.,1.,0.));
#1756 = DIRECTION('',(0.,0.,1.));
#1757 = ADVANCED_FACE('',(#1758),#1774,.T.);
#1758 = FACE_BOUND('',#1759,.T.);
#1759 = EDGE_LOOP('',(#1760,#1766,#1767,#1773));
#1760 = ORIENTED_EDGE('',*,*,#1761,.F.);
#1761 = EDGE_CURVE('',#1670,#1710,#1762,.T.);
#1762 = LINE('',#1763,#1764);
#1763 = CARTESIAN_POINT('',(118.6,-37.7,1.595));
#1764 = VECTOR('',#1765,1.);
#1765 = DIRECTION('',(1.,0.,-0.));
#1766 = ORIENTED_EDGE('',*,*,#1677,.T.);
#1767 = ORIENTED_EDGE('',*,*,#1768,.T.);
#1768 = EDGE_CURVE('',#1678,#1718,#1769,.T.);
#1769 = LINE('',#1770,#1771);
#1770 = CARTESIAN_POINT('',(118.6,-37.7,2.395));
#1771 = VECTOR('',#1772,1.);
#1772 = DIRECTION('',(1.,0.,-0.));
#1773 = ORIENTED_EDGE('',*,*,#1717,.F.);
#1774 = PLANE('',#1775);
#1775 = AXIS2_PLACEMENT_3D('',#1776,#1777,#1778);
#1776 = CARTESIAN_POINT('',(118.6,-37.7,1.595));
#1777 = DIRECTION('',(-0.,1.,0.));
#1778 = DIRECTION('',(0.,0.,1.));
#1779 = ADVANCED_FACE('',(#1780),#1786,.F.);
#1780 = FACE_BOUND('',#1781,.F.);
#1781 = EDGE_LOOP('',(#1782,#1783,#1784,#1785));
#1782 = ORIENTED_EDGE('',*,*,#1669,.F.);
#1783 = ORIENTED_EDGE('',*,*,#1739,.T.);
#1784 = ORIENTED_EDGE('',*,*,#1709,.T.);
#1785 = ORIENTED_EDGE('',*,*,#1761,.F.);
#1786 = PLANE('',#1787);
#1787 = AXIS2_PLACEMENT_3D('',#1788,#1789,#1790);
#1788 = CARTESIAN_POINT('',(118.6,-38.5,1.595));
#1789 = DIRECTION('',(0.,0.,1.));
#1790 = DIRECTION('',(1.,0.,-0.));
#1791 = ADVANCED_FACE('',(#1792),#1798,.T.);
#1792 = FACE_BOUND('',#1793,.T.);
#1793 = EDGE_LOOP('',(#1794,#1795,#1796,#1797));
#1794 = ORIENTED_EDGE('',*,*,#1685,.F.);
#1795 = ORIENTED_EDGE('',*,*,#1746,.T.);
#1796 = ORIENTED_EDGE('',*,*,#1725,.T.);
#1797 = ORIENTED_EDGE('',*,*,#1768,.F.);
#1798 = PLANE('',#1799);
#1799 = AXIS2_PLACEMENT_3D('',#1800,#1801,#1802);
#1800 = CARTESIAN_POINT('',(118.6,-38.5,2.395));
#1801 = DIRECTION('',(0.,0.,1.));
#1802 = DIRECTION('',(1.,0.,-0.));
#1803 = MANIFOLD_SOLID_BREP('',#1804);
#1804 = CLOSED_SHELL('',(#1805,#1845,#1885,#1907,#1929,#1941));
#1805 = ADVANCED_FACE('',(#1806),#1840,.F.);
#1806 = FACE_BOUND('',#1807,.F.);
#1807 = EDGE_LOOP('',(#1808,#1818,#1826,#1834));
#1808 = ORIENTED_EDGE('',*,*,#1809,.F.);
#1809 = EDGE_CURVE('',#1810,#1812,#1814,.T.);
#1810 = VERTEX_POINT('',#1811);
#1811 = CARTESIAN_POINT('',(107.9999,-28.525,1.594999999999));
#1812 = VERTEX_POINT('',#1813);
#1813 = CARTESIAN_POINT('',(107.9999,-28.525,4.094999712505));
#1814 = LINE('',#1815,#1816);
#1815 = CARTESIAN_POINT('',(107.9999,-28.525,1.594999999999));
#1816 = VECTOR('',#1817,1.);
#1817 = DIRECTION('',(0.,0.,1.));
#1818 = ORIENTED_EDGE('',*,*,#1819,.T.);
#1819 = EDGE_CURVE('',#1810,#1820,#1822,.T.);
#1820 = VERTEX_POINT('',#1821);
#1821 = CARTESIAN_POINT('',(107.9999,-22.275,1.594999999999));
#1822 = LINE('',#1823,#1824);
#1823 = CARTESIAN_POINT('',(107.9999,-28.525,1.594999999999));
#1824 = VECTOR('',#1825,1.);
#1825 = DIRECTION('',(-0.,1.,0.));
#1826 = ORIENTED_EDGE('',*,*,#1827,.T.);
#1827 = EDGE_CURVE('',#1820,#1828,#1830,.T.);
#1828 = VERTEX_POINT('',#1829);
#1829 = CARTESIAN_POINT('',(107.9999,-22.275,4.094999712505));
#1830 = LINE('',#1831,#1832);
#1831 = CARTESIAN_POINT('',(107.9999,-22.275,1.594999999999));
#1832 = VECTOR('',#1833,1.);
#1833 = DIRECTION('',(0.,0.,1.));
#1834 = ORIENTED_EDGE('',*,*,#1835,.F.);
#1835 = EDGE_CURVE('',#1812,#1828,#1836,.T.);
#1836 = LINE('',#1837,#1838);
#1837 = CARTESIAN_POINT('',(107.9999,-28.525,4.094999712505));
#1838 = VECTOR('',#1839,1.);
#1839 = DIRECTION('',(-0.,1.,0.));
#1840 = PLANE('',#1841);
#1841 = AXIS2_PLACEMENT_3D('',#1842,#1843,#1844);
#1842 = CARTESIAN_POINT('',(107.9999,-28.525,1.594999999999));
#1843 = DIRECTION('',(1.,0.,-0.));
#1844 = DIRECTION('',(0.,0.,1.));
#1845 = ADVANCED_FACE('',(#1846),#1880,.T.);
#1846 = FACE_BOUND('',#1847,.T.);
#1847 = EDGE_LOOP('',(#1848,#1858,#1866,#1874));
#1848 = ORIENTED_EDGE('',*,*,#1849,.F.);
#1849 = EDGE_CURVE('',#1850,#1852,#1854,.T.);
#1850 = VERTEX_POINT('',#1851);
#1851 = CARTESIAN_POINT('',(132.,-28.525,1.594999999999));
#1852 = VERTEX_POINT('',#1853);
#1853 = CARTESIAN_POINT('',(132.,-28.525,4.094999712505));
#1854 = LINE('',#1855,#1856);
#1855 = CARTESIAN_POINT('',(132.,-28.525,1.594999999999));
#1856 = VECTOR('',#1857,1.);
#1857 = DIRECTION('',(0.,0.,1.));
#1858 = ORIENTED_EDGE('',*,*,#1859,.T.);
#1859 = EDGE_CURVE('',#1850,#1860,#1862,.T.);
#1860 = VERTEX_POINT('',#1861);
#1861 = CARTESIAN_POINT('',(132.,-22.275,1.594999999999));
#1862 = LINE('',#1863,#1864);
#1863 = CARTESIAN_POINT('',(132.,-28.525,1.594999999999));
#1864 = VECTOR('',#1865,1.);
#1865 = DIRECTION('',(-0.,1.,0.));
#1866 = ORIENTED_EDGE('',*,*,#1867,.T.);
#1867 = EDGE_CURVE('',#1860,#1868,#1870,.T.);
#1868 = VERTEX_POINT('',#1869);
#1869 = CARTESIAN_POINT('',(132.,-22.275,4.094999712505));
#1870 = LINE('',#1871,#1872);
#1871 = CARTESIAN_POINT('',(132.,-22.275,1.594999999999));
#1872 = VECTOR('',#1873,1.);
#1873 = DIRECTION('',(0.,0.,1.));
#1874 = ORIENTED_EDGE('',*,*,#1875,.F.);
#1875 = EDGE_CURVE('',#1852,#1868,#1876,.T.);
#1876 = LINE('',#1877,#1878);
#1877 = CARTESIAN_POINT('',(132.,-28.525,4.094999712505));
#1878 = VECTOR('',#1879,1.);
#1879 = DIRECTION('',(-0.,1.,0.));
#1880 = PLANE('',#1881);
#1881 = AXIS2_PLACEMENT_3D('',#1882,#1883,#1884);
#1882 = CARTESIAN_POINT('',(132.,-28.525,1.594999999999));
#1883 = DIRECTION('',(1.,0.,-0.));
#1884 = DIRECTION('',(0.,0.,1.));
#1885 = ADVANCED_FACE('',(#1886),#1902,.F.);
#1886 = FACE_BOUND('',#1887,.F.);
#1887 = EDGE_LOOP('',(#1888,#1894,#1895,#1901));
#1888 = ORIENTED_EDGE('',*,*,#1889,.F.);
#1889 = EDGE_CURVE('',#1810,#1850,#1890,.T.);
#1890 = LINE('',#1891,#1892);
#1891 = CARTESIAN_POINT('',(107.9999,-28.525,1.594999999999));
#1892 = VECTOR('',#1893,1.);
#1893 = DIRECTION('',(1.,0.,-0.));
#1894 = ORIENTED_EDGE('',*,*,#1809,.T.);
#1895 = ORIENTED_EDGE('',*,*,#1896,.T.);
#1896 = EDGE_CURVE('',#1812,#1852,#1897,.T.);
#1897 = LINE('',#1898,#1899);
#1898 = CARTESIAN_POINT('',(107.9999,-28.525,4.094999712505));
#1899 = VECTOR('',#1900,1.);
#1900 = DIRECTION('',(1.,0.,-0.));
#1901 = ORIENTED_EDGE('',*,*,#1849,.F.);
#1902 = PLANE('',#1903);
#1903 = AXIS2_PLACEMENT_3D('',#1904,#1905,#1906);
#1904 = CARTESIAN_POINT('',(107.9999,-28.525,1.594999999999));
#1905 = DIRECTION('',(-0.,1.,0.));
#1906 = DIRECTION('',(0.,0.,1.));
#1907 = ADVANCED_FACE('',(#1908),#1924,.T.);
#1908 = FACE_BOUND('',#1909,.T.);
#1909 = EDGE_LOOP('',(#1910,#1916,#1917,#1923));
#1910 = ORIENTED_EDGE('',*,*,#1911,.F.);
#1911 = EDGE_CURVE('',#1820,#1860,#1912,.T.);
#1912 = LINE('',#1913,#1914);
#1913 = CARTESIAN_POINT('',(107.9999,-22.275,1.594999999999));
#1914 = VECTOR('',#1915,1.);
#1915 = DIRECTION('',(1.,0.,-0.));
#1916 = ORIENTED_EDGE('',*,*,#1827,.T.);
#1917 = ORIENTED_EDGE('',*,*,#1918,.T.);
#1918 = EDGE_CURVE('',#1828,#1868,#1919,.T.);
#1919 = LINE('',#1920,#1921);
#1920 = CARTESIAN_POINT('',(107.9999,-22.275,4.094999712505));
#1921 = VECTOR('',#1922,1.);
#1922 = DIRECTION('',(1.,0.,-0.));
#1923 = ORIENTED_EDGE('',*,*,#1867,.F.);
#1924 = PLANE('',#1925);
#1925 = AXIS2_PLACEMENT_3D('',#1926,#1927,#1928);
#1926 = CARTESIAN_POINT('',(107.9999,-22.275,1.594999999999));
#1927 = DIRECTION('',(-0.,1.,0.));
#1928 = DIRECTION('',(0.,0.,1.));
#1929 = ADVANCED_FACE('',(#1930),#1936,.F.);
#1930 = FACE_BOUND('',#1931,.F.);
#1931 = EDGE_LOOP('',(#1932,#1933,#1934,#1935));
#1932 = ORIENTED_EDGE('',*,*,#1819,.F.);
#1933 = ORIENTED_EDGE('',*,*,#1889,.T.);
#1934 = ORIENTED_EDGE('',*,*,#1859,.T.);
#1935 = ORIENTED_EDGE('',*,*,#1911,.F.);
#1936 = PLANE('',#1937);
#1937 = AXIS2_PLACEMENT_3D('',#1938,#1939,#1940);
#1938 = CARTESIAN_POINT('',(107.9999,-28.525,1.594999999999));
#1939 = DIRECTION('',(0.,0.,1.));
#1940 = DIRECTION('',(1.,0.,-0.));
#1941 = ADVANCED_FACE('',(#1942),#1948,.T.);
#1942 = FACE_BOUND('',#1943,.T.);
#1943 = EDGE_LOOP('',(#1944,#1945,#1946,#1947));
#1944 = ORIENTED_EDGE('',*,*,#1835,.F.);
#1945 = ORIENTED_EDGE('',*,*,#1896,.T.);
#1946 = ORIENTED_EDGE('',*,*,#1875,.T.);
#1947 = ORIENTED_EDGE('',*,*,#1918,.F.);
#1948 = PLANE('',#1949);
#1949 = AXIS2_PLACEMENT_3D('',#1950,#1951,#1952);
#1950 = CARTESIAN_POINT('',(107.9999,-28.525,4.094999712505));
#1951 = DIRECTION('',(0.,0.,1.));
#1952 = DIRECTION('',(1.,0.,-0.));
#1953 = MANIFOLD_SOLID_BREP('',#1954);
#1954 = CLOSED_SHELL('',(#1955,#1995,#2035,#2057,#2079,#2091));
#1955 = ADVANCED_FACE('',(#1956),#1990,.F.);
#1956 = FACE_BOUND('',#1957,.F.);
#1957 = EDGE_LOOP('',(#1958,#1968,#1976,#1984));
#1958 = ORIENTED_EDGE('',*,*,#1959,.F.);
#1959 = EDGE_CURVE('',#1960,#1962,#1964,.T.);
#1960 = VERTEX_POINT('',#1961);
#1961 = CARTESIAN_POINT('',(130.45,-44.2,1.595));
#1962 = VERTEX_POINT('',#1963);
#1963 = CARTESIAN_POINT('',(130.45,-44.2,3.595));
#1964 = LINE('',#1965,#1966);
#1965 = CARTESIAN_POINT('',(130.45,-44.2,1.595));
#1966 = VECTOR('',#1967,1.);
#1967 = DIRECTION('',(0.,0.,1.));
#1968 = ORIENTED_EDGE('',*,*,#1969,.T.);
#1969 = EDGE_CURVE('',#1960,#1970,#1972,.T.);
#1970 = VERTEX_POINT('',#1971);
#1971 = CARTESIAN_POINT('',(130.45,-37.8,1.595));
#1972 = LINE('',#1973,#1974);
#1973 = CARTESIAN_POINT('',(130.45,-44.2,1.595));
#1974 = VECTOR('',#1975,1.);
#1975 = DIRECTION('',(-0.,1.,0.));
#1976 = ORIENTED_EDGE('',*,*,#1977,.T.);
#1977 = EDGE_CURVE('',#1970,#1978,#1980,.T.);
#1978 = VERTEX_POINT('',#1979);
#1979 = CARTESIAN_POINT('',(130.45,-37.8,3.595));
#1980 = LINE('',#1981,#1982);
#1981 = CARTESIAN_POINT('',(130.45,-37.8,1.595));
#1982 = VECTOR('',#1983,1.);
#1983 = DIRECTION('',(0.,0.,1.));
#1984 = ORIENTED_EDGE('',*,*,#1985,.F.);
#1985 = EDGE_CURVE('',#1962,#1978,#1986,.T.);
#1986 = LINE('',#1987,#1988);
#1987 = CARTESIAN_POINT('',(130.45,-44.2,3.595));
#1988 = VECTOR('',#1989,1.);
#1989 = DIRECTION('',(-0.,1.,0.));
#1990 = PLANE('',#1991);
#1991 = AXIS2_PLACEMENT_3D('',#1992,#1993,#1994);
#1992 = CARTESIAN_POINT('',(130.45,-44.2,1.595));
#1993 = DIRECTION('',(1.,0.,-0.));
#1994 = DIRECTION('',(0.,0.,1.));
#1995 = ADVANCED_FACE('',(#1996),#2030,.T.);
#1996 = FACE_BOUND('',#1997,.T.);
#1997 = EDGE_LOOP('',(#1998,#2008,#2016,#2024));
#1998 = ORIENTED_EDGE('',*,*,#1999,.F.);
#1999 = EDGE_CURVE('',#2000,#2002,#2004,.T.);
#2000 = VERTEX_POINT('',#2001);
#2001 = CARTESIAN_POINT('',(140.55,-44.2,1.595));
#2002 = VERTEX_POINT('',#2003);
#2003 = CARTESIAN_POINT('',(140.55,-44.2,3.595));
#2004 = LINE('',#2005,#2006);
#2005 = CARTESIAN_POINT('',(140.55,-44.2,1.595));
#2006 = VECTOR('',#2007,1.);
#2007 = DIRECTION('',(0.,0.,1.));
#2008 = ORIENTED_EDGE('',*,*,#2009,.T.);
#2009 = EDGE_CURVE('',#2000,#2010,#2012,.T.);
#2010 = VERTEX_POINT('',#2011);
#2011 = CARTESIAN_POINT('',(140.55,-37.8,1.595));
#2012 = LINE('',#2013,#2014);
#2013 = CARTESIAN_POINT('',(140.55,-44.2,1.595));
#2014 = VECTOR('',#2015,1.);
#2015 = DIRECTION('',(-0.,1.,0.));
#2016 = ORIENTED_EDGE('',*,*,#2017,.T.);
#2017 = EDGE_CURVE('',#2010,#2018,#2020,.T.);
#2018 = VERTEX_POINT('',#2019);
#2019 = CARTESIAN_POINT('',(140.55,-37.8,3.595));
#2020 = LINE('',#2021,#2022);
#2021 = CARTESIAN_POINT('',(140.55,-37.8,1.595));
#2022 = VECTOR('',#2023,1.);
#2023 = DIRECTION('',(0.,0.,1.));
#2024 = ORIENTED_EDGE('',*,*,#2025,.F.);
#2025 = EDGE_CURVE('',#2002,#2018,#2026,.T.);
#2026 = LINE('',#2027,#2028);
#2027 = CARTESIAN_POINT('',(140.55,-44.2,3.595));
#2028 = VECTOR('',#2029,1.);
#2029 = DIRECTION('',(-0.,1.,0.));
#2030 = PLANE('',#2031);
#2031 = AXIS2_PLACEMENT_3D('',#2032,#2033,#2034);
#2032 = CARTESIAN_POINT('',(140.55,-44.2,1.595));
#2033 = DIRECTION('',(1.,0.,-0.));
#2034 = DIRECTION('',(0.,0.,1.));
#2035 = ADVANCED_FACE('',(#2036),#2052,.F.);
#2036 = FACE_BOUND('',#2037,.F.);
#2037 = EDGE_LOOP('',(#2038,#2044,#2045,#2051));
#2038 = ORIENTED_EDGE('',*,*,#2039,.F.);
#2039 = EDGE_CURVE('',#1960,#2000,#2040,.T.);
#2040 = LINE('',#2041,#2042);
#2041 = CARTESIAN_POINT('',(130.45,-44.2,1.595));
#2042 = VECTOR('',#2043,1.);
#2043 = DIRECTION('',(1.,0.,-0.));
#2044 = ORIENTED_EDGE('',*,*,#1959,.T.);
#2045 = ORIENTED_EDGE('',*,*,#2046,.T.);
#2046 = EDGE_CURVE('',#1962,#2002,#2047,.T.);
#2047 = LINE('',#2048,#2049);
#2048 = CARTESIAN_POINT('',(130.45,-44.2,3.595));
#2049 = VECTOR('',#2050,1.);
#2050 = DIRECTION('',(1.,0.,-0.));
#2051 = ORIENTED_EDGE('',*,*,#1999,.F.);
#2052 = PLANE('',#2053);
#2053 = AXIS2_PLACEMENT_3D('',#2054,#2055,#2056);
#2054 = CARTESIAN_POINT('',(130.45,-44.2,1.595));
#2055 = DIRECTION('',(-0.,1.,0.));
#2056 = DIRECTION('',(0.,0.,1.));
#2057 = ADVANCED_FACE('',(#2058),#2074,.T.);
#2058 = FACE_BOUND('',#2059,.T.);
#2059 = EDGE_LOOP('',(#2060,#2066,#2067,#2073));
#2060 = ORIENTED_EDGE('',*,*,#2061,.F.);
#2061 = EDGE_CURVE('',#1970,#2010,#2062,.T.);
#2062 = LINE('',#2063,#2064);
#2063 = CARTESIAN_POINT('',(130.45,-37.8,1.595));
#2064 = VECTOR('',#2065,1.);
#2065 = DIRECTION('',(1.,0.,-0.));
#2066 = ORIENTED_EDGE('',*,*,#1977,.T.);
#2067 = ORIENTED_EDGE('',*,*,#2068,.T.);
#2068 = EDGE_CURVE('',#1978,#2018,#2069,.T.);
#2069 = LINE('',#2070,#2071);
#2070 = CARTESIAN_POINT('',(130.45,-37.8,3.595));
#2071 = VECTOR('',#2072,1.);
#2072 = DIRECTION('',(1.,0.,-0.));
#2073 = ORIENTED_EDGE('',*,*,#2017,.F.);
#2074 = PLANE('',#2075);
#2075 = AXIS2_PLACEMENT_3D('',#2076,#2077,#2078);
#2076 = CARTESIAN_POINT('',(130.45,-37.8,1.595));
#2077 = DIRECTION('',(-0.,1.,0.));
#2078 = DIRECTION('',(0.,0.,1.));
#2079 = ADVANCED_FACE('',(#2080),#2086,.F.);
#2080 = FACE_BOUND('',#2081,.F.);
#2081 = EDGE_LOOP('',(#2082,#2083,#2084,#2085));
#2082 = ORIENTED_EDGE('',*,*,#1969,.F.);
#2083 = ORIENTED_EDGE('',*,*,#2039,.T.);
#2084 = ORIENTED_EDGE('',*,*,#2009,.T.);
#2085 = ORIENTED_EDGE('',*,*,#2061,.F.);
#2086 = PLANE('',#2087);
#2087 = AXIS2_PLACEMENT_3D('',#2088,#2089,#2090);
#2088 = CARTESIAN_POINT('',(130.45,-44.2,1.595));
#2089 = DIRECTION('',(0.,0.,1.));
#2090 = DIRECTION('',(1.,0.,-0.));
#2091 = ADVANCED_FACE('',(#2092),#2098,.T.);
#2092 = FACE_BOUND('',#2093,.T.);
#2093 = EDGE_LOOP('',(#2094,#2095,#2096,#2097));
#2094 = ORIENTED_EDGE('',*,*,#1985,.F.);
#2095 = ORIENTED_EDGE('',*,*,#2046,.T.);
#2096 = ORIENTED_EDGE('',*,*,#2025,.T.);
#2097 = ORIENTED_EDGE('',*,*,#2068,.F.);
#2098 = PLANE('',#2099);
#2099 = AXIS2_PLACEMENT_3D('',#2100,#2101,#2102);
#2100 = CARTESIAN_POINT('',(130.45,-44.2,3.595));
#2101 = DIRECTION('',(0.,0.,1.));
#2102 = DIRECTION('',(1.,0.,-0.));
#2103 = MANIFOLD_SOLID_BREP('',#2104);
#2104 = CLOSED_SHELL('',(#2105,#2145,#2185,#2207,#2229,#2241));
#2105 = ADVANCED_FACE('',(#2106),#2140,.F.);
#2106 = FACE_BOUND('',#2107,.F.);
#2107 = EDGE_LOOP('',(#2108,#2118,#2126,#2134));
#2108 = ORIENTED_EDGE('',*,*,#2109,.F.);
#2109 = EDGE_CURVE('',#2110,#2112,#2114,.T.);
#2110 = VERTEX_POINT('',#2111);
#2111 = CARTESIAN_POINT('',(97.7,-31.6,1.595));
#2112 = VERTEX_POINT('',#2113);
#2113 = CARTESIAN_POINT('',(97.7,-31.6,2.045));
#2114 = LINE('',#2115,#2116);
#2115 = CARTESIAN_POINT('',(97.7,-31.6,1.595));
#2116 = VECTOR('',#2117,1.);
#2117 = DIRECTION('',(0.,0.,1.));
#2118 = ORIENTED_EDGE('',*,*,#2119,.T.);
#2119 = EDGE_CURVE('',#2110,#2120,#2122,.T.);
#2120 = VERTEX_POINT('',#2121);
#2121 = CARTESIAN_POINT('',(97.7,-30.8,1.595));
#2122 = LINE('',#2123,#2124);
#2123 = CARTESIAN_POINT('',(97.7,-31.6,1.595));
#2124 = VECTOR('',#2125,1.);
#2125 = DIRECTION('',(-0.,1.,0.));
#2126 = ORIENTED_EDGE('',*,*,#2127,.T.);
#2127 = EDGE_CURVE('',#2120,#2128,#2130,.T.);
#2128 = VERTEX_POINT('',#2129);
#2129 = CARTESIAN_POINT('',(97.7,-30.8,2.045));
#2130 = LINE('',#2131,#2132);
#2131 = CARTESIAN_POINT('',(97.7,-30.8,1.595));
#2132 = VECTOR('',#2133,1.);
#2133 = DIRECTION('',(0.,0.,1.));
#2134 = ORIENTED_EDGE('',*,*,#2135,.F.);
#2135 = EDGE_CURVE('',#2112,#2128,#2136,.T.);
#2136 = LINE('',#2137,#2138);
#2137 = CARTESIAN_POINT('',(97.7,-31.6,2.045));
#2138 = VECTOR('',#2139,1.);
#2139 = DIRECTION('',(-0.,1.,0.));
#2140 = PLANE('',#2141);
#2141 = AXIS2_PLACEMENT_3D('',#2142,#2143,#2144);
#2142 = CARTESIAN_POINT('',(97.7,-31.6,1.595));
#2143 = DIRECTION('',(1.,0.,-0.));
#2144 = DIRECTION('',(0.,0.,1.));
#2145 = ADVANCED_FACE('',(#2146),#2180,.T.);
#2146 = FACE_BOUND('',#2147,.T.);
#2147 = EDGE_LOOP('',(#2148,#2158,#2166,#2174));
#2148 = ORIENTED_EDGE('',*,*,#2149,.F.);
#2149 = EDGE_CURVE('',#2150,#2152,#2154,.T.);
#2150 = VERTEX_POINT('',#2151);
#2151 = CARTESIAN_POINT('',(99.3,-31.6,1.595));
#2152 = VERTEX_POINT('',#2153);
#2153 = CARTESIAN_POINT('',(99.3,-31.6,2.045));
#2154 = LINE('',#2155,#2156);
#2155 = CARTESIAN_POINT('',(99.3,-31.6,1.595));
#2156 = VECTOR('',#2157,1.);
#2157 = DIRECTION('',(0.,0.,1.));
#2158 = ORIENTED_EDGE('',*,*,#2159,.T.);
#2159 = EDGE_CURVE('',#2150,#2160,#2162,.T.);
#2160 = VERTEX_POINT('',#2161);
#2161 = CARTESIAN_POINT('',(99.3,-30.8,1.595));
#2162 = LINE('',#2163,#2164);
#2163 = CARTESIAN_POINT('',(99.3,-31.6,1.595));
#2164 = VECTOR('',#2165,1.);
#2165 = DIRECTION('',(-0.,1.,0.));
#2166 = ORIENTED_EDGE('',*,*,#2167,.T.);
#2167 = EDGE_CURVE('',#2160,#2168,#2170,.T.);
#2168 = VERTEX_POINT('',#2169);
#2169 = CARTESIAN_POINT('',(99.3,-30.8,2.045));
#2170 = LINE('',#2171,#2172);
#2171 = CARTESIAN_POINT('',(99.3,-30.8,1.595));
#2172 = VECTOR('',#2173,1.);
#2173 = DIRECTION('',(0.,0.,1.));
#2174 = ORIENTED_EDGE('',*,*,#2175,.F.);
#2175 = EDGE_CURVE('',#2152,#2168,#2176,.T.);
#2176 = LINE('',#2177,#2178);
#2177 = CARTESIAN_POINT('',(99.3,-31.6,2.045));
#2178 = VECTOR('',#2179,1.);
#2179 = DIRECTION('',(-0.,1.,0.));
#2180 = PLANE('',#2181);
#2181 = AXIS2_PLACEMENT_3D('',#2182,#2183,#2184);
#2182 = CARTESIAN_POINT('',(99.3,-31.6,1.595));
#2183 = DIRECTION('',(1.,0.,-0.));
#2184 = DIRECTION('',(0.,0.,1.));
#2185 = ADVANCED_FACE('',(#2186),#2202,.F.);
#2186 = FACE_BOUND('',#2187,.F.);
#2187 = EDGE_LOOP('',(#2188,#2194,#2195,#2201));
#2188 = ORIENTED_EDGE('',*,*,#2189,.F.);
#2189 = EDGE_CURVE('',#2110,#2150,#2190,.T.);
#2190 = LINE('',#2191,#2192);
#2191 = CARTESIAN_POINT('',(97.7,-31.6,1.595));
#2192 = VECTOR('',#2193,1.);
#2193 = DIRECTION('',(1.,0.,-0.));
#2194 = ORIENTED_EDGE('',*,*,#2109,.T.);
#2195 = ORIENTED_EDGE('',*,*,#2196,.T.);
#2196 = EDGE_CURVE('',#2112,#2152,#2197,.T.);
#2197 = LINE('',#2198,#2199);
#2198 = CARTESIAN_POINT('',(97.7,-31.6,2.045));
#2199 = VECTOR('',#2200,1.);
#2200 = DIRECTION('',(1.,0.,-0.));
#2201 = ORIENTED_EDGE('',*,*,#2149,.F.);
#2202 = PLANE('',#2203);
#2203 = AXIS2_PLACEMENT_3D('',#2204,#2205,#2206);
#2204 = CARTESIAN_POINT('',(97.7,-31.6,1.595));
#2205 = DIRECTION('',(-0.,1.,0.));
#2206 = DIRECTION('',(0.,0.,1.));
#2207 = ADVANCED_FACE('',(#2208),#2224,.T.);
#2208 = FACE_BOUND('',#2209,.T.);
#2209 = EDGE_LOOP('',(#2210,#2216,#2217,#2223));
#2210 = ORIENTED_EDGE('',*,*,#2211,.F.);
#2211 = EDGE_CURVE('',#2120,#2160,#2212,.T.);
#2212 = LINE('',#2213,#2214);
#2213 = CARTESIAN_POINT('',(97.7,-30.8,1.595));
#2214 = VECTOR('',#2215,1.);
#2215 = DIRECTION('',(1.,0.,-0.));
#2216 = ORIENTED_EDGE('',*,*,#2127,.T.);
#2217 = ORIENTED_EDGE('',*,*,#2218,.T.);
#2218 = EDGE_CURVE('',#2128,#2168,#2219,.T.);
#2219 = LINE('',#2220,#2221);
#2220 = CARTESIAN_POINT('',(97.7,-30.8,2.045));
#2221 = VECTOR('',#2222,1.);
#2222 = DIRECTION('',(1.,0.,-0.));
#2223 = ORIENTED_EDGE('',*,*,#2167,.F.);
#2224 = PLANE('',#2225);
#2225 = AXIS2_PLACEMENT_3D('',#2226,#2227,#2228);
#2226 = CARTESIAN_POINT('',(97.7,-30.8,1.595));
#2227 = DIRECTION('',(-0.,1.,0.));
#2228 = DIRECTION('',(0.,0.,1.));
#2229 = ADVANCED_FACE('',(#2230),#2236,.F.);
#2230 = FACE_BOUND('',#2231,.F.);
#2231 = EDGE_LOOP('',(#2232,#2233,#2234,#2235));
#2232 = ORIENTED_EDGE('',*,*,#2119,.F.);
#2233 = ORIENTED_EDGE('',*,*,#2189,.T.);
#2234 = ORIENTED_EDGE('',*,*,#2159,.T.);
#2235 = ORIENTED_EDGE('',*,*,#2211,.F.);
#2236 = PLANE('',#2237);
#2237 = AXIS2_PLACEMENT_3D('',#2238,#2239,#2240);
#2238 = CARTESIAN_POINT('',(97.7,-31.6,1.595));
#2239 = DIRECTION('',(0.,0.,1.));
#2240 = DIRECTION('',(1.,0.,-0.));
#2241 = ADVANCED_FACE('',(#2242),#2248,.T.);
#2242 = FACE_BOUND('',#2243,.T.);
#2243 = EDGE_LOOP('',(#2244,#2245,#2246,#2247));
#2244 = ORIENTED_EDGE('',*,*,#2135,.F.);
#2245 = ORIENTED_EDGE('',*,*,#2196,.T.);
#2246 = ORIENTED_EDGE('',*,*,#2175,.T.);
#2247 = ORIENTED_EDGE('',*,*,#2218,.F.);
#2248 = PLANE('',#2249);
#2249 = AXIS2_PLACEMENT_3D('',#2250,#2251,#2252);
#2250 = CARTESIAN_POINT('',(97.7,-31.6,2.045));
#2251 = DIRECTION('',(0.,0.,1.));
#2252 = DIRECTION('',(1.,0.,-0.));
#2253 = MANIFOLD_SOLID_BREP('',#2254);
#2254 = CLOSED_SHELL('',(#2255,#2295,#2335,#2357,#2379,#2391));
#2255 = ADVANCED_FACE('',(#2256),#2290,.F.);
#2256 = FACE_BOUND('',#2257,.F.);
#2257 = EDGE_LOOP('',(#2258,#2268,#2276,#2284));
#2258 = ORIENTED_EDGE('',*,*,#2259,.F.);
#2259 = EDGE_CURVE('',#2260,#2262,#2264,.T.);
#2260 = VERTEX_POINT('',#2261);
#2261 = CARTESIAN_POINT('',(97.7,-33.9,1.595));
#2262 = VERTEX_POINT('',#2263);
#2263 = CARTESIAN_POINT('',(97.7,-33.9,2.045));
#2264 = LINE('',#2265,#2266);
#2265 = CARTESIAN_POINT('',(97.7,-33.9,1.595));
#2266 = VECTOR('',#2267,1.);
#2267 = DIRECTION('',(0.,0.,1.));
#2268 = ORIENTED_EDGE('',*,*,#2269,.T.);
#2269 = EDGE_CURVE('',#2260,#2270,#2272,.T.);
#2270 = VERTEX_POINT('',#2271);
#2271 = CARTESIAN_POINT('',(97.7,-33.1,1.595));
#2272 = LINE('',#2273,#2274);
#2273 = CARTESIAN_POINT('',(97.7,-33.9,1.595));
#2274 = VECTOR('',#2275,1.);
#2275 = DIRECTION('',(-0.,1.,0.));
#2276 = ORIENTED_EDGE('',*,*,#2277,.T.);
#2277 = EDGE_CURVE('',#2270,#2278,#2280,.T.);
#2278 = VERTEX_POINT('',#2279);
#2279 = CARTESIAN_POINT('',(97.7,-33.1,2.045));
#2280 = LINE('',#2281,#2282);
#2281 = CARTESIAN_POINT('',(97.7,-33.1,1.595));
#2282 = VECTOR('',#2283,1.);
#2283 = DIRECTION('',(0.,0.,1.));
#2284 = ORIENTED_EDGE('',*,*,#2285,.F.);
#2285 = EDGE_CURVE('',#2262,#2278,#2286,.T.);
#2286 = LINE('',#2287,#2288);
#2287 = CARTESIAN_POINT('',(97.7,-33.9,2.045));
#2288 = VECTOR('',#2289,1.);
#2289 = DIRECTION('',(-0.,1.,0.));
#2290 = PLANE('',#2291);
#2291 = AXIS2_PLACEMENT_3D('',#2292,#2293,#2294);
#2292 = CARTESIAN_POINT('',(97.7,-33.9,1.595));
#2293 = DIRECTION('',(1.,0.,-0.));
#2294 = DIRECTION('',(0.,0.,1.));
#2295 = ADVANCED_FACE('',(#2296),#2330,.T.);
#2296 = FACE_BOUND('',#2297,.T.);
#2297 = EDGE_LOOP('',(#2298,#2308,#2316,#2324));
#2298 = ORIENTED_EDGE('',*,*,#2299,.F.);
#2299 = EDGE_CURVE('',#2300,#2302,#2304,.T.);
#2300 = VERTEX_POINT('',#2301);
#2301 = CARTESIAN_POINT('',(99.3,-33.9,1.595));
#2302 = VERTEX_POINT('',#2303);
#2303 = CARTESIAN_POINT('',(99.3,-33.9,2.045));
#2304 = LINE('',#2305,#2306);
#2305 = CARTESIAN_POINT('',(99.3,-33.9,1.595));
#2306 = VECTOR('',#2307,1.);
#2307 = DIRECTION('',(0.,0.,1.));
#2308 = ORIENTED_EDGE('',*,*,#2309,.T.);
#2309 = EDGE_CURVE('',#2300,#2310,#2312,.T.);
#2310 = VERTEX_POINT('',#2311);
#2311 = CARTESIAN_POINT('',(99.3,-33.1,1.595));
#2312 = LINE('',#2313,#2314);
#2313 = CARTESIAN_POINT('',(99.3,-33.9,1.595));
#2314 = VECTOR('',#2315,1.);
#2315 = DIRECTION('',(-0.,1.,0.));
#2316 = ORIENTED_EDGE('',*,*,#2317,.T.);
#2317 = EDGE_CURVE('',#2310,#2318,#2320,.T.);
#2318 = VERTEX_POINT('',#2319);
#2319 = CARTESIAN_POINT('',(99.3,-33.1,2.045));
#2320 = LINE('',#2321,#2322);
#2321 = CARTESIAN_POINT('',(99.3,-33.1,1.595));
#2322 = VECTOR('',#2323,1.);
#2323 = DIRECTION('',(0.,0.,1.));
#2324 = ORIENTED_EDGE('',*,*,#2325,.F.);
#2325 = EDGE_CURVE('',#2302,#2318,#2326,.T.);
#2326 = LINE('',#2327,#2328);
#2327 = CARTESIAN_POINT('',(99.3,-33.9,2.045));
#2328 = VECTOR('',#2329,1.);
#2329 = DIRECTION('',(-0.,1.,0.));
#2330 = PLANE('',#2331);
#2331 = AXIS2_PLACEMENT_3D('',#2332,#2333,#2334);
#2332 = CARTESIAN_POINT('',(99.3,-33.9,1.595));
#2333 = DIRECTION('',(1.,0.,-0.));
#2334 = DIRECTION('',(0.,0.,1.));
#2335 = ADVANCED_FACE('',(#2336),#2352,.F.);
#2336 = FACE_BOUND('',#2337,.F.);
#2337 = EDGE_LOOP('',(#2338,#2344,#2345,#2351));
#2338 = ORIENTED_EDGE('',*,*,#2339,.F.);
#2339 = EDGE_CURVE('',#2260,#2300,#2340,.T.);
#2340 = LINE('',#2341,#2342);
#2341 = CARTESIAN_POINT('',(97.7,-33.9,1.595));
#2342 = VECTOR('',#2343,1.);
#2343 = DIRECTION('',(1.,0.,-0.));
#2344 = ORIENTED_EDGE('',*,*,#2259,.T.);
#2345 = ORIENTED_EDGE('',*,*,#2346,.T.);
#2346 = EDGE_CURVE('',#2262,#2302,#2347,.T.);
#2347 = LINE('',#2348,#2349);
#2348 = CARTESIAN_POINT('',(97.7,-33.9,2.045));
#2349 = VECTOR('',#2350,1.);
#2350 = DIRECTION('',(1.,0.,-0.));
#2351 = ORIENTED_EDGE('',*,*,#2299,.F.);
#2352 = PLANE('',#2353);
#2353 = AXIS2_PLACEMENT_3D('',#2354,#2355,#2356);
#2354 = CARTESIAN_POINT('',(97.7,-33.9,1.595));
#2355 = DIRECTION('',(-0.,1.,0.));
#2356 = DIRECTION('',(0.,0.,1.));
#2357 = ADVANCED_FACE('',(#2358),#2374,.T.);
#2358 = FACE_BOUND('',#2359,.T.);
#2359 = EDGE_LOOP('',(#2360,#2366,#2367,#2373));
#2360 = ORIENTED_EDGE('',*,*,#2361,.F.);
#2361 = EDGE_CURVE('',#2270,#2310,#2362,.T.);
#2362 = LINE('',#2363,#2364);
#2363 = CARTESIAN_POINT('',(97.7,-33.1,1.595));
#2364 = VECTOR('',#2365,1.);
#2365 = DIRECTION('',(1.,0.,-0.));
#2366 = ORIENTED_EDGE('',*,*,#2277,.T.);
#2367 = ORIENTED_EDGE('',*,*,#2368,.T.);
#2368 = EDGE_CURVE('',#2278,#2318,#2369,.T.);
#2369 = LINE('',#2370,#2371);
#2370 = CARTESIAN_POINT('',(97.7,-33.1,2.045));
#2371 = VECTOR('',#2372,1.);
#2372 = DIRECTION('',(1.,0.,-0.));
#2373 = ORIENTED_EDGE('',*,*,#2317,.F.);
#2374 = PLANE('',#2375);
#2375 = AXIS2_PLACEMENT_3D('',#2376,#2377,#2378);
#2376 = CARTESIAN_POINT('',(97.7,-33.1,1.595));
#2377 = DIRECTION('',(-0.,1.,0.));
#2378 = DIRECTION('',(0.,0.,1.));
#2379 = ADVANCED_FACE('',(#2380),#2386,.F.);
#2380 = FACE_BOUND('',#2381,.F.);
#2381 = EDGE_LOOP('',(#2382,#2383,#2384,#2385));
#2382 = ORIENTED_EDGE('',*,*,#2269,.F.);
#2383 = ORIENTED_EDGE('',*,*,#2339,.T.);
#2384 = ORIENTED_EDGE('',*,*,#2309,.T.);
#2385 = ORIENTED_EDGE('',*,*,#2361,.F.);
#2386 = PLANE('',#2387);
#2387 = AXIS2_PLACEMENT_3D('',#2388,#2389,#2390);
#2388 = CARTESIAN_POINT('',(97.7,-33.9,1.595));
#2389 = DIRECTION('',(0.,0.,1.));
#2390 = DIRECTION('',(1.,0.,-0.));
#2391 = ADVANCED_FACE('',(#2392),#2398,.T.);
#2392 = FACE_BOUND('',#2393,.T.);
#2393 = EDGE_LOOP('',(#2394,#2395,#2396,#2397));
#2394 = ORIENTED_EDGE('',*,*,#2285,.F.);
#2395 = ORIENTED_EDGE('',*,*,#2346,.T.);
#2396 = ORIENTED_EDGE('',*,*,#2325,.T.);
#2397 = ORIENTED_EDGE('',*,*,#2368,.F.);
#2398 = PLANE('',#2399);
#2399 = AXIS2_PLACEMENT_3D('',#2400,#2401,#2402);
#2400 = CARTESIAN_POINT('',(97.7,-33.9,2.045));
#2401 = DIRECTION('',(0.,0.,1.));
#2402 = DIRECTION('',(1.,0.,-0.));
#2403 = MANIFOLD_SOLID_BREP('',#2404);
#2404 = CLOSED_SHELL('',(#2405,#2445,#2485,#2507,#2529,#2541));
#2405 = ADVANCED_FACE('',(#2406),#2440,.F.);
#2406 = FACE_BOUND('',#2407,.F.);
#2407 = EDGE_LOOP('',(#2408,#2418,#2426,#2434));
#2408 = ORIENTED_EDGE('',*,*,#2409,.F.);
#2409 = EDGE_CURVE('',#2410,#2412,#2414,.T.);
#2410 = VERTEX_POINT('',#2411);
#2411 = CARTESIAN_POINT('',(127.7,-34.9,1.595));
#2412 = VERTEX_POINT('',#2413);
#2413 = CARTESIAN_POINT('',(127.7,-34.9,2.095));
#2414 = LINE('',#2415,#2416);
#2415 = CARTESIAN_POINT('',(127.7,-34.9,1.595));
#2416 = VECTOR('',#2417,1.);
#2417 = DIRECTION('',(0.,0.,1.));
#2418 = ORIENTED_EDGE('',*,*,#2419,.T.);
#2419 = EDGE_CURVE('',#2410,#2420,#2422,.T.);
#2420 = VERTEX_POINT('',#2421);
#2421 = CARTESIAN_POINT('',(127.7,-31.7,1.595));
#2422 = LINE('',#2423,#2424);
#2423 = CARTESIAN_POINT('',(127.7,-34.9,1.595));
#2424 = VECTOR('',#2425,1.);
#2425 = DIRECTION('',(-0.,1.,0.));
#2426 = ORIENTED_EDGE('',*,*,#2427,.T.);
#2427 = EDGE_CURVE('',#2420,#2428,#2430,.T.);
#2428 = VERTEX_POINT('',#2429);
#2429 = CARTESIAN_POINT('',(127.7,-31.7,2.095));
#2430 = LINE('',#2431,#2432);
#2431 = CARTESIAN_POINT('',(127.7,-31.7,1.595));
#2432 = VECTOR('',#2433,1.);
#2433 = DIRECTION('',(0.,0.,1.));
#2434 = ORIENTED_EDGE('',*,*,#2435,.F.);
#2435 = EDGE_CURVE('',#2412,#2428,#2436,.T.);
#2436 = LINE('',#2437,#2438);
#2437 = CARTESIAN_POINT('',(127.7,-34.9,2.095));
#2438 = VECTOR('',#2439,1.);
#2439 = DIRECTION('',(-0.,1.,0.));
#2440 = PLANE('',#2441);
#2441 = AXIS2_PLACEMENT_3D('',#2442,#2443,#2444);
#2442 = CARTESIAN_POINT('',(127.7,-34.9,1.595));
#2443 = DIRECTION('',(1.,0.,-0.));
#2444 = DIRECTION('',(0.,0.,1.));
#2445 = ADVANCED_FACE('',(#2446),#2480,.T.);
#2446 = FACE_BOUND('',#2447,.T.);
#2447 = EDGE_LOOP('',(#2448,#2458,#2466,#2474));
#2448 = ORIENTED_EDGE('',*,*,#2449,.F.);
#2449 = EDGE_CURVE('',#2450,#2452,#2454,.T.);
#2450 = VERTEX_POINT('',#2451);
#2451 = CARTESIAN_POINT('',(129.3,-34.9,1.595));
#2452 = VERTEX_POINT('',#2453);
#2453 = CARTESIAN_POINT('',(129.3,-34.9,2.095));
#2454 = LINE('',#2455,#2456);
#2455 = CARTESIAN_POINT('',(129.3,-34.9,1.595));
#2456 = VECTOR('',#2457,1.);
#2457 = DIRECTION('',(0.,0.,1.));
#2458 = ORIENTED_EDGE('',*,*,#2459,.T.);
#2459 = EDGE_CURVE('',#2450,#2460,#2462,.T.);
#2460 = VERTEX_POINT('',#2461);
#2461 = CARTESIAN_POINT('',(129.3,-31.7,1.595));
#2462 = LINE('',#2463,#2464);
#2463 = CARTESIAN_POINT('',(129.3,-34.9,1.595));
#2464 = VECTOR('',#2465,1.);
#2465 = DIRECTION('',(-0.,1.,0.));
#2466 = ORIENTED_EDGE('',*,*,#2467,.T.);
#2467 = EDGE_CURVE('',#2460,#2468,#2470,.T.);
#2468 = VERTEX_POINT('',#2469);
#2469 = CARTESIAN_POINT('',(129.3,-31.7,2.095));
#2470 = LINE('',#2471,#2472);
#2471 = CARTESIAN_POINT('',(129.3,-31.7,1.595));
#2472 = VECTOR('',#2473,1.);
#2473 = DIRECTION('',(0.,0.,1.));
#2474 = ORIENTED_EDGE('',*,*,#2475,.F.);
#2475 = EDGE_CURVE('',#2452,#2468,#2476,.T.);
#2476 = LINE('',#2477,#2478);
#2477 = CARTESIAN_POINT('',(129.3,-34.9,2.095));
#2478 = VECTOR('',#2479,1.);
#2479 = DIRECTION('',(-0.,1.,0.));
#2480 = PLANE('',#2481);
#2481 = AXIS2_PLACEMENT_3D('',#2482,#2483,#2484);
#2482 = CARTESIAN_POINT('',(129.3,-34.9,1.595));
#2483 = DIRECTION('',(1.,0.,-0.));
#2484 = DIRECTION('',(0.,0.,1.));
#2485 = ADVANCED_FACE('',(#2486),#2502,.F.);
#2486 = FACE_BOUND('',#2487,.F.);
#2487 = EDGE_LOOP('',(#2488,#2494,#2495,#2501));
#2488 = ORIENTED_EDGE('',*,*,#2489,.F.);
#2489 = EDGE_CURVE('',#2410,#2450,#2490,.T.);
#2490 = LINE('',#2491,#2492);
#2491 = CARTESIAN_POINT('',(127.7,-34.9,1.595));
#2492 = VECTOR('',#2493,1.);
#2493 = DIRECTION('',(1.,0.,-0.));
#2494 = ORIENTED_EDGE('',*,*,#2409,.T.);
#2495 = ORIENTED_EDGE('',*,*,#2496,.T.);
#2496 = EDGE_CURVE('',#2412,#2452,#2497,.T.);
#2497 = LINE('',#2498,#2499);
#2498 = CARTESIAN_POINT('',(127.7,-34.9,2.095));
#2499 = VECTOR('',#2500,1.);
#2500 = DIRECTION('',(1.,0.,-0.));
#2501 = ORIENTED_EDGE('',*,*,#2449,.F.);
#2502 = PLANE('',#2503);
#2503 = AXIS2_PLACEMENT_3D('',#2504,#2505,#2506);
#2504 = CARTESIAN_POINT('',(127.7,-34.9,1.595));
#2505 = DIRECTION('',(-0.,1.,0.));
#2506 = DIRECTION('',(0.,0.,1.));
#2507 = ADVANCED_FACE('',(#2508),#2524,.T.);
#2508 = FACE_BOUND('',#2509,.T.);
#2509 = EDGE_LOOP('',(#2510,#2516,#2517,#2523));
#2510 = ORIENTED_EDGE('',*,*,#2511,.F.);
#2511 = EDGE_CURVE('',#2420,#2460,#2512,.T.);
#2512 = LINE('',#2513,#2514);
#2513 = CARTESIAN_POINT('',(127.7,-31.7,1.595));
#2514 = VECTOR('',#2515,1.);
#2515 = DIRECTION('',(1.,0.,-0.));
#2516 = ORIENTED_EDGE('',*,*,#2427,.T.);
#2517 = ORIENTED_EDGE('',*,*,#2518,.T.);
#2518 = EDGE_CURVE('',#2428,#2468,#2519,.T.);
#2519 = LINE('',#2520,#2521);
#2520 = CARTESIAN_POINT('',(127.7,-31.7,2.095));
#2521 = VECTOR('',#2522,1.);
#2522 = DIRECTION('',(1.,0.,-0.));
#2523 = ORIENTED_EDGE('',*,*,#2467,.F.);
#2524 = PLANE('',#2525);
#2525 = AXIS2_PLACEMENT_3D('',#2526,#2527,#2528);
#2526 = CARTESIAN_POINT('',(127.7,-31.7,1.595));
#2527 = DIRECTION('',(-0.,1.,0.));
#2528 = DIRECTION('',(0.,0.,1.));
#2529 = ADVANCED_FACE('',(#2530),#2536,.F.);
#2530 = FACE_BOUND('',#2531,.F.);
#2531 = EDGE_LOOP('',(#2532,#2533,#2534,#2535));
#2532 = ORIENTED_EDGE('',*,*,#2419,.F.);
#2533 = ORIENTED_EDGE('',*,*,#2489,.T.);
#2534 = ORIENTED_EDGE('',*,*,#2459,.T.);
#2535 = ORIENTED_EDGE('',*,*,#2511,.F.);
#2536 = PLANE('',#2537);
#2537 = AXIS2_PLACEMENT_3D('',#2538,#2539,#2540);
#2538 = CARTESIAN_POINT('',(127.7,-34.9,1.595));
#2539 = DIRECTION('',(0.,0.,1.));
#2540 = DIRECTION('',(1.,0.,-0.));
#2541 = ADVANCED_FACE('',(#2542),#2548,.T.);
#2542 = FACE_BOUND('',#2543,.T.);
#2543 = EDGE_LOOP('',(#2544,#2545,#2546,#2547));
#2544 = ORIENTED_EDGE('',*,*,#2435,.F.);
#2545 = ORIENTED_EDGE('',*,*,#2496,.T.);
#2546 = ORIENTED_EDGE('',*,*,#2475,.T.);
#2547 = ORIENTED_EDGE('',*,*,#2518,.F.);
#2548 = PLANE('',#2549);
#2549 = AXIS2_PLACEMENT_3D('',#2550,#2551,#2552);
#2550 = CARTESIAN_POINT('',(127.7,-34.9,2.095));
#2551 = DIRECTION('',(0.,0.,1.));
#2552 = DIRECTION('',(1.,0.,-0.));
#2553 = MANIFOLD_SOLID_BREP('',#2554);
#2554 = CLOSED_SHELL('',(#2555,#2595,#2635,#2657,#2679,#2691));
#2555 = ADVANCED_FACE('',(#2556),#2590,.F.);
#2556 = FACE_BOUND('',#2557,.F.);
#2557 = EDGE_LOOP('',(#2558,#2568,#2576,#2584));
#2558 = ORIENTED_EDGE('',*,*,#2559,.F.);
#2559 = EDGE_CURVE('',#2560,#2562,#2564,.T.);
#2560 = VERTEX_POINT('',#2561);
#2561 = CARTESIAN_POINT('',(134.7,-29.8,1.595));
#2562 = VERTEX_POINT('',#2563);
#2563 = CARTESIAN_POINT('',(134.7,-29.8,2.095));
#2564 = LINE('',#2565,#2566);
#2565 = CARTESIAN_POINT('',(134.7,-29.8,1.595));
#2566 = VECTOR('',#2567,1.);
#2567 = DIRECTION('',(0.,0.,1.));
#2568 = ORIENTED_EDGE('',*,*,#2569,.T.);
#2569 = EDGE_CURVE('',#2560,#2570,#2572,.T.);
#2570 = VERTEX_POINT('',#2571);
#2571 = CARTESIAN_POINT('',(134.7,-26.6,1.595));
#2572 = LINE('',#2573,#2574);
#2573 = CARTESIAN_POINT('',(134.7,-29.8,1.595));
#2574 = VECTOR('',#2575,1.);
#2575 = DIRECTION('',(-0.,1.,0.));
#2576 = ORIENTED_EDGE('',*,*,#2577,.T.);
#2577 = EDGE_CURVE('',#2570,#2578,#2580,.T.);
#2578 = VERTEX_POINT('',#2579);
#2579 = CARTESIAN_POINT('',(134.7,-26.6,2.095));
#2580 = LINE('',#2581,#2582);
#2581 = CARTESIAN_POINT('',(134.7,-26.6,1.595));
#2582 = VECTOR('',#2583,1.);
#2583 = DIRECTION('',(0.,0.,1.));
#2584 = ORIENTED_EDGE('',*,*,#2585,.F.);
#2585 = EDGE_CURVE('',#2562,#2578,#2586,.T.);
#2586 = LINE('',#2587,#2588);
#2587 = CARTESIAN_POINT('',(134.7,-29.8,2.095));
#2588 = VECTOR('',#2589,1.);
#2589 = DIRECTION('',(-0.,1.,0.));
#2590 = PLANE('',#2591);
#2591 = AXIS2_PLACEMENT_3D('',#2592,#2593,#2594);
#2592 = CARTESIAN_POINT('',(134.7,-29.8,1.595));
#2593 = DIRECTION('',(1.,0.,-0.));
#2594 = DIRECTION('',(0.,0.,1.));
#2595 = ADVANCED_FACE('',(#2596),#2630,.T.);
#2596 = FACE_BOUND('',#2597,.T.);
#2597 = EDGE_LOOP('',(#2598,#2608,#2616,#2624));
#2598 = ORIENTED_EDGE('',*,*,#2599,.F.);
#2599 = EDGE_CURVE('',#2600,#2602,#2604,.T.);
#2600 = VERTEX_POINT('',#2601);
#2601 = CARTESIAN_POINT('',(136.3,-29.8,1.595));
#2602 = VERTEX_POINT('',#2603);
#2603 = CARTESIAN_POINT('',(136.3,-29.8,2.095));
#2604 = LINE('',#2605,#2606);
#2605 = CARTESIAN_POINT('',(136.3,-29.8,1.595));
#2606 = VECTOR('',#2607,1.);
#2607 = DIRECTION('',(0.,0.,1.));
#2608 = ORIENTED_EDGE('',*,*,#2609,.T.);
#2609 = EDGE_CURVE('',#2600,#2610,#2612,.T.);
#2610 = VERTEX_POINT('',#2611);
#2611 = CARTESIAN_POINT('',(136.3,-26.6,1.595));
#2612 = LINE('',#2613,#2614);
#2613 = CARTESIAN_POINT('',(136.3,-29.8,1.595));
#2614 = VECTOR('',#2615,1.);
#2615 = DIRECTION('',(-0.,1.,0.));
#2616 = ORIENTED_EDGE('',*,*,#2617,.T.);
#2617 = EDGE_CURVE('',#2610,#2618,#2620,.T.);
#2618 = VERTEX_POINT('',#2619);
#2619 = CARTESIAN_POINT('',(136.3,-26.6,2.095));
#2620 = LINE('',#2621,#2622);
#2621 = CARTESIAN_POINT('',(136.3,-26.6,1.595));
#2622 = VECTOR('',#2623,1.);
#2623 = DIRECTION('',(0.,0.,1.));
#2624 = ORIENTED_EDGE('',*,*,#2625,.F.);
#2625 = EDGE_CURVE('',#2602,#2618,#2626,.T.);
#2626 = LINE('',#2627,#2628);
#2627 = CARTESIAN_POINT('',(136.3,-29.8,2.095));
#2628 = VECTOR('',#2629,1.);
#2629 = DIRECTION('',(-0.,1.,0.));
#2630 = PLANE('',#2631);
#2631 = AXIS2_PLACEMENT_3D('',#2632,#2633,#2634);
#2632 = CARTESIAN_POINT('',(136.3,-29.8,1.595));
#2633 = DIRECTION('',(1.,0.,-0.));
#2634 = DIRECTION('',(0.,0.,1.));
#2635 = ADVANCED_FACE('',(#2636),#2652,.F.);
#2636 = FACE_BOUND('',#2637,.F.);
#2637 = EDGE_LOOP('',(#2638,#2644,#2645,#2651));
#2638 = ORIENTED_EDGE('',*,*,#2639,.F.);
#2639 = EDGE_CURVE('',#2560,#2600,#2640,.T.);
#2640 = LINE('',#2641,#2642);
#2641 = CARTESIAN_POINT('',(134.7,-29.8,1.595));
#2642 = VECTOR('',#2643,1.);
#2643 = DIRECTION('',(1.,0.,-0.));
#2644 = ORIENTED_EDGE('',*,*,#2559,.T.);
#2645 = ORIENTED_EDGE('',*,*,#2646,.T.);
#2646 = EDGE_CURVE('',#2562,#2602,#2647,.T.);
#2647 = LINE('',#2648,#2649);
#2648 = CARTESIAN_POINT('',(134.7,-29.8,2.095));
#2649 = VECTOR('',#2650,1.);
#2650 = DIRECTION('',(1.,0.,-0.));
#2651 = ORIENTED_EDGE('',*,*,#2599,.F.);
#2652 = PLANE('',#2653);
#2653 = AXIS2_PLACEMENT_3D('',#2654,#2655,#2656);
#2654 = CARTESIAN_POINT('',(134.7,-29.8,1.595));
#2655 = DIRECTION('',(-0.,1.,0.));
#2656 = DIRECTION('',(0.,0.,1.));
#2657 = ADVANCED_FACE('',(#2658),#2674,.T.);
#2658 = FACE_BOUND('',#2659,.T.);
#2659 = EDGE_LOOP('',(#2660,#2666,#2667,#2673));
#2660 = ORIENTED_EDGE('',*,*,#2661,.F.);
#2661 = EDGE_CURVE('',#2570,#2610,#2662,.T.);
#2662 = LINE('',#2663,#2664);
#2663 = CARTESIAN_POINT('',(134.7,-26.6,1.595));
#2664 = VECTOR('',#2665,1.);
#2665 = DIRECTION('',(1.,0.,-0.));
#2666 = ORIENTED_EDGE('',*,*,#2577,.T.);
#2667 = ORIENTED_EDGE('',*,*,#2668,.T.);
#2668 = EDGE_CURVE('',#2578,#2618,#2669,.T.);
#2669 = LINE('',#2670,#2671);
#2670 = CARTESIAN_POINT('',(134.7,-26.6,2.095));
#2671 = VECTOR('',#2672,1.);
#2672 = DIRECTION('',(1.,0.,-0.));
#2673 = ORIENTED_EDGE('',*,*,#2617,.F.);
#2674 = PLANE('',#2675);
#2675 = AXIS2_PLACEMENT_3D('',#2676,#2677,#2678);
#2676 = CARTESIAN_POINT('',(134.7,-26.6,1.595));
#2677 = DIRECTION('',(-0.,1.,0.));
#2678 = DIRECTION('',(0.,0.,1.));
#2679 = ADVANCED_FACE('',(#2680),#2686,.F.);
#2680 = FACE_BOUND('',#2681,.F.);
#2681 = EDGE_LOOP('',(#2682,#2683,#2684,#2685));
#2682 = ORIENTED_EDGE('',*,*,#2569,.F.);
#2683 = ORIENTED_EDGE('',*,*,#2639,.T.);
#2684 = ORIENTED_EDGE('',*,*,#2609,.T.);
#2685 = ORIENTED_EDGE('',*,*,#2661,.F.);
#2686 = PLANE('',#2687);
#2687 = AXIS2_PLACEMENT_3D('',#2688,#2689,#2690);
#2688 = CARTESIAN_POINT('',(134.7,-29.8,1.595));
#2689 = DIRECTION('',(0.,0.,1.));
#2690 = DIRECTION('',(1.,0.,-0.));
#2691 = ADVANCED_FACE('',(#2692),#2698,.T.);
#2692 = FACE_BOUND('',#2693,.T.);
#2693 = EDGE_LOOP('',(#2694,#2695,#2696,#2697));
#2694 = ORIENTED_EDGE('',*,*,#2585,.F.);
#2695 = ORIENTED_EDGE('',*,*,#2646,.T.);
#2696 = ORIENTED_EDGE('',*,*,#2625,.T.);
#2697 = ORIENTED_EDGE('',*,*,#2668,.F.);
#2698 = PLANE('',#2699);
#2699 = AXIS2_PLACEMENT_3D('',#2700,#2701,#2702);
#2700 = CARTESIAN_POINT('',(134.7,-29.8,2.095));
#2701 = DIRECTION('',(0.,0.,1.));
#2702 = DIRECTION('',(1.,0.,-0.));
#2703 = MANIFOLD_SOLID_BREP('',#2704);
#2704 = CLOSED_SHELL('',(#2705,#2745,#2785,#2807,#2829,#2841));
#2705 = ADVANCED_FACE('',(#2706),#2740,.F.);
#2706 = FACE_BOUND('',#2707,.F.);
#2707 = EDGE_LOOP('',(#2708,#2718,#2726,#2734));
#2708 = ORIENTED_EDGE('',*,*,#2709,.F.);
#2709 = EDGE_CURVE('',#2710,#2712,#2714,.T.);
#2710 = VERTEX_POINT('',#2711);
#2711 = CARTESIAN_POINT('',(108.7,-34.9,1.595));
#2712 = VERTEX_POINT('',#2713);
#2713 = CARTESIAN_POINT('',(108.7,-34.9,2.095));
#2714 = LINE('',#2715,#2716);
#2715 = CARTESIAN_POINT('',(108.7,-34.9,1.595));
#2716 = VECTOR('',#2717,1.);
#2717 = DIRECTION('',(0.,0.,1.));
#2718 = ORIENTED_EDGE('',*,*,#2719,.T.);
#2719 = EDGE_CURVE('',#2710,#2720,#2722,.T.);
#2720 = VERTEX_POINT('',#2721);
#2721 = CARTESIAN_POINT('',(108.7,-31.7,1.595));
#2722 = LINE('',#2723,#2724);
#2723 = CARTESIAN_POINT('',(108.7,-34.9,1.595));
#2724 = VECTOR('',#2725,1.);
#2725 = DIRECTION('',(-0.,1.,0.));
#2726 = ORIENTED_EDGE('',*,*,#2727,.T.);
#2727 = EDGE_CURVE('',#2720,#2728,#2730,.T.);
#2728 = VERTEX_POINT('',#2729);
#2729 = CARTESIAN_POINT('',(108.7,-31.7,2.095));
#2730 = LINE('',#2731,#2732);
#2731 = CARTESIAN_POINT('',(108.7,-31.7,1.595));
#2732 = VECTOR('',#2733,1.);
#2733 = DIRECTION('',(0.,0.,1.));
#2734 = ORIENTED_EDGE('',*,*,#2735,.F.);
#2735 = EDGE_CURVE('',#2712,#2728,#2736,.T.);
#2736 = LINE('',#2737,#2738);
#2737 = CARTESIAN_POINT('',(108.7,-34.9,2.095));
#2738 = VECTOR('',#2739,1.);
#2739 = DIRECTION('',(-0.,1.,0.));
#2740 = PLANE('',#2741);
#2741 = AXIS2_PLACEMENT_3D('',#2742,#2743,#2744);
#2742 = CARTESIAN_POINT('',(108.7,-34.9,1.595));
#2743 = DIRECTION('',(1.,0.,-0.));
#2744 = DIRECTION('',(0.,0.,1.));
#2745 = ADVANCED_FACE('',(#2746),#2780,.T.);
#2746 = FACE_BOUND('',#2747,.T.);
#2747 = EDGE_LOOP('',(#2748,#2758,#2766,#2774));
#2748 = ORIENTED_EDGE('',*,*,#2749,.F.);
#2749 = EDGE_CURVE('',#2750,#2752,#2754,.T.);
#2750 = VERTEX_POINT('',#2751);
#2751 = CARTESIAN_POINT('',(110.3,-34.9,1.595));
#2752 = VERTEX_POINT('',#2753);
#2753 = CARTESIAN_POINT('',(110.3,-34.9,2.095));
#2754 = LINE('',#2755,#2756);
#2755 = CARTESIAN_POINT('',(110.3,-34.9,1.595));
#2756 = VECTOR('',#2757,1.);
#2757 = DIRECTION('',(0.,0.,1.));
#2758 = ORIENTED_EDGE('',*,*,#2759,.T.);
#2759 = EDGE_CURVE('',#2750,#2760,#2762,.T.);
#2760 = VERTEX_POINT('',#2761);
#2761 = CARTESIAN_POINT('',(110.3,-31.7,1.595));
#2762 = LINE('',#2763,#2764);
#2763 = CARTESIAN_POINT('',(110.3,-34.9,1.595));
#2764 = VECTOR('',#2765,1.);
#2765 = DIRECTION('',(-0.,1.,0.));
#2766 = ORIENTED_EDGE('',*,*,#2767,.T.);
#2767 = EDGE_CURVE('',#2760,#2768,#2770,.T.);
#2768 = VERTEX_POINT('',#2769);
#2769 = CARTESIAN_POINT('',(110.3,-31.7,2.095));
#2770 = LINE('',#2771,#2772);
#2771 = CARTESIAN_POINT('',(110.3,-31.7,1.595));
#2772 = VECTOR('',#2773,1.);
#2773 = DIRECTION('',(0.,0.,1.));
#2774 = ORIENTED_EDGE('',*,*,#2775,.F.);
#2775 = EDGE_CURVE('',#2752,#2768,#2776,.T.);
#2776 = LINE('',#2777,#2778);
#2777 = CARTESIAN_POINT('',(110.3,-34.9,2.095));
#2778 = VECTOR('',#2779,1.);
#2779 = DIRECTION('',(-0.,1.,0.));
#2780 = PLANE('',#2781);
#2781 = AXIS2_PLACEMENT_3D('',#2782,#2783,#2784);
#2782 = CARTESIAN_POINT('',(110.3,-34.9,1.595));
#2783 = DIRECTION('',(1.,0.,-0.));
#2784 = DIRECTION('',(0.,0.,1.));
#2785 = ADVANCED_FACE('',(#2786),#2802,.F.);
#2786 = FACE_BOUND('',#2787,.F.);
#2787 = EDGE_LOOP('',(#2788,#2794,#2795,#2801));
#2788 = ORIENTED_EDGE('',*,*,#2789,.F.);
#2789 = EDGE_CURVE('',#2710,#2750,#2790,.T.);
#2790 = LINE('',#2791,#2792);
#2791 = CARTESIAN_POINT('',(108.7,-34.9,1.595));
#2792 = VECTOR('',#2793,1.);
#2793 = DIRECTION('',(1.,0.,-0.));
#2794 = ORIENTED_EDGE('',*,*,#2709,.T.);
#2795 = ORIENTED_EDGE('',*,*,#2796,.T.);
#2796 = EDGE_CURVE('',#2712,#2752,#2797,.T.);
#2797 = LINE('',#2798,#2799);
#2798 = CARTESIAN_POINT('',(108.7,-34.9,2.095));
#2799 = VECTOR('',#2800,1.);
#2800 = DIRECTION('',(1.,0.,-0.));
#2801 = ORIENTED_EDGE('',*,*,#2749,.F.);
#2802 = PLANE('',#2803);
#2803 = AXIS2_PLACEMENT_3D('',#2804,#2805,#2806);
#2804 = CARTESIAN_POINT('',(108.7,-34.9,1.595));
#2805 = DIRECTION('',(-0.,1.,0.));
#2806 = DIRECTION('',(0.,0.,1.));
#2807 = ADVANCED_FACE('',(#2808),#2824,.T.);
#2808 = FACE_BOUND('',#2809,.T.);
#2809 = EDGE_LOOP('',(#2810,#2816,#2817,#2823));
#2810 = ORIENTED_EDGE('',*,*,#2811,.F.);
#2811 = EDGE_CURVE('',#2720,#2760,#2812,.T.);
#2812 = LINE('',#2813,#2814);
#2813 = CARTESIAN_POINT('',(108.7,-31.7,1.595));
#2814 = VECTOR('',#2815,1.);
#2815 = DIRECTION('',(1.,0.,-0.));
#2816 = ORIENTED_EDGE('',*,*,#2727,.T.);
#2817 = ORIENTED_EDGE('',*,*,#2818,.T.);
#2818 = EDGE_CURVE('',#2728,#2768,#2819,.T.);
#2819 = LINE('',#2820,#2821);
#2820 = CARTESIAN_POINT('',(108.7,-31.7,2.095));
#2821 = VECTOR('',#2822,1.);
#2822 = DIRECTION('',(1.,0.,-0.));
#2823 = ORIENTED_EDGE('',*,*,#2767,.F.);
#2824 = PLANE('',#2825);
#2825 = AXIS2_PLACEMENT_3D('',#2826,#2827,#2828);
#2826 = CARTESIAN_POINT('',(108.7,-31.7,1.595));
#2827 = DIRECTION('',(-0.,1.,0.));
#2828 = DIRECTION('',(0.,0.,1.));
#2829 = ADVANCED_FACE('',(#2830),#2836,.F.);
#2830 = FACE_BOUND('',#2831,.F.);
#2831 = EDGE_LOOP('',(#2832,#2833,#2834,#2835));
#2832 = ORIENTED_EDGE('',*,*,#2719,.F.);
#2833 = ORIENTED_EDGE('',*,*,#2789,.T.);
#2834 = ORIENTED_EDGE('',*,*,#2759,.T.);
#2835 = ORIENTED_EDGE('',*,*,#2811,.F.);
#2836 = PLANE('',#2837);
#2837 = AXIS2_PLACEMENT_3D('',#2838,#2839,#2840);
#2838 = CARTESIAN_POINT('',(108.7,-34.9,1.595));
#2839 = DIRECTION('',(0.,0.,1.));
#2840 = DIRECTION('',(1.,0.,-0.));
#2841 = ADVANCED_FACE('',(#2842),#2848,.T.);
#2842 = FACE_BOUND('',#2843,.T.);
#2843 = EDGE_LOOP('',(#2844,#2845,#2846,#2847));
#2844 = ORIENTED_EDGE('',*,*,#2735,.F.);
#2845 = ORIENTED_EDGE('',*,*,#2796,.T.);
#2846 = ORIENTED_EDGE('',*,*,#2775,.T.);
#2847 = ORIENTED_EDGE('',*,*,#2818,.F.);
#2848 = PLANE('',#2849);
#2849 = AXIS2_PLACEMENT_3D('',#2850,#2851,#2852);
#2850 = CARTESIAN_POINT('',(108.7,-34.9,2.095));
#2851 = DIRECTION('',(0.,0.,1.));
#2852 = DIRECTION('',(1.,0.,-0.));
#2853 = MANIFOLD_SOLID_BREP('',#2854);
#2854 = CLOSED_SHELL('',(#2855,#2895,#2935,#2957,#2979,#2991));
#2855 = ADVANCED_FACE('',(#2856),#2890,.F.);
#2856 = FACE_BOUND('',#2857,.F.);
#2857 = EDGE_LOOP('',(#2858,#2868,#2876,#2884));
#2858 = ORIENTED_EDGE('',*,*,#2859,.F.);
#2859 = EDGE_CURVE('',#2860,#2862,#2864,.T.);
#2860 = VERTEX_POINT('',#2861);
#2861 = CARTESIAN_POINT('',(99.7,-29.8,1.595));
#2862 = VERTEX_POINT('',#2863);
#2863 = CARTESIAN_POINT('',(99.7,-29.8,2.095));
#2864 = LINE('',#2865,#2866);
#2865 = CARTESIAN_POINT('',(99.7,-29.8,1.595));
#2866 = VECTOR('',#2867,1.);
#2867 = DIRECTION('',(0.,0.,1.));
#2868 = ORIENTED_EDGE('',*,*,#2869,.T.);
#2869 = EDGE_CURVE('',#2860,#2870,#2872,.T.);
#2870 = VERTEX_POINT('',#2871);
#2871 = CARTESIAN_POINT('',(99.7,-26.6,1.595));
#2872 = LINE('',#2873,#2874);
#2873 = CARTESIAN_POINT('',(99.7,-29.8,1.595));
#2874 = VECTOR('',#2875,1.);
#2875 = DIRECTION('',(-0.,1.,0.));
#2876 = ORIENTED_EDGE('',*,*,#2877,.T.);
#2877 = EDGE_CURVE('',#2870,#2878,#2880,.T.);
#2878 = VERTEX_POINT('',#2879);
#2879 = CARTESIAN_POINT('',(99.7,-26.6,2.095));
#2880 = LINE('',#2881,#2882);
#2881 = CARTESIAN_POINT('',(99.7,-26.6,1.595));
#2882 = VECTOR('',#2883,1.);
#2883 = DIRECTION('',(0.,0.,1.));
#2884 = ORIENTED_EDGE('',*,*,#2885,.F.);
#2885 = EDGE_CURVE('',#2862,#2878,#2886,.T.);
#2886 = LINE('',#2887,#2888);
#2887 = CARTESIAN_POINT('',(99.7,-29.8,2.095));
#2888 = VECTOR('',#2889,1.);
#2889 = DIRECTION('',(-0.,1.,0.));
#2890 = PLANE('',#2891);
#2891 = AXIS2_PLACEMENT_3D('',#2892,#2893,#2894);
#2892 = CARTESIAN_POINT('',(99.7,-29.8,1.595));
#2893 = DIRECTION('',(1.,0.,-0.));
#2894 = DIRECTION('',(0.,0.,1.));
#2895 = ADVANCED_FACE('',(#2896),#2930,.T.);
#2896 = FACE_BOUND('',#2897,.T.);
#2897 = EDGE_LOOP('',(#2898,#2908,#2916,#2924));
#2898 = ORIENTED_EDGE('',*,*,#2899,.F.);
#2899 = EDGE_CURVE('',#2900,#2902,#2904,.T.);
#2900 = VERTEX_POINT('',#2901);
#2901 = CARTESIAN_POINT('',(101.3,-29.8,1.595));
#2902 = VERTEX_POINT('',#2903);
#2903 = CARTESIAN_POINT('',(101.3,-29.8,2.095));
#2904 = LINE('',#2905,#2906);
#2905 = CARTESIAN_POINT('',(101.3,-29.8,1.595));
#2906 = VECTOR('',#2907,1.);
#2907 = DIRECTION('',(0.,0.,1.));
#2908 = ORIENTED_EDGE('',*,*,#2909,.T.);
#2909 = EDGE_CURVE('',#2900,#2910,#2912,.T.);
#2910 = VERTEX_POINT('',#2911);
#2911 = CARTESIAN_POINT('',(101.3,-26.6,1.595));
#2912 = LINE('',#2913,#2914);
#2913 = CARTESIAN_POINT('',(101.3,-29.8,1.595));
#2914 = VECTOR('',#2915,1.);
#2915 = DIRECTION('',(-0.,1.,0.));
#2916 = ORIENTED_EDGE('',*,*,#2917,.T.);
#2917 = EDGE_CURVE('',#2910,#2918,#2920,.T.);
#2918 = VERTEX_POINT('',#2919);
#2919 = CARTESIAN_POINT('',(101.3,-26.6,2.095));
#2920 = LINE('',#2921,#2922);
#2921 = CARTESIAN_POINT('',(101.3,-26.6,1.595));
#2922 = VECTOR('',#2923,1.);
#2923 = DIRECTION('',(0.,0.,1.));
#2924 = ORIENTED_EDGE('',*,*,#2925,.F.);
#2925 = EDGE_CURVE('',#2902,#2918,#2926,.T.);
#2926 = LINE('',#2927,#2928);
#2927 = CARTESIAN_POINT('',(101.3,-29.8,2.095));
#2928 = VECTOR('',#2929,1.);
#2929 = DIRECTION('',(-0.,1.,0.));
#2930 = PLANE('',#2931);
#2931 = AXIS2_PLACEMENT_3D('',#2932,#2933,#2934);
#2932 = CARTESIAN_POINT('',(101.3,-29.8,1.595));
#2933 = DIRECTION('',(1.,0.,-0.));
#2934 = DIRECTION('',(0.,0.,1.));
#2935 = ADVANCED_FACE('',(#2936),#2952,.F.);
#2936 = FACE_BOUND('',#2937,.F.);
#2937 = EDGE_LOOP('',(#2938,#2944,#2945,#2951));
#2938 = ORIENTED_EDGE('',*,*,#2939,.F.);
#2939 = EDGE_CURVE('',#2860,#2900,#2940,.T.);
#2940 = LINE('',#2941,#2942);
#2941 = CARTESIAN_POINT('',(99.7,-29.8,1.595));
#2942 = VECTOR('',#2943,1.);
#2943 = DIRECTION('',(1.,0.,-0.));
#2944 = ORIENTED_EDGE('',*,*,#2859,.T.);
#2945 = ORIENTED_EDGE('',*,*,#2946,.T.);
#2946 = EDGE_CURVE('',#2862,#2902,#2947,.T.);
#2947 = LINE('',#2948,#2949);
#2948 = CARTESIAN_POINT('',(99.7,-29.8,2.095));
#2949 = VECTOR('',#2950,1.);
#2950 = DIRECTION('',(1.,0.,-0.));
#2951 = ORIENTED_EDGE('',*,*,#2899,.F.);
#2952 = PLANE('',#2953);
#2953 = AXIS2_PLACEMENT_3D('',#2954,#2955,#2956);
#2954 = CARTESIAN_POINT('',(99.7,-29.8,1.595));
#2955 = DIRECTION('',(-0.,1.,0.));
#2956 = DIRECTION('',(0.,0.,1.));
#2957 = ADVANCED_FACE('',(#2958),#2974,.T.);
#2958 = FACE_BOUND('',#2959,.T.);
#2959 = EDGE_LOOP('',(#2960,#2966,#2967,#2973));
#2960 = ORIENTED_EDGE('',*,*,#2961,.F.);
#2961 = EDGE_CURVE('',#2870,#2910,#2962,.T.);
#2962 = LINE('',#2963,#2964);
#2963 = CARTESIAN_POINT('',(99.7,-26.6,1.595));
#2964 = VECTOR('',#2965,1.);
#2965 = DIRECTION('',(1.,0.,-0.));
#2966 = ORIENTED_EDGE('',*,*,#2877,.T.);
#2967 = ORIENTED_EDGE('',*,*,#2968,.T.);
#2968 = EDGE_CURVE('',#2878,#2918,#2969,.T.);
#2969 = LINE('',#2970,#2971);
#2970 = CARTESIAN_POINT('',(99.7,-26.6,2.095));
#2971 = VECTOR('',#2972,1.);
#2972 = DIRECTION('',(1.,0.,-0.));
#2973 = ORIENTED_EDGE('',*,*,#2917,.F.);
#2974 = PLANE('',#2975);
#2975 = AXIS2_PLACEMENT_3D('',#2976,#2977,#2978);
#2976 = CARTESIAN_POINT('',(99.7,-26.6,1.595));
#2977 = DIRECTION('',(-0.,1.,0.));
#2978 = DIRECTION('',(0.,0.,1.));
#2979 = ADVANCED_FACE('',(#2980),#2986,.F.);
#2980 = FACE_BOUND('',#2981,.F.);
#2981 = EDGE_LOOP('',(#2982,#2983,#2984,#2985));
#2982 = ORIENTED_EDGE('',*,*,#2869,.F.);
#2983 = ORIENTED_EDGE('',*,*,#2939,.T.);
#2984 = ORIENTED_EDGE('',*,*,#2909,.T.);
#2985 = ORIENTED_EDGE('',*,*,#2961,.F.);
#2986 = PLANE('',#2987);
#2987 = AXIS2_PLACEMENT_3D('',#2988,#2989,#2990);
#2988 = CARTESIAN_POINT('',(99.7,-29.8,1.595));
#2989 = DIRECTION('',(0.,0.,1.));
#2990 = DIRECTION('',(1.,0.,-0.));
#2991 = ADVANCED_FACE('',(#2992),#2998,.T.);
#2992 = FACE_BOUND('',#2993,.T.);
#2993 = EDGE_LOOP('',(#2994,#2995,#2996,#2997));
#2994 = ORIENTED_EDGE('',*,*,#2885,.F.);
#2995 = ORIENTED_EDGE('',*,*,#2946,.T.);
#2996 = ORIENTED_EDGE('',*,*,#2925,.T.);
#2997 = ORIENTED_EDGE('',*,*,#2968,.F.);
#2998 = PLANE('',#2999);
#2999 = AXIS2_PLACEMENT_3D('',#3000,#3001,#3002);
#3000 = CARTESIAN_POINT('',(99.7,-29.8,2.095));
#3001 = DIRECTION('',(0.,0.,1.));
#3002 = DIRECTION('',(1.,0.,-0.));
#3003 = MANIFOLD_SOLID_BREP('',#3004);
#3004 = CLOSED_SHELL('',(#3005,#3045,#3085,#3107,#3129,#3141));
#3005 = ADVANCED_FACE('',(#3006),#3040,.F.);
#3006 = FACE_BOUND('',#3007,.F.);
#3007 = EDGE_LOOP('',(#3008,#3018,#3026,#3034));
#3008 = ORIENTED_EDGE('',*,*,#3009,.F.);
#3009 = EDGE_CURVE('',#3010,#3012,#3014,.T.);
#3010 = VERTEX_POINT('',#3011);
#3011 = CARTESIAN_POINT('',(103.7,-29.8,1.595));
#3012 = VERTEX_POINT('',#3013);
#3013 = CARTESIAN_POINT('',(103.7,-29.8,2.095));
#3014 = LINE('',#3015,#3016);
#3015 = CARTESIAN_POINT('',(103.7,-29.8,1.595));
#3016 = VECTOR('',#3017,1.);
#3017 = DIRECTION('',(0.,0.,1.));
#3018 = ORIENTED_EDGE('',*,*,#3019,.T.);
#3019 = EDGE_CURVE('',#3010,#3020,#3022,.T.);
#3020 = VERTEX_POINT('',#3021);
#3021 = CARTESIAN_POINT('',(103.7,-26.6,1.595));
#3022 = LINE('',#3023,#3024);
#3023 = CARTESIAN_POINT('',(103.7,-29.8,1.595));
#3024 = VECTOR('',#3025,1.);
#3025 = DIRECTION('',(-0.,1.,0.));
#3026 = ORIENTED_EDGE('',*,*,#3027,.T.);
#3027 = EDGE_CURVE('',#3020,#3028,#3030,.T.);
#3028 = VERTEX_POINT('',#3029);
#3029 = CARTESIAN_POINT('',(103.7,-26.6,2.095));
#3030 = LINE('',#3031,#3032);
#3031 = CARTESIAN_POINT('',(103.7,-26.6,1.595));
#3032 = VECTOR('',#3033,1.);
#3033 = DIRECTION('',(0.,0.,1.));
#3034 = ORIENTED_EDGE('',*,*,#3035,.F.);
#3035 = EDGE_CURVE('',#3012,#3028,#3036,.T.);
#3036 = LINE('',#3037,#3038);
#3037 = CARTESIAN_POINT('',(103.7,-29.8,2.095));
#3038 = VECTOR('',#3039,1.);
#3039 = DIRECTION('',(-0.,1.,0.));
#3040 = PLANE('',#3041);
#3041 = AXIS2_PLACEMENT_3D('',#3042,#3043,#3044);
#3042 = CARTESIAN_POINT('',(103.7,-29.8,1.595));
#3043 = DIRECTION('',(1.,0.,-0.));
#3044 = DIRECTION('',(0.,0.,1.));
#3045 = ADVANCED_FACE('',(#3046),#3080,.T.);
#3046 = FACE_BOUND('',#3047,.T.);
#3047 = EDGE_LOOP('',(#3048,#3058,#3066,#3074));
#3048 = ORIENTED_EDGE('',*,*,#3049,.F.);
#3049 = EDGE_CURVE('',#3050,#3052,#3054,.T.);
#3050 = VERTEX_POINT('',#3051);
#3051 = CARTESIAN_POINT('',(105.3,-29.8,1.595));
#3052 = VERTEX_POINT('',#3053);
#3053 = CARTESIAN_POINT('',(105.3,-29.8,2.095));
#3054 = LINE('',#3055,#3056);
#3055 = CARTESIAN_POINT('',(105.3,-29.8,1.595));
#3056 = VECTOR('',#3057,1.);
#3057 = DIRECTION('',(0.,0.,1.));
#3058 = ORIENTED_EDGE('',*,*,#3059,.T.);
#3059 = EDGE_CURVE('',#3050,#3060,#3062,.T.);
#3060 = VERTEX_POINT('',#3061);
#3061 = CARTESIAN_POINT('',(105.3,-26.6,1.595));
#3062 = LINE('',#3063,#3064);
#3063 = CARTESIAN_POINT('',(105.3,-29.8,1.595));
#3064 = VECTOR('',#3065,1.);
#3065 = DIRECTION('',(-0.,1.,0.));
#3066 = ORIENTED_EDGE('',*,*,#3067,.T.);
#3067 = EDGE_CURVE('',#3060,#3068,#3070,.T.);
#3068 = VERTEX_POINT('',#3069);
#3069 = CARTESIAN_POINT('',(105.3,-26.6,2.095));
#3070 = LINE('',#3071,#3072);
#3071 = CARTESIAN_POINT('',(105.3,-26.6,1.595));
#3072 = VECTOR('',#3073,1.);
#3073 = DIRECTION('',(0.,0.,1.));
#3074 = ORIENTED_EDGE('',*,*,#3075,.F.);
#3075 = EDGE_CURVE('',#3052,#3068,#3076,.T.);
#3076 = LINE('',#3077,#3078);
#3077 = CARTESIAN_POINT('',(105.3,-29.8,2.095));
#3078 = VECTOR('',#3079,1.);
#3079 = DIRECTION('',(-0.,1.,0.));
#3080 = PLANE('',#3081);
#3081 = AXIS2_PLACEMENT_3D('',#3082,#3083,#3084);
#3082 = CARTESIAN_POINT('',(105.3,-29.8,1.595));
#3083 = DIRECTION('',(1.,0.,-0.));
#3084 = DIRECTION('',(0.,0.,1.));
#3085 = ADVANCED_FACE('',(#3086),#3102,.F.);
#3086 = FACE_BOUND('',#3087,.F.);
#3087 = EDGE_LOOP('',(#3088,#3094,#3095,#3101));
#3088 = ORIENTED_EDGE('',*,*,#3089,.F.);
#3089 = EDGE_CURVE('',#3010,#3050,#3090,.T.);
#3090 = LINE('',#3091,#3092);
#3091 = CARTESIAN_POINT('',(103.7,-29.8,1.595));
#3092 = VECTOR('',#3093,1.);
#3093 = DIRECTION('',(1.,0.,-0.));
#3094 = ORIENTED_EDGE('',*,*,#3009,.T.);
#3095 = ORIENTED_EDGE('',*,*,#3096,.T.);
#3096 = EDGE_CURVE('',#3012,#3052,#3097,.T.);
#3097 = LINE('',#3098,#3099);
#3098 = CARTESIAN_POINT('',(103.7,-29.8,2.095));
#3099 = VECTOR('',#3100,1.);
#3100 = DIRECTION('',(1.,0.,-0.));
#3101 = ORIENTED_EDGE('',*,*,#3049,.F.);
#3102 = PLANE('',#3103);
#3103 = AXIS2_PLACEMENT_3D('',#3104,#3105,#3106);
#3104 = CARTESIAN_POINT('',(103.7,-29.8,1.595));
#3105 = DIRECTION('',(-0.,1.,0.));
#3106 = DIRECTION('',(0.,0.,1.));
#3107 = ADVANCED_FACE('',(#3108),#3124,.T.);
#3108 = FACE_BOUND('',#3109,.T.);
#3109 = EDGE_LOOP('',(#3110,#3116,#3117,#3123));
#3110 = ORIENTED_EDGE('',*,*,#3111,.F.);
#3111 = EDGE_CURVE('',#3020,#3060,#3112,.T.);
#3112 = LINE('',#3113,#3114);
#3113 = CARTESIAN_POINT('',(103.7,-26.6,1.595));
#3114 = VECTOR('',#3115,1.);
#3115 = DIRECTION('',(1.,0.,-0.));
#3116 = ORIENTED_EDGE('',*,*,#3027,.T.);
#3117 = ORIENTED_EDGE('',*,*,#3118,.T.);
#3118 = EDGE_CURVE('',#3028,#3068,#3119,.T.);
#3119 = LINE('',#3120,#3121);
#3120 = CARTESIAN_POINT('',(103.7,-26.6,2.095));
#3121 = VECTOR('',#3122,1.);
#3122 = DIRECTION('',(1.,0.,-0.));
#3123 = ORIENTED_EDGE('',*,*,#3067,.F.);
#3124 = PLANE('',#3125);
#3125 = AXIS2_PLACEMENT_3D('',#3126,#3127,#3128);
#3126 = CARTESIAN_POINT('',(103.7,-26.6,1.595));
#3127 = DIRECTION('',(-0.,1.,0.));
#3128 = DIRECTION('',(0.,0.,1.));
#3129 = ADVANCED_FACE('',(#3130),#3136,.F.);
#3130 = FACE_BOUND('',#3131,.F.);
#3131 = EDGE_LOOP('',(#3132,#3133,#3134,#3135));
#3132 = ORIENTED_EDGE('',*,*,#3019,.F.);
#3133 = ORIENTED_EDGE('',*,*,#3089,.T.);
#3134 = ORIENTED_EDGE('',*,*,#3059,.T.);
#3135 = ORIENTED_EDGE('',*,*,#3111,.F.);
#3136 = PLANE('',#3137);
#3137 = AXIS2_PLACEMENT_3D('',#3138,#3139,#3140);
#3138 = CARTESIAN_POINT('',(103.7,-29.8,1.595));
#3139 = DIRECTION('',(0.,0.,1.));
#3140 = DIRECTION('',(1.,0.,-0.));
#3141 = ADVANCED_FACE('',(#3142),#3148,.T.);
#3142 = FACE_BOUND('',#3143,.T.);
#3143 = EDGE_LOOP('',(#3144,#3145,#3146,#3147));
#3144 = ORIENTED_EDGE('',*,*,#3035,.F.);
#3145 = ORIENTED_EDGE('',*,*,#3096,.T.);
#3146 = ORIENTED_EDGE('',*,*,#3075,.T.);
#3147 = ORIENTED_EDGE('',*,*,#3118,.F.);
#3148 = PLANE('',#3149);
#3149 = AXIS2_PLACEMENT_3D('',#3150,#3151,#3152);
#3150 = CARTESIAN_POINT('',(103.7,-29.8,2.095));
#3151 = DIRECTION('',(0.,0.,1.));
#3152 = DIRECTION('',(1.,0.,-0.));
#3153 = MANIFOLD_SOLID_BREP('',#3154);
#3154 = CLOSED_SHELL('',(#3155,#3195,#3235,#3257,#3279,#3291));
#3155 = ADVANCED_FACE('',(#3156),#3190,.F.);
#3156 = FACE_BOUND('',#3157,.F.);
#3157 = EDGE_LOOP('',(#3158,#3168,#3176,#3184));
#3158 = ORIENTED_EDGE('',*,*,#3159,.F.);
#3159 = EDGE_CURVE('',#3160,#3162,#3164,.T.);
#3160 = VERTEX_POINT('',#3161);
#3161 = CARTESIAN_POINT('',(138.7,-29.8,1.595));
#3162 = VERTEX_POINT('',#3163);
#3163 = CARTESIAN_POINT('',(138.7,-29.8,2.095));
#3164 = LINE('',#3165,#3166);
#3165 = CARTESIAN_POINT('',(138.7,-29.8,1.595));
#3166 = VECTOR('',#3167,1.);
#3167 = DIRECTION('',(0.,0.,1.));
#3168 = ORIENTED_EDGE('',*,*,#3169,.T.);
#3169 = EDGE_CURVE('',#3160,#3170,#3172,.T.);
#3170 = VERTEX_POINT('',#3171);
#3171 = CARTESIAN_POINT('',(138.7,-26.6,1.595));
#3172 = LINE('',#3173,#3174);
#3173 = CARTESIAN_POINT('',(138.7,-29.8,1.595));
#3174 = VECTOR('',#3175,1.);
#3175 = DIRECTION('',(-0.,1.,0.));
#3176 = ORIENTED_EDGE('',*,*,#3177,.T.);
#3177 = EDGE_CURVE('',#3170,#3178,#3180,.T.);
#3178 = VERTEX_POINT('',#3179);
#3179 = CARTESIAN_POINT('',(138.7,-26.6,2.095));
#3180 = LINE('',#3181,#3182);
#3181 = CARTESIAN_POINT('',(138.7,-26.6,1.595));
#3182 = VECTOR('',#3183,1.);
#3183 = DIRECTION('',(0.,0.,1.));
#3184 = ORIENTED_EDGE('',*,*,#3185,.F.);
#3185 = EDGE_CURVE('',#3162,#3178,#3186,.T.);
#3186 = LINE('',#3187,#3188);
#3187 = CARTESIAN_POINT('',(138.7,-29.8,2.095));
#3188 = VECTOR('',#3189,1.);
#3189 = DIRECTION('',(-0.,1.,0.));
#3190 = PLANE('',#3191);
#3191 = AXIS2_PLACEMENT_3D('',#3192,#3193,#3194);
#3192 = CARTESIAN_POINT('',(138.7,-29.8,1.595));
#3193 = DIRECTION('',(1.,0.,-0.));
#3194 = DIRECTION('',(0.,0.,1.));
#3195 = ADVANCED_FACE('',(#3196),#3230,.T.);
#3196 = FACE_BOUND('',#3197,.T.);
#3197 = EDGE_LOOP('',(#3198,#3208,#3216,#3224));
#3198 = ORIENTED_EDGE('',*,*,#3199,.F.);
#3199 = EDGE_CURVE('',#3200,#3202,#3204,.T.);
#3200 = VERTEX_POINT('',#3201);
#3201 = CARTESIAN_POINT('',(140.3,-29.8,1.595));
#3202 = VERTEX_POINT('',#3203);
#3203 = CARTESIAN_POINT('',(140.3,-29.8,2.095));
#3204 = LINE('',#3205,#3206);
#3205 = CARTESIAN_POINT('',(140.3,-29.8,1.595));
#3206 = VECTOR('',#3207,1.);
#3207 = DIRECTION('',(0.,0.,1.));
#3208 = ORIENTED_EDGE('',*,*,#3209,.T.);
#3209 = EDGE_CURVE('',#3200,#3210,#3212,.T.);
#3210 = VERTEX_POINT('',#3211);
#3211 = CARTESIAN_POINT('',(140.3,-26.6,1.595));
#3212 = LINE('',#3213,#3214);
#3213 = CARTESIAN_POINT('',(140.3,-29.8,1.595));
#3214 = VECTOR('',#3215,1.);
#3215 = DIRECTION('',(-0.,1.,0.));
#3216 = ORIENTED_EDGE('',*,*,#3217,.T.);
#3217 = EDGE_CURVE('',#3210,#3218,#3220,.T.);
#3218 = VERTEX_POINT('',#3219);
#3219 = CARTESIAN_POINT('',(140.3,-26.6,2.095));
#3220 = LINE('',#3221,#3222);
#3221 = CARTESIAN_POINT('',(140.3,-26.6,1.595));
#3222 = VECTOR('',#3223,1.);
#3223 = DIRECTION('',(0.,0.,1.));
#3224 = ORIENTED_EDGE('',*,*,#3225,.F.);
#3225 = EDGE_CURVE('',#3202,#3218,#3226,.T.);
#3226 = LINE('',#3227,#3228);
#3227 = CARTESIAN_POINT('',(140.3,-29.8,2.095));
#3228 = VECTOR('',#3229,1.);
#3229 = DIRECTION('',(-0.,1.,0.));
#3230 = PLANE('',#3231);
#3231 = AXIS2_PLACEMENT_3D('',#3232,#3233,#3234);
#3232 = CARTESIAN_POINT('',(140.3,-29.8,1.595));
#3233 = DIRECTION('',(1.,0.,-0.));
#3234 = DIRECTION('',(0.,0.,1.));
#3235 = ADVANCED_FACE('',(#3236),#3252,.F.);
#3236 = FACE_BOUND('',#3237,.F.);
#3237 = EDGE_LOOP('',(#3238,#3244,#3245,#3251));
#3238 = ORIENTED_EDGE('',*,*,#3239,.F.);
#3239 = EDGE_CURVE('',#3160,#3200,#3240,.T.);
#3240 = LINE('',#3241,#3242);
#3241 = CARTESIAN_POINT('',(138.7,-29.8,1.595));
#3242 = VECTOR('',#3243,1.);
#3243 = DIRECTION('',(1.,0.,-0.));
#3244 = ORIENTED_EDGE('',*,*,#3159,.T.);
#3245 = ORIENTED_EDGE('',*,*,#3246,.T.);
#3246 = EDGE_CURVE('',#3162,#3202,#3247,.T.);
#3247 = LINE('',#3248,#3249);
#3248 = CARTESIAN_POINT('',(138.7,-29.8,2.095));
#3249 = VECTOR('',#3250,1.);
#3250 = DIRECTION('',(1.,0.,-0.));
#3251 = ORIENTED_EDGE('',*,*,#3199,.F.);
#3252 = PLANE('',#3253);
#3253 = AXIS2_PLACEMENT_3D('',#3254,#3255,#3256);
#3254 = CARTESIAN_POINT('',(138.7,-29.8,1.595));
#3255 = DIRECTION('',(-0.,1.,0.));
#3256 = DIRECTION('',(0.,0.,1.));
#3257 = ADVANCED_FACE('',(#3258),#3274,.T.);
#3258 = FACE_BOUND('',#3259,.T.);
#3259 = EDGE_LOOP('',(#3260,#3266,#3267,#3273));
#3260 = ORIENTED_EDGE('',*,*,#3261,.F.);
#3261 = EDGE_CURVE('',#3170,#3210,#3262,.T.);
#3262 = LINE('',#3263,#3264);
#3263 = CARTESIAN_POINT('',(138.7,-26.6,1.595));
#3264 = VECTOR('',#3265,1.);
#3265 = DIRECTION('',(1.,0.,-0.));
#3266 = ORIENTED_EDGE('',*,*,#3177,.T.);
#3267 = ORIENTED_EDGE('',*,*,#3268,.T.);
#3268 = EDGE_CURVE('',#3178,#3218,#3269,.T.);
#3269 = LINE('',#3270,#3271);
#3270 = CARTESIAN_POINT('',(138.7,-26.6,2.095));
#3271 = VECTOR('',#3272,1.);
#3272 = DIRECTION('',(1.,0.,-0.));
#3273 = ORIENTED_EDGE('',*,*,#3217,.F.);
#3274 = PLANE('',#3275);
#3275 = AXIS2_PLACEMENT_3D('',#3276,#3277,#3278);
#3276 = CARTESIAN_POINT('',(138.7,-26.6,1.595));
#3277 = DIRECTION('',(-0.,1.,0.));
#3278 = DIRECTION('',(0.,0.,1.));
#3279 = ADVANCED_FACE('',(#3280),#3286,.F.);
#3280 = FACE_BOUND('',#3281,.F.);
#3281 = EDGE_LOOP('',(#3282,#3283,#3284,#3285));
#3282 = ORIENTED_EDGE('',*,*,#3169,.F.);
#3283 = ORIENTED_EDGE('',*,*,#3239,.T.);
#3284 = ORIENTED_EDGE('',*,*,#3209,.T.);
#3285 = ORIENTED_EDGE('',*,*,#3261,.F.);
#3286 = PLANE('',#3287);
#3287 = AXIS2_PLACEMENT_3D('',#3288,#3289,#3290);
#3288 = CARTESIAN_POINT('',(138.7,-29.8,1.595));
#3289 = DIRECTION('',(0.,0.,1.));
#3290 = DIRECTION('',(1.,0.,-0.));
#3291 = ADVANCED_FACE('',(#3292),#3298,.T.);
#3292 = FACE_BOUND('',#3293,.T.);
#3293 = EDGE_LOOP('',(#3294,#3295,#3296,#3297));
#3294 = ORIENTED_EDGE('',*,*,#3185,.F.);
#3295 = ORIENTED_EDGE('',*,*,#3246,.T.);
#3296 = ORIENTED_EDGE('',*,*,#3225,.T.);
#3297 = ORIENTED_EDGE('',*,*,#3268,.F.);
#3298 = PLANE('',#3299);
#3299 = AXIS2_PLACEMENT_3D('',#3300,#3301,#3302);
#3300 = CARTESIAN_POINT('',(138.7,-29.8,2.095));
#3301 = DIRECTION('',(0.,0.,1.));
#3302 = DIRECTION('',(1.,0.,-0.));
#3303 = MANIFOLD_SOLID_BREP('',#3304);
#3304 = CLOSED_SHELL('',(#3305,#3345,#3385,#3407,#3429,#3441));
#3305 = ADVANCED_FACE('',(#3306),#3340,.F.);
#3306 = FACE_BOUND('',#3307,.F.);
#3307 = EDGE_LOOP('',(#3308,#3318,#3326,#3334));
#3308 = ORIENTED_EDGE('',*,*,#3309,.F.);
#3309 = EDGE_CURVE('',#3310,#3312,#3314,.T.);
#3310 = VERTEX_POINT('',#3311);
#3311 = CARTESIAN_POINT('',(111.49970189821,-37.,1.595));
#3312 = VERTEX_POINT('',#3313);
#3313 = CARTESIAN_POINT('',(111.49970189821,-37.,2.795));
#3314 = LINE('',#3315,#3316);
#3315 = CARTESIAN_POINT('',(111.49970189821,-37.,1.595));
#3316 = VECTOR('',#3317,1.);
#3317 = DIRECTION('',(0.,0.,1.));
#3318 = ORIENTED_EDGE('',*,*,#3319,.T.);
#3319 = EDGE_CURVE('',#3310,#3320,#3322,.T.);
#3320 = VERTEX_POINT('',#3321);
#3321 = CARTESIAN_POINT('',(111.49970189821,-28.9,1.595));
#3322 = LINE('',#3323,#3324);
#3323 = CARTESIAN_POINT('',(111.49970189821,-37.,1.595));
#3324 = VECTOR('',#3325,1.);
#3325 = DIRECTION('',(-0.,1.,0.));
#3326 = ORIENTED_EDGE('',*,*,#3327,.T.);
#3327 = EDGE_CURVE('',#3320,#3328,#3330,.T.);
#3328 = VERTEX_POINT('',#3329);
#3329 = CARTESIAN_POINT('',(111.49970189821,-28.9,2.795));
#3330 = LINE('',#3331,#3332);
#3331 = CARTESIAN_POINT('',(111.49970189821,-28.9,1.595));
#3332 = VECTOR('',#3333,1.);
#3333 = DIRECTION('',(0.,0.,1.));
#3334 = ORIENTED_EDGE('',*,*,#3335,.F.);
#3335 = EDGE_CURVE('',#3312,#3328,#3336,.T.);
#3336 = LINE('',#3337,#3338);
#3337 = CARTESIAN_POINT('',(111.49970189821,-37.,2.795));
#3338 = VECTOR('',#3339,1.);
#3339 = DIRECTION('',(-0.,1.,0.));
#3340 = PLANE('',#3341);
#3341 = AXIS2_PLACEMENT_3D('',#3342,#3343,#3344);
#3342 = CARTESIAN_POINT('',(111.49970189821,-37.,1.595));
#3343 = DIRECTION('',(1.,0.,-0.));
#3344 = DIRECTION('',(0.,0.,1.));
#3345 = ADVANCED_FACE('',(#3346),#3380,.T.);
#3346 = FACE_BOUND('',#3347,.T.);
#3347 = EDGE_LOOP('',(#3348,#3358,#3366,#3374));
#3348 = ORIENTED_EDGE('',*,*,#3349,.F.);
#3349 = EDGE_CURVE('',#3350,#3352,#3354,.T.);
#3350 = VERTEX_POINT('',#3351);
#3351 = CARTESIAN_POINT('',(125.50029810178,-37.,1.595));
#3352 = VERTEX_POINT('',#3353);
#3353 = CARTESIAN_POINT('',(125.50029810178,-37.,2.795));
#3354 = LINE('',#3355,#3356);
#3355 = CARTESIAN_POINT('',(125.50029810178,-37.,1.595));
#3356 = VECTOR('',#3357,1.);
#3357 = DIRECTION('',(0.,0.,1.));
#3358 = ORIENTED_EDGE('',*,*,#3359,.T.);
#3359 = EDGE_CURVE('',#3350,#3360,#3362,.T.);
#3360 = VERTEX_POINT('',#3361);
#3361 = CARTESIAN_POINT('',(125.50029810178,-28.9,1.595));
#3362 = LINE('',#3363,#3364);
#3363 = CARTESIAN_POINT('',(125.50029810178,-37.,1.595));
#3364 = VECTOR('',#3365,1.);
#3365 = DIRECTION('',(-0.,1.,0.));
#3366 = ORIENTED_EDGE('',*,*,#3367,.T.);
#3367 = EDGE_CURVE('',#3360,#3368,#3370,.T.);
#3368 = VERTEX_POINT('',#3369);
#3369 = CARTESIAN_POINT('',(125.50029810178,-28.9,2.795));
#3370 = LINE('',#3371,#3372);
#3371 = CARTESIAN_POINT('',(125.50029810178,-28.9,1.595));
#3372 = VECTOR('',#3373,1.);
#3373 = DIRECTION('',(0.,0.,1.));
#3374 = ORIENTED_EDGE('',*,*,#3375,.F.);
#3375 = EDGE_CURVE('',#3352,#3368,#3376,.T.);
#3376 = LINE('',#3377,#3378);
#3377 = CARTESIAN_POINT('',(125.50029810178,-37.,2.795));
#3378 = VECTOR('',#3379,1.);
#3379 = DIRECTION('',(-0.,1.,0.));
#3380 = PLANE('',#3381);
#3381 = AXIS2_PLACEMENT_3D('',#3382,#3383,#3384);
#3382 = CARTESIAN_POINT('',(125.50029810178,-37.,1.595));
#3383 = DIRECTION('',(1.,0.,-0.));
#3384 = DIRECTION('',(0.,0.,1.));
#3385 = ADVANCED_FACE('',(#3386),#3402,.F.);
#3386 = FACE_BOUND('',#3387,.F.);
#3387 = EDGE_LOOP('',(#3388,#3394,#3395,#3401));
#3388 = ORIENTED_EDGE('',*,*,#3389,.F.);
#3389 = EDGE_CURVE('',#3310,#3350,#3390,.T.);
#3390 = LINE('',#3391,#3392);
#3391 = CARTESIAN_POINT('',(111.49970189821,-37.,1.595));
#3392 = VECTOR('',#3393,1.);
#3393 = DIRECTION('',(1.,0.,-0.));
#3394 = ORIENTED_EDGE('',*,*,#3309,.T.);
#3395 = ORIENTED_EDGE('',*,*,#3396,.T.);
#3396 = EDGE_CURVE('',#3312,#3352,#3397,.T.);
#3397 = LINE('',#3398,#3399);
#3398 = CARTESIAN_POINT('',(111.49970189821,-37.,2.795));
#3399 = VECTOR('',#3400,1.);
#3400 = DIRECTION('',(1.,0.,-0.));
#3401 = ORIENTED_EDGE('',*,*,#3349,.F.);
#3402 = PLANE('',#3403);
#3403 = AXIS2_PLACEMENT_3D('',#3404,#3405,#3406);
#3404 = CARTESIAN_POINT('',(111.49970189821,-37.,1.595));
#3405 = DIRECTION('',(-0.,1.,0.));
#3406 = DIRECTION('',(0.,0.,1.));
#3407 = ADVANCED_FACE('',(#3408),#3424,.T.);
#3408 = FACE_BOUND('',#3409,.T.);
#3409 = EDGE_LOOP('',(#3410,#3416,#3417,#3423));
#3410 = ORIENTED_EDGE('',*,*,#3411,.F.);
#3411 = EDGE_CURVE('',#3320,#3360,#3412,.T.);
#3412 = LINE('',#3413,#3414);
#3413 = CARTESIAN_POINT('',(111.49970189821,-28.9,1.595));
#3414 = VECTOR('',#3415,1.);
#3415 = DIRECTION('',(1.,0.,-0.));
#3416 = ORIENTED_EDGE('',*,*,#3327,.T.);
#3417 = ORIENTED_EDGE('',*,*,#3418,.T.);
#3418 = EDGE_CURVE('',#3328,#3368,#3419,.T.);
#3419 = LINE('',#3420,#3421);
#3420 = CARTESIAN_POINT('',(111.49970189821,-28.9,2.795));
#3421 = VECTOR('',#3422,1.);
#3422 = DIRECTION('',(1.,0.,-0.));
#3423 = ORIENTED_EDGE('',*,*,#3367,.F.);
#3424 = PLANE('',#3425);
#3425 = AXIS2_PLACEMENT_3D('',#3426,#3427,#3428);
#3426 = CARTESIAN_POINT('',(111.49970189821,-28.9,1.595));
#3427 = DIRECTION('',(-0.,1.,0.));
#3428 = DIRECTION('',(0.,0.,1.));
#3429 = ADVANCED_FACE('',(#3430),#3436,.F.);
#3430 = FACE_BOUND('',#3431,.F.);
#3431 = EDGE_LOOP('',(#3432,#3433,#3434,#3435));
#3432 = ORIENTED_EDGE('',*,*,#3319,.F.);
#3433 = ORIENTED_EDGE('',*,*,#3389,.T.);
#3434 = ORIENTED_EDGE('',*,*,#3359,.T.);
#3435 = ORIENTED_EDGE('',*,*,#3411,.F.);
#3436 = PLANE('',#3437);
#3437 = AXIS2_PLACEMENT_3D('',#3438,#3439,#3440);
#3438 = CARTESIAN_POINT('',(111.49970189821,-37.,1.595));
#3439 = DIRECTION('',(0.,0.,1.));
#3440 = DIRECTION('',(1.,0.,-0.));
#3441 = ADVANCED_FACE('',(#3442),#3448,.T.);
#3442 = FACE_BOUND('',#3443,.T.);
#3443 = EDGE_LOOP('',(#3444,#3445,#3446,#3447));
#3444 = ORIENTED_EDGE('',*,*,#3335,.F.);
#3445 = ORIENTED_EDGE('',*,*,#3396,.T.);
#3446 = ORIENTED_EDGE('',*,*,#3375,.T.);
#3447 = ORIENTED_EDGE('',*,*,#3418,.F.);
#3448 = PLANE('',#3449);
#3449 = AXIS2_PLACEMENT_3D('',#3450,#3451,#3452);
#3450 = CARTESIAN_POINT('',(111.49970189821,-37.,2.795));
#3451 = DIRECTION('',(0.,0.,1.));
#3452 = DIRECTION('',(1.,0.,-0.));
#3453 = MANIFOLD_SOLID_BREP('',#3454);
#3454 = CLOSED_SHELL('',(#3455,#3495,#3535,#3557,#3579,#3591));
#3455 = ADVANCED_FACE('',(#3456),#3490,.F.);
#3456 = FACE_BOUND('',#3457,.F.);
#3457 = EDGE_LOOP('',(#3458,#3468,#3476,#3484));
#3458 = ORIENTED_EDGE('',*,*,#3459,.F.);
#3459 = EDGE_CURVE('',#3460,#3462,#3464,.T.);
#3460 = VERTEX_POINT('',#3461);
#3461 = CARTESIAN_POINT('',(100.55,-38.2,1.595));
#3462 = VERTEX_POINT('',#3463);
#3463 = CARTESIAN_POINT('',(100.55,-38.2,3.295));
#3464 = LINE('',#3465,#3466);
#3465 = CARTESIAN_POINT('',(100.55,-38.2,1.595));
#3466 = VECTOR('',#3467,1.);
#3467 = DIRECTION('',(0.,0.,1.));
#3468 = ORIENTED_EDGE('',*,*,#3469,.T.);
#3469 = EDGE_CURVE('',#3460,#3470,#3472,.T.);
#3470 = VERTEX_POINT('',#3471);
#3471 = CARTESIAN_POINT('',(100.55,-31.2,1.595));
#3472 = LINE('',#3473,#3474);
#3473 = CARTESIAN_POINT('',(100.55,-38.2,1.595));
#3474 = VECTOR('',#3475,1.);
#3475 = DIRECTION('',(-0.,1.,0.));
#3476 = ORIENTED_EDGE('',*,*,#3477,.T.);
#3477 = EDGE_CURVE('',#3470,#3478,#3480,.T.);
#3478 = VERTEX_POINT('',#3479);
#3479 = CARTESIAN_POINT('',(100.55,-31.2,3.295));
#3480 = LINE('',#3481,#3482);
#3481 = CARTESIAN_POINT('',(100.55,-31.2,1.595));
#3482 = VECTOR('',#3483,1.);
#3483 = DIRECTION('',(0.,0.,1.));
#3484 = ORIENTED_EDGE('',*,*,#3485,.F.);
#3485 = EDGE_CURVE('',#3462,#3478,#3486,.T.);
#3486 = LINE('',#3487,#3488);
#3487 = CARTESIAN_POINT('',(100.55,-38.2,3.295));
#3488 = VECTOR('',#3489,1.);
#3489 = DIRECTION('',(-0.,1.,0.));
#3490 = PLANE('',#3491);
#3491 = AXIS2_PLACEMENT_3D('',#3492,#3493,#3494);
#3492 = CARTESIAN_POINT('',(100.55,-38.2,1.595));
#3493 = DIRECTION('',(1.,0.,-0.));
#3494 = DIRECTION('',(0.,0.,1.));
#3495 = ADVANCED_FACE('',(#3496),#3530,.T.);
#3496 = FACE_BOUND('',#3497,.T.);
#3497 = EDGE_LOOP('',(#3498,#3508,#3516,#3524));
#3498 = ORIENTED_EDGE('',*,*,#3499,.F.);
#3499 = EDGE_CURVE('',#3500,#3502,#3504,.T.);
#3500 = VERTEX_POINT('',#3501);
#3501 = CARTESIAN_POINT('',(107.05,-38.2,1.595));
#3502 = VERTEX_POINT('',#3503);
#3503 = CARTESIAN_POINT('',(107.05,-38.2,3.295));
#3504 = LINE('',#3505,#3506);
#3505 = CARTESIAN_POINT('',(107.05,-38.2,1.595));
#3506 = VECTOR('',#3507,1.);
#3507 = DIRECTION('',(0.,0.,1.));
#3508 = ORIENTED_EDGE('',*,*,#3509,.T.);
#3509 = EDGE_CURVE('',#3500,#3510,#3512,.T.);
#3510 = VERTEX_POINT('',#3511);
#3511 = CARTESIAN_POINT('',(107.05,-31.2,1.595));
#3512 = LINE('',#3513,#3514);
#3513 = CARTESIAN_POINT('',(107.05,-38.2,1.595));
#3514 = VECTOR('',#3515,1.);
#3515 = DIRECTION('',(-0.,1.,0.));
#3516 = ORIENTED_EDGE('',*,*,#3517,.T.);
#3517 = EDGE_CURVE('',#3510,#3518,#3520,.T.);
#3518 = VERTEX_POINT('',#3519);
#3519 = CARTESIAN_POINT('',(107.05,-31.2,3.295));
#3520 = LINE('',#3521,#3522);
#3521 = CARTESIAN_POINT('',(107.05,-31.2,1.595));
#3522 = VECTOR('',#3523,1.);
#3523 = DIRECTION('',(0.,0.,1.));
#3524 = ORIENTED_EDGE('',*,*,#3525,.F.);
#3525 = EDGE_CURVE('',#3502,#3518,#3526,.T.);
#3526 = LINE('',#3527,#3528);
#3527 = CARTESIAN_POINT('',(107.05,-38.2,3.295));
#3528 = VECTOR('',#3529,1.);
#3529 = DIRECTION('',(-0.,1.,0.));
#3530 = PLANE('',#3531);
#3531 = AXIS2_PLACEMENT_3D('',#3532,#3533,#3534);
#3532 = CARTESIAN_POINT('',(107.05,-38.2,1.595));
#3533 = DIRECTION('',(1.,0.,-0.));
#3534 = DIRECTION('',(0.,0.,1.));
#3535 = ADVANCED_FACE('',(#3536),#3552,.F.);
#3536 = FACE_BOUND('',#3537,.F.);
#3537 = EDGE_LOOP('',(#3538,#3544,#3545,#3551));
#3538 = ORIENTED_EDGE('',*,*,#3539,.F.);
#3539 = EDGE_CURVE('',#3460,#3500,#3540,.T.);
#3540 = LINE('',#3541,#3542);
#3541 = CARTESIAN_POINT('',(100.55,-38.2,1.595));
#3542 = VECTOR('',#3543,1.);
#3543 = DIRECTION('',(1.,0.,-0.));
#3544 = ORIENTED_EDGE('',*,*,#3459,.T.);
#3545 = ORIENTED_EDGE('',*,*,#3546,.T.);
#3546 = EDGE_CURVE('',#3462,#3502,#3547,.T.);
#3547 = LINE('',#3548,#3549);
#3548 = CARTESIAN_POINT('',(100.55,-38.2,3.295));
#3549 = VECTOR('',#3550,1.);
#3550 = DIRECTION('',(1.,0.,-0.));
#3551 = ORIENTED_EDGE('',*,*,#3499,.F.);
#3552 = PLANE('',#3553);
#3553 = AXIS2_PLACEMENT_3D('',#3554,#3555,#3556);
#3554 = CARTESIAN_POINT('',(100.55,-38.2,1.595));
#3555 = DIRECTION('',(-0.,1.,0.));
#3556 = DIRECTION('',(0.,0.,1.));
#3557 = ADVANCED_FACE('',(#3558),#3574,.T.);
#3558 = FACE_BOUND('',#3559,.T.);
#3559 = EDGE_LOOP('',(#3560,#3566,#3567,#3573));
#3560 = ORIENTED_EDGE('',*,*,#3561,.F.);
#3561 = EDGE_CURVE('',#3470,#3510,#3562,.T.);
#3562 = LINE('',#3563,#3564);
#3563 = CARTESIAN_POINT('',(100.55,-31.2,1.595));
#3564 = VECTOR('',#3565,1.);
#3565 = DIRECTION('',(1.,0.,-0.));
#3566 = ORIENTED_EDGE('',*,*,#3477,.T.);
#3567 = ORIENTED_EDGE('',*,*,#3568,.T.);
#3568 = EDGE_CURVE('',#3478,#3518,#3569,.T.);
#3569 = LINE('',#3570,#3571);
#3570 = CARTESIAN_POINT('',(100.55,-31.2,3.295));
#3571 = VECTOR('',#3572,1.);
#3572 = DIRECTION('',(1.,0.,-0.));
#3573 = ORIENTED_EDGE('',*,*,#3517,.F.);
#3574 = PLANE('',#3575);
#3575 = AXIS2_PLACEMENT_3D('',#3576,#3577,#3578);
#3576 = CARTESIAN_POINT('',(100.55,-31.2,1.595));
#3577 = DIRECTION('',(-0.,1.,0.));
#3578 = DIRECTION('',(0.,0.,1.));
#3579 = ADVANCED_FACE('',(#3580),#3586,.F.);
#3580 = FACE_BOUND('',#3581,.F.);
#3581 = EDGE_LOOP('',(#3582,#3583,#3584,#3585));
#3582 = ORIENTED_EDGE('',*,*,#3469,.F.);
#3583 = ORIENTED_EDGE('',*,*,#3539,.T.);
#3584 = ORIENTED_EDGE('',*,*,#3509,.T.);
#3585 = ORIENTED_EDGE('',*,*,#3561,.F.);
#3586 = PLANE('',#3587);
#3587 = AXIS2_PLACEMENT_3D('',#3588,#3589,#3590);
#3588 = CARTESIAN_POINT('',(100.55,-38.2,1.595));
#3589 = DIRECTION('',(0.,0.,1.));
#3590 = DIRECTION('',(1.,0.,-0.));
#3591 = ADVANCED_FACE('',(#3592),#3598,.T.);
#3592 = FACE_BOUND('',#3593,.T.);
#3593 = EDGE_LOOP('',(#3594,#3595,#3596,#3597));
#3594 = ORIENTED_EDGE('',*,*,#3485,.F.);
#3595 = ORIENTED_EDGE('',*,*,#3546,.T.);
#3596 = ORIENTED_EDGE('',*,*,#3525,.T.);
#3597 = ORIENTED_EDGE('',*,*,#3568,.F.);
#3598 = PLANE('',#3599);
#3599 = AXIS2_PLACEMENT_3D('',#3600,#3601,#3602);
#3600 = CARTESIAN_POINT('',(100.55,-38.2,3.295));
#3601 = DIRECTION('',(0.,0.,1.));
#3602 = DIRECTION('',(1.,0.,-0.));
#3603 = MANIFOLD_SOLID_BREP('',#3604);
#3604 = CLOSED_SHELL('',(#3605,#3645,#3685,#3707,#3729,#3741));
#3605 = ADVANCED_FACE('',(#3606),#3640,.F.);
#3606 = FACE_BOUND('',#3607,.F.);
#3607 = EDGE_LOOP('',(#3608,#3618,#3626,#3634));
#3608 = ORIENTED_EDGE('',*,*,#3609,.F.);
#3609 = EDGE_CURVE('',#3610,#3612,#3614,.T.);
#3610 = VERTEX_POINT('',#3611);
#3611 = CARTESIAN_POINT('',(128.5,-38.5,1.51));
#3612 = VERTEX_POINT('',#3613);
#3613 = CARTESIAN_POINT('',(128.5,-38.5,2.01));
#3614 = LINE('',#3615,#3616);
#3615 = CARTESIAN_POINT('',(128.5,-38.5,1.51));
#3616 = VECTOR('',#3617,1.);
#3617 = DIRECTION('',(0.,0.,1.));
#3618 = ORIENTED_EDGE('',*,*,#3619,.T.);
#3619 = EDGE_CURVE('',#3610,#3620,#3622,.T.);
#3620 = VERTEX_POINT('',#3621);
#3621 = CARTESIAN_POINT('',(128.5,-37.5,1.51));
#3622 = LINE('',#3623,#3624);
#3623 = CARTESIAN_POINT('',(128.5,-38.5,1.51));
#3624 = VECTOR('',#3625,1.);
#3625 = DIRECTION('',(-0.,1.,0.));
#3626 = ORIENTED_EDGE('',*,*,#3627,.T.);
#3627 = EDGE_CURVE('',#3620,#3628,#3630,.T.);
#3628 = VERTEX_POINT('',#3629);
#3629 = CARTESIAN_POINT('',(128.5,-37.5,2.01));
#3630 = LINE('',#3631,#3632);
#3631 = CARTESIAN_POINT('',(128.5,-37.5,1.51));
#3632 = VECTOR('',#3633,1.);
#3633 = DIRECTION('',(0.,0.,1.));
#3634 = ORIENTED_EDGE('',*,*,#3635,.F.);
#3635 = EDGE_CURVE('',#3612,#3628,#3636,.T.);
#3636 = LINE('',#3637,#3638);
#3637 = CARTESIAN_POINT('',(128.5,-38.5,2.01));
#3638 = VECTOR('',#3639,1.);
#3639 = DIRECTION('',(-0.,1.,0.));
#3640 = PLANE('',#3641);
#3641 = AXIS2_PLACEMENT_3D('',#3642,#3643,#3644);
#3642 = CARTESIAN_POINT('',(128.5,-38.5,1.51));
#3643 = DIRECTION('',(1.,0.,-0.));
#3644 = DIRECTION('',(0.,0.,1.));
#3645 = ADVANCED_FACE('',(#3646),#3680,.T.);
#3646 = FACE_BOUND('',#3647,.T.);
#3647 = EDGE_LOOP('',(#3648,#3658,#3666,#3674));
#3648 = ORIENTED_EDGE('',*,*,#3649,.F.);
#3649 = EDGE_CURVE('',#3650,#3652,#3654,.T.);
#3650 = VERTEX_POINT('',#3651);
#3651 = CARTESIAN_POINT('',(130.5,-38.5,1.51));
#3652 = VERTEX_POINT('',#3653);
#3653 = CARTESIAN_POINT('',(130.5,-38.5,2.01));
#3654 = LINE('',#3655,#3656);
#3655 = CARTESIAN_POINT('',(130.5,-38.5,1.51));
#3656 = VECTOR('',#3657,1.);
#3657 = DIRECTION('',(0.,0.,1.));
#3658 = ORIENTED_EDGE('',*,*,#3659,.T.);
#3659 = EDGE_CURVE('',#3650,#3660,#3662,.T.);
#3660 = VERTEX_POINT('',#3661);
#3661 = CARTESIAN_POINT('',(130.5,-37.5,1.51));
#3662 = LINE('',#3663,#3664);
#3663 = CARTESIAN_POINT('',(130.5,-38.5,1.51));
#3664 = VECTOR('',#3665,1.);
#3665 = DIRECTION('',(-0.,1.,0.));
#3666 = ORIENTED_EDGE('',*,*,#3667,.T.);
#3667 = EDGE_CURVE('',#3660,#3668,#3670,.T.);
#3668 = VERTEX_POINT('',#3669);
#3669 = CARTESIAN_POINT('',(130.5,-37.5,2.01));
#3670 = LINE('',#3671,#3672);
#3671 = CARTESIAN_POINT('',(130.5,-37.5,1.51));
#3672 = VECTOR('',#3673,1.);
#3673 = DIRECTION('',(0.,0.,1.));
#3674 = ORIENTED_EDGE('',*,*,#3675,.F.);
#3675 = EDGE_CURVE('',#3652,#3668,#3676,.T.);
#3676 = LINE('',#3677,#3678);
#3677 = CARTESIAN_POINT('',(130.5,-38.5,2.01));
#3678 = VECTOR('',#3679,1.);
#3679 = DIRECTION('',(-0.,1.,0.));
#3680 = PLANE('',#3681);
#3681 = AXIS2_PLACEMENT_3D('',#3682,#3683,#3684);
#3682 = CARTESIAN_POINT('',(130.5,-38.5,1.51));
#3683 = DIRECTION('',(1.,0.,-0.));
#3684 = DIRECTION('',(0.,0.,1.));
#3685 = ADVANCED_FACE('',(#3686),#3702,.F.);
#3686 = FACE_BOUND('',#3687,.F.);
#3687 = EDGE_LOOP('',(#3688,#3694,#3695,#3701));
#3688 = ORIENTED_EDGE('',*,*,#3689,.F.);
#3689 = EDGE_CURVE('',#3610,#3650,#3690,.T.);
#3690 = LINE('',#3691,#3692);
#3691 = CARTESIAN_POINT('',(128.5,-38.5,1.51));
#3692 = VECTOR('',#3693,1.);
#3693 = DIRECTION('',(1.,0.,-0.));
#3694 = ORIENTED_EDGE('',*,*,#3609,.T.);
#3695 = ORIENTED_EDGE('',*,*,#3696,.T.);
#3696 = EDGE_CURVE('',#3612,#3652,#3697,.T.);
#3697 = LINE('',#3698,#3699);
#3698 = CARTESIAN_POINT('',(128.5,-38.5,2.01));
#3699 = VECTOR('',#3700,1.);
#3700 = DIRECTION('',(1.,0.,-0.));
#3701 = ORIENTED_EDGE('',*,*,#3649,.F.);
#3702 = PLANE('',#3703);
#3703 = AXIS2_PLACEMENT_3D('',#3704,#3705,#3706);
#3704 = CARTESIAN_POINT('',(128.5,-38.5,1.51));
#3705 = DIRECTION('',(-0.,1.,0.));
#3706 = DIRECTION('',(0.,0.,1.));
#3707 = ADVANCED_FACE('',(#3708),#3724,.T.);
#3708 = FACE_BOUND('',#3709,.T.);
#3709 = EDGE_LOOP('',(#3710,#3716,#3717,#3723));
#3710 = ORIENTED_EDGE('',*,*,#3711,.F.);
#3711 = EDGE_CURVE('',#3620,#3660,#3712,.T.);
#3712 = LINE('',#3713,#3714);
#3713 = CARTESIAN_POINT('',(128.5,-37.5,1.51));
#3714 = VECTOR('',#3715,1.);
#3715 = DIRECTION('',(1.,0.,-0.));
#3716 = ORIENTED_EDGE('',*,*,#3627,.T.);
#3717 = ORIENTED_EDGE('',*,*,#3718,.T.);
#3718 = EDGE_CURVE('',#3628,#3668,#3719,.T.);
#3719 = LINE('',#3720,#3721);
#3720 = CARTESIAN_POINT('',(128.5,-37.5,2.01));
#3721 = VECTOR('',#3722,1.);
#3722 = DIRECTION('',(1.,0.,-0.));
#3723 = ORIENTED_EDGE('',*,*,#3667,.F.);
#3724 = PLANE('',#3725);
#3725 = AXIS2_PLACEMENT_3D('',#3726,#3727,#3728);
#3726 = CARTESIAN_POINT('',(128.5,-37.5,1.51));
#3727 = DIRECTION('',(-0.,1.,0.));
#3728 = DIRECTION('',(0.,0.,1.));
#3729 = ADVANCED_FACE('',(#3730),#3736,.F.);
#3730 = FACE_BOUND('',#3731,.F.);
#3731 = EDGE_LOOP('',(#3732,#3733,#3734,#3735));
#3732 = ORIENTED_EDGE('',*,*,#3619,.F.);
#3733 = ORIENTED_EDGE('',*,*,#3689,.T.);
#3734 = ORIENTED_EDGE('',*,*,#3659,.T.);
#3735 = ORIENTED_EDGE('',*,*,#3711,.F.);
#3736 = PLANE('',#3737);
#3737 = AXIS2_PLACEMENT_3D('',#3738,#3739,#3740);
#3738 = CARTESIAN_POINT('',(128.5,-38.5,1.51));
#3739 = DIRECTION('',(0.,0.,1.));
#3740 = DIRECTION('',(1.,0.,-0.));
#3741 = ADVANCED_FACE('',(#3742),#3748,.T.);
#3742 = FACE_BOUND('',#3743,.T.);
#3743 = EDGE_LOOP('',(#3744,#3745,#3746,#3747));
#3744 = ORIENTED_EDGE('',*,*,#3635,.F.);
#3745 = ORIENTED_EDGE('',*,*,#3696,.T.);
#3746 = ORIENTED_EDGE('',*,*,#3675,.T.);
#3747 = ORIENTED_EDGE('',*,*,#3718,.F.);
#3748 = PLANE('',#3749);
#3749 = AXIS2_PLACEMENT_3D('',#3750,#3751,#3752);
#3750 = CARTESIAN_POINT('',(128.5,-38.5,2.01));
#3751 = DIRECTION('',(0.,0.,1.));
#3752 = DIRECTION('',(1.,0.,-0.));
#3753 = MANIFOLD_SOLID_BREP('',#3754);
#3754 = CLOSED_SHELL('',(#3755,#3795,#3835,#3857,#3879,#3891));
#3755 = ADVANCED_FACE('',(#3756),#3790,.F.);
#3756 = FACE_BOUND('',#3757,.F.);
#3757 = EDGE_LOOP('',(#3758,#3768,#3776,#3784));
#3758 = ORIENTED_EDGE('',*,*,#3759,.F.);
#3759 = EDGE_CURVE('',#3760,#3762,#3764,.T.);
#3760 = VERTEX_POINT('',#3761);
#3761 = CARTESIAN_POINT('',(125.2,-38.5,1.51));
#3762 = VERTEX_POINT('',#3763);
#3763 = CARTESIAN_POINT('',(125.2,-38.5,2.01));
#3764 = LINE('',#3765,#3766);
#3765 = CARTESIAN_POINT('',(125.2,-38.5,1.51));
#3766 = VECTOR('',#3767,1.);
#3767 = DIRECTION('',(0.,0.,1.));
#3768 = ORIENTED_EDGE('',*,*,#3769,.T.);
#3769 = EDGE_CURVE('',#3760,#3770,#3772,.T.);
#3770 = VERTEX_POINT('',#3771);
#3771 = CARTESIAN_POINT('',(125.2,-37.5,1.51));
#3772 = LINE('',#3773,#3774);
#3773 = CARTESIAN_POINT('',(125.2,-38.5,1.51));
#3774 = VECTOR('',#3775,1.);
#3775 = DIRECTION('',(-0.,1.,0.));
#3776 = ORIENTED_EDGE('',*,*,#3777,.T.);
#3777 = EDGE_CURVE('',#3770,#3778,#3780,.T.);
#3778 = VERTEX_POINT('',#3779);
#3779 = CARTESIAN_POINT('',(125.2,-37.5,2.01));
#3780 = LINE('',#3781,#3782);
#3781 = CARTESIAN_POINT('',(125.2,-37.5,1.51));
#3782 = VECTOR('',#3783,1.);
#3783 = DIRECTION('',(0.,0.,1.));
#3784 = ORIENTED_EDGE('',*,*,#3785,.F.);
#3785 = EDGE_CURVE('',#3762,#3778,#3786,.T.);
#3786 = LINE('',#3787,#3788);
#3787 = CARTESIAN_POINT('',(125.2,-38.5,2.01));
#3788 = VECTOR('',#3789,1.);
#3789 = DIRECTION('',(-0.,1.,0.));
#3790 = PLANE('',#3791);
#3791 = AXIS2_PLACEMENT_3D('',#3792,#3793,#3794);
#3792 = CARTESIAN_POINT('',(125.2,-38.5,1.51));
#3793 = DIRECTION('',(1.,0.,-0.));
#3794 = DIRECTION('',(0.,0.,1.));
#3795 = ADVANCED_FACE('',(#3796),#3830,.T.);
#3796 = FACE_BOUND('',#3797,.T.);
#3797 = EDGE_LOOP('',(#3798,#3808,#3816,#3824));
#3798 = ORIENTED_EDGE('',*,*,#3799,.F.);
#3799 = EDGE_CURVE('',#3800,#3802,#3804,.T.);
#3800 = VERTEX_POINT('',#3801);
#3801 = CARTESIAN_POINT('',(127.2,-38.5,1.51));
#3802 = VERTEX_POINT('',#3803);
#3803 = CARTESIAN_POINT('',(127.2,-38.5,2.01));
#3804 = LINE('',#3805,#3806);
#3805 = CARTESIAN_POINT('',(127.2,-38.5,1.51));
#3806 = VECTOR('',#3807,1.);
#3807 = DIRECTION('',(0.,0.,1.));
#3808 = ORIENTED_EDGE('',*,*,#3809,.T.);
#3809 = EDGE_CURVE('',#3800,#3810,#3812,.T.);
#3810 = VERTEX_POINT('',#3811);
#3811 = CARTESIAN_POINT('',(127.2,-37.5,1.51));
#3812 = LINE('',#3813,#3814);
#3813 = CARTESIAN_POINT('',(127.2,-38.5,1.51));
#3814 = VECTOR('',#3815,1.);
#3815 = DIRECTION('',(-0.,1.,0.));
#3816 = ORIENTED_EDGE('',*,*,#3817,.T.);
#3817 = EDGE_CURVE('',#3810,#3818,#3820,.T.);
#3818 = VERTEX_POINT('',#3819);
#3819 = CARTESIAN_POINT('',(127.2,-37.5,2.01));
#3820 = LINE('',#3821,#3822);
#3821 = CARTESIAN_POINT('',(127.2,-37.5,1.51));
#3822 = VECTOR('',#3823,1.);
#3823 = DIRECTION('',(0.,0.,1.));
#3824 = ORIENTED_EDGE('',*,*,#3825,.F.);
#3825 = EDGE_CURVE('',#3802,#3818,#3826,.T.);
#3826 = LINE('',#3827,#3828);
#3827 = CARTESIAN_POINT('',(127.2,-38.5,2.01));
#3828 = VECTOR('',#3829,1.);
#3829 = DIRECTION('',(-0.,1.,0.));
#3830 = PLANE('',#3831);
#3831 = AXIS2_PLACEMENT_3D('',#3832,#3833,#3834);
#3832 = CARTESIAN_POINT('',(127.2,-38.5,1.51));
#3833 = DIRECTION('',(1.,0.,-0.));
#3834 = DIRECTION('',(0.,0.,1.));
#3835 = ADVANCED_FACE('',(#3836),#3852,.F.);
#3836 = FACE_BOUND('',#3837,.F.);
#3837 = EDGE_LOOP('',(#3838,#3844,#3845,#3851));
#3838 = ORIENTED_EDGE('',*,*,#3839,.F.);
#3839 = EDGE_CURVE('',#3760,#3800,#3840,.T.);
#3840 = LINE('',#3841,#3842);
#3841 = CARTESIAN_POINT('',(125.2,-38.5,1.51));
#3842 = VECTOR('',#3843,1.);
#3843 = DIRECTION('',(1.,0.,-0.));
#3844 = ORIENTED_EDGE('',*,*,#3759,.T.);
#3845 = ORIENTED_EDGE('',*,*,#3846,.T.);
#3846 = EDGE_CURVE('',#3762,#3802,#3847,.T.);
#3847 = LINE('',#3848,#3849);
#3848 = CARTESIAN_POINT('',(125.2,-38.5,2.01));
#3849 = VECTOR('',#3850,1.);
#3850 = DIRECTION('',(1.,0.,-0.));
#3851 = ORIENTED_EDGE('',*,*,#3799,.F.);
#3852 = PLANE('',#3853);
#3853 = AXIS2_PLACEMENT_3D('',#3854,#3855,#3856);
#3854 = CARTESIAN_POINT('',(125.2,-38.5,1.51));
#3855 = DIRECTION('',(-0.,1.,0.));
#3856 = DIRECTION('',(0.,0.,1.));
#3857 = ADVANCED_FACE('',(#3858),#3874,.T.);
#3858 = FACE_BOUND('',#3859,.T.);
#3859 = EDGE_LOOP('',(#3860,#3866,#3867,#3873));
#3860 = ORIENTED_EDGE('',*,*,#3861,.F.);
#3861 = EDGE_CURVE('',#3770,#3810,#3862,.T.);
#3862 = LINE('',#3863,#3864);
#3863 = CARTESIAN_POINT('',(125.2,-37.5,1.51));
#3864 = VECTOR('',#3865,1.);
#3865 = DIRECTION('',(1.,0.,-0.));
#3866 = ORIENTED_EDGE('',*,*,#3777,.T.);
#3867 = ORIENTED_EDGE('',*,*,#3868,.T.);
#3868 = EDGE_CURVE('',#3778,#3818,#3869,.T.);
#3869 = LINE('',#3870,#3871);
#3870 = CARTESIAN_POINT('',(125.2,-37.5,2.01));
#3871 = VECTOR('',#3872,1.);
#3872 = DIRECTION('',(1.,0.,-0.));
#3873 = ORIENTED_EDGE('',*,*,#3817,.F.);
#3874 = PLANE('',#3875);
#3875 = AXIS2_PLACEMENT_3D('',#3876,#3877,#3878);
#3876 = CARTESIAN_POINT('',(125.2,-37.5,1.51));
#3877 = DIRECTION('',(-0.,1.,0.));
#3878 = DIRECTION('',(0.,0.,1.));
#3879 = ADVANCED_FACE('',(#3880),#3886,.F.);
#3880 = FACE_BOUND('',#3881,.F.);
#3881 = EDGE_LOOP('',(#3882,#3883,#3884,#3885));
#3882 = ORIENTED_EDGE('',*,*,#3769,.F.);
#3883 = ORIENTED_EDGE('',*,*,#3839,.T.);
#3884 = ORIENTED_EDGE('',*,*,#3809,.T.);
#3885 = ORIENTED_EDGE('',*,*,#3861,.F.);
#3886 = PLANE('',#3887);
#3887 = AXIS2_PLACEMENT_3D('',#3888,#3889,#3890);
#3888 = CARTESIAN_POINT('',(125.2,-38.5,1.51));
#3889 = DIRECTION('',(0.,0.,1.));
#3890 = DIRECTION('',(1.,0.,-0.));
#3891 = ADVANCED_FACE('',(#3892),#3898,.T.);
#3892 = FACE_BOUND('',#3893,.T.);
#3893 = EDGE_LOOP('',(#3894,#3895,#3896,#3897));
#3894 = ORIENTED_EDGE('',*,*,#3785,.F.);
#3895 = ORIENTED_EDGE('',*,*,#3846,.T.);
#3896 = ORIENTED_EDGE('',*,*,#3825,.T.);
#3897 = ORIENTED_EDGE('',*,*,#3868,.F.);
#3898 = PLANE('',#3899);
#3899 = AXIS2_PLACEMENT_3D('',#3900,#3901,#3902);
#3900 = CARTESIAN_POINT('',(125.2,-38.5,2.01));
#3901 = DIRECTION('',(0.,0.,1.));
#3902 = DIRECTION('',(1.,0.,-0.));
#3903 = ( GEOMETRIC_REPRESENTATION_CONTEXT(3) 
GLOBAL_UNCERTAINTY_ASSIGNED_CONTEXT((#3907)) 
GLOBAL_UNIT_ASSIGNED_CONTEXT((#3904,#3905,#3906)) REPRESENTATION_CONTEXT
('Context #1','3D Context with UNIT and UNCERTAINTY') );
#3904 = ( LENGTH_UNIT() NAMED_UNIT(*) SI_UNIT(.MILLI.,.METRE.) );
#3905 = ( NAMED_UNIT(*) PLANE_ANGLE_UNIT() SI_UNIT($,.RADIAN.) );
#3906 = ( NAMED_UNIT(*) SI_UNIT($,.STERADIAN.) SOLID_ANGLE_UNIT() );
#3907 = UNCERTAINTY_MEASURE_WITH_UNIT(LENGTH_MEASURE(1.E-07),#3904,
  'distance_accuracy_value','confusion accuracy');
#3908 = PRODUCT_RELATED_PRODUCT_CATEGORY('part',$,(#7));
ENDSEC;
END-ISO-10303-21;
